grid_version,workload,SLA,candidate,L,physical_id,abstention,recommendation_under_incomplete_coverage,A_R,J_R,N,K,safe_R,reference_status,ttft_fail,tpot_fail,both_fail,joint_fail,joint_fail_fraction,ttft_fail_fraction,tpot_fail_over_N,attainment_shortfall,excess_fail_count,B,U,arithmetic_loss,safe_usable_loss,loss_na_reason,actual_na_reason,candidate_loss,load_selection_loss,N_D,tpot_fail_fraction,tpot_fraction_na_reason
G0,h101,S1,,0,,abstain_unknown,True,,,,,,,,,,,,,,,,0,0,,,reference no positive capacity,abstention,,,,,abstention
G0,h101,S2,,0,,abstain_unknown,True,,,,,,,,,,,,,,,,0,0,,,reference no positive capacity,abstention,,,,,abstention
G0,h101,S3,,0,,abstain_unknown,True,,,,,,,,,,,,,,,,0,0,,,reference no positive capacity,abstention,,,,,abstention
G0,h101,S4,-1,0.064,a453016d7b9238c8ae2d874220f4e587b39a5d2e3af2acfdac8d57f04c6466bf,,True,1.0,16,16,15,True,classified,0,0,0,0,0.0,0.0,0.0,0,0,0.064,0.064,0.0,0.0,,,0.0,0.0,16,0.0,
G0,h101,S5,0,0.064,067b8ca18db62a156fea33616e3560a1418e2eff362b083065486af04b1134e9,,True,1.0,16,16,15,True,classified,0,0,0,0,0.0,0.0,0.0,0,0,0.256,0.064,0.75,0.75,,,0.75,0.0,16,0.0,
G0,h101,S6,0,0.6088740429,e75bb5430f9d981bcad02221d7bf06283ee95e5cf0e3168d1dc9a8ce521e2518,,True,1.0,16,16,15,True,classified,0,0,0,0,0.0,0.0,0.0,0,0,3.4443117169,0.6088740429,0.8232233046990277,0.8232233046990277,,,0.0,0.8232233046990277,16,0.0,
G0,h102,S1,,0,,abstain_unknown,True,,,,,,,,,,,,,,,,0,0,,,reference no positive capacity,abstention,,,,,abstention
G0,h102,S2,,0,,abstain_unknown,True,,,,,,,,,,,,,,,,0,0,,,reference no positive capacity,abstention,,,,,abstention
G0,h102,S3,,0,,abstain_unknown,True,,,,,,,,,,,,,,,,0,0,,,reference no positive capacity,abstention,,,,,abstention
G0,h102,S4,0,0.064,acc7d03e63add839982c3ac05843765e155b3d0cdf4a1f52ac07a9eeacf25cb1,,True,0.9814814814814815,53,54,49,True,classified,0,1,0,1,0.018518518518518517,0.0,0.018518518518518517,0,0,0.064,0.064,0.0,0.0,,,0.0,0.0,54,0.018518518518518517,
G0,h102,S5,0,0.064,acc7d03e63add839982c3ac05843765e155b3d0cdf4a1f52ac07a9eeacf25cb1,,True,1.0,54,54,49,True,classified,0,0,0,0,0.0,0.0,0.0,0,0,0.064,0.064,0.0,0.0,,,0.0,0.0,54,0.0,
G0,h102,S6,0,0.4305389646,b576e33cd9991795e59bca5351fe8285816943acafa866ee069ba6fb39251d48,,True,0.9629629629629629,52,54,49,True,classified,1,1,0,2,0.037037037037037035,0.018518518518518517,0.018518518518518517,0,0,0.4305389646,0.4305389646,0.0,0.0,,,0.0,0.0,54,0.018518518518518517,
G0,h103,S1,,0,,abstain_unknown,True,,,,,,,,,,,,,,,,0,0,,,reference no positive capacity,abstention,,,,,abstention
G0,h103,S2,,0,,abstain_unknown,True,,,,,,,,,,,,,,,,0,0,,,reference no positive capacity,abstention,,,,,abstention
G0,h103,S3,,0,,abstain_unknown,True,,,,,,,,,,,,,,,,0,0,,,reference no positive capacity,abstention,,,,,abstention
G0,h103,S4,-1,0.064,46533caea83a5373fc4a23ccf860663d30e9d3ff66132041c7dd7ba437a52cc1,,True,0.9333333333333333,14,15,14,True,classified,0,1,0,1,0.06666666666666667,0.0,0.06666666666666667,0,0,0.064,0.064,0.0,0.0,,,0.0,0.0,15,0.06666666666666667,
G0,h103,S5,0,0.064,55990ee6f7821277d5e0fa1794d1e6210eeeca4fde410ed2232d7a6521e6371d,,True,1.0,15,15,14,True,classified,0,0,0,0,0.0,0.0,0.0,0,0,0.064,0.064,0.0,0.0,,,0.0,0.0,15,0.0,
G0,h103,S6,0,0.512,e96216757b724ed0a1e98446b0fecf560fc3a88f858931bb8cc2ce3fc4525ba6,,True,1.0,15,15,14,True,classified,0,0,0,0,0.0,0.0,0.0,0,0,0.7240773439,0.512,0.2928932187792487,0.2928932187792487,,,0.0,0.2928932187792487,15,0.0,
G0,h104,S1,,0,,abstain_unknown,True,,,,,,,,,,,,,,,,0,0,,,reference no positive capacity,abstention,,,,,abstention
G0,h104,S2,,0,,abstain_unknown,True,,,,,,,,,,,,,,,,0,0,,,reference no positive capacity,abstention,,,,,abstention
G0,h104,S3,,0,,abstain_unknown,True,,,,,,,,,,,,,,,,0,0,,,reference no positive capacity,abstention,,,,,abstention
G0,h104,S4,-2,0.064,a87b323a1bff83bcc00244960331296f0b0590a15f2a06e81695862384cbb94f,,True,0.9876543209876543,80,81,73,True,classified,0,1,0,1,0.012345679012345678,0.0,0.012345679012345678,0,0,0.064,0.064,0.0,0.0,,,0.0,0.0,81,0.012345679012345678,
G0,h104,S5,0,0.064,59df57117b4ff4b649c8dbd21848859f1b3de1ece0ec8abaf990557e2df40636,,True,1.0,81,81,73,True,classified,0,0,0,0,0.0,0.0,0.0,0,0,0.064,0.064,0.0,0.0,,,0.0,0.0,81,0.0,
G0,h104,S6,0,0.3044370215,a669b9c7878af1395d331fd27d8976f16e00b04c835e43ed70f91d94436ff9b1,,True,0.9382716049382716,76,81,73,True,classified,0,5,0,5,0.06172839506172839,0.0,0.06172839506172839,0,0,0.3044370215,0.3044370215,0.0,0.0,,,0.0,0.0,81,0.06172839506172839,
G0,h105,S1,,0,,abstain_unknown,True,,,,,,,,,,,,,,,,0,0,,,reference no positive capacity,abstention,,,,,abstention
G0,h105,S2,,0,,abstain_unknown,True,,,,,,,,,,,,,,,,0,0,,,reference no positive capacity,abstention,,,,,abstention
G0,h105,S3,,0,,abstain_unknown,True,,,,,,,,,,,,,,,,0,0,,,reference no positive capacity,abstention,,,,,abstention
G0,h105,S4,0,0.064,b7921af5d2685ead75b08de76afd82494ccdbef0db22696d684ca838d57b5bed,,True,1.0,14,14,13,True,classified,0,0,0,0,0.0,0.0,0.0,0,0,0.064,0.064,0.0,0.0,,,0.0,0.0,14,0.0,
G0,h105,S5,0,0.256,d4dca59700c1e918a0b694c0627286abb6b8b4f26a095d19e34843717ac61b7a,,True,1.0,14,14,13,True,classified,0,0,0,0,0.0,0.0,0.0,0,0,5.7926187515,0.256,0.9558058261759919,0.9558058261759919,,,0.9558058261759919,0.0,14,0.0,
G0,h105,S6,0,0.7240773439,e553738d3c60123d3b43d9594202de101520bdebdcd497a4a6659fc889fc7065,,True,0.9285714285714286,13,14,13,True,classified,0,1,0,1,0.07142857142857142,0.0,0.07142857142857142,0,0,65.536,0.7240773439,0.9889514565444947,0.9889514565444947,,,0.0,0.9889514565444946,14,0.07142857142857142,
G0,h106,S1,,0,,abstain_unknown,True,,,,,,,,,,,,,,,,0,0,,,reference no positive capacity,abstention,,,,,abstention
G0,h106,S2,,0,,abstain_unknown,True,,,,,,,,,,,,,,,,0,0,,,reference no positive capacity,abstention,,,,,abstention
G0,h106,S3,,0,,abstain_unknown,True,,,,,,,,,,,,,,,,0,0,,,reference no positive capacity,abstention,,,,,abstention
G0,h106,S4,-2,0.1076347412,b4623401b01a5bce3fda01c55d68e64b9261c7a19b3ee35d31c3df498db56878,,True,1.0,49,49,45,True,classified,0,0,0,0,0.0,0.0,0.0,0,0,0.1522185107,0.1076347412,0.2928932184067151,0.2928932184067151,,,0.0,0.2928932184067152,49,0.0,
G0,h106,S5,-2,0.2248002765,d0e38d676dc8c0801e477776b45620ca456761441a63d4aaed2a2429ea9e407b,,True,0.8979591836734694,44,49,45,False,classified,1,4,0,5,0.10204081632653061,0.02040816326530612,0.08163265306122448,0.0020408163265306367,1,0.2199832701,0,-0.021897148805044564,1.0,,,0.0,-0.0218971488050446,49,0.08163265306122448,
G0,h106,S6,0,0.362038672,a33f443decf662067cbe81786a1625eee71fe0a3043af0907489b15d48ab328f,,True,1.0,49,49,45,True,classified,0,0,0,0,0.0,0.0,0.0,0,0,0.512,0.362038672,0.29289321874999996,0.29289321874999996,,,0.0,0.29289321875,49,0.0,
G0,w201,S1,,0,,abstain_unknown,True,,,,,,,,,,,,,,,,0,0,,,reference no positive capacity,abstention,,,,,abstention
G0,w201,S2,,0,,abstain_unknown,True,,,,,,,,,,,,,,,,0,0,,,reference no positive capacity,abstention,,,,,abstention
G0,w201,S3,,0,,abstain_unknown,True,,,,,,,,,,,,,,,,0,0,,,reference no positive capacity,abstention,,,,,abstention
G0,w201,S4,0,0.064,b06f54e3ffa7759b7ac3a90c1c3725348f26233a193ae208ced0715d59bc985e,,True,1.0,13,13,12,True,classified,0,0,0,0,0.0,0.0,0.0,0,0,0.064,0.064,0.0,0.0,,,0.0,0.0,13,0.0,
G0,w201,S5,0,0.256,0e4df6bd8b1f73d079434fd17b5d971e30a7ef9de523de2c120d03f95b318f1e,,True,0.9230769230769231,12,13,12,True,classified,0,1,0,1,0.07692307692307693,0.0,0.07692307692307693,0,0,0.256,0.256,0.0,0.0,,,0.0,0.0,13,0.07692307692307693,
G0,w201,S6,0,0.7240773439,6a6fc55059819e81a538939e036f068a322919105e2240278bca27cefc787b15,,True,0.9230769230769231,12,13,12,True,classified,0,1,0,1,0.07692307692307693,0.0,0.07692307692307693,0,0,16.384,0.7240773439,0.9558058261779785,0.9558058261779785,,,0.5,0.4558058261779785,13,0.07692307692307693,
G0,w202,S1,,0,,abstain_unknown,True,,,,,,,,,,,,,,,,0,0,,,reference no positive capacity,abstention,,,,,abstention
G0,w202,S2,,0,,abstain_unknown,True,,,,,,,,,,,,,,,,0,0,,,reference no positive capacity,abstention,,,,,abstention
G0,w202,S3,,0,,abstain_unknown,True,,,,,,,,,,,,,,,,0,0,,,reference no positive capacity,abstention,,,,,abstention
G0,w202,S4,-1,0.090509668,faacadd55cdfb3a1a35fc3e5cd7a70a3928f80ad0257461a982ebc90974318c3,,True,1.0,48,48,44,True,classified,0,0,0,0,0.0,0.0,0.0,0,0,0.128,0.090509668,0.29289321874999996,0.29289321874999996,,,0.29289321874999996,0.0,48,0.0,
G0,w202,S5,0,0.181019336,8f581d3ef88caab03f2e51dfb12c0c8b3a3ccc8f582f8b5be97d36e58bb4bf5b,,True,0.9166666666666666,44,48,44,True,classified,1,4,1,4,0.08333333333333333,0.020833333333333332,0.08333333333333333,0,0,0.181019336,0.181019336,0.0,0.0,,,0.0,0.0,48,0.08333333333333333,
G0,w202,S6,0,0.256,6b502ea11d6f8100fe4398ef06250cbc5c25e3dc5634ef157d7f756ab1c5cac2,,True,1.0,48,48,44,True,classified,0,0,0,0,0.0,0.0,0.0,0,0,0.512,0.256,0.5,0.5,,,0.29289321874999996,0.20710678125,48,0.0,
G0,w203,S1,,0,,abstain_no_safe,False,,,,,,,,,,,,,,,,0,0,,,reference no positive capacity,abstention,,,,,abstention
G0,w203,S2,,0,,abstain_no_safe,False,,,,,,,,,,,,,,,,0,0,,,reference no positive capacity,abstention,,,,,abstention
G0,w203,S3,,0,,abstain_no_safe,False,,,,,,,,,,,,,,,,0,0,,,reference no positive capacity,abstention,,,,,abstention
G0,w203,S4,0,0.256,c225d9f3ca5f471e09abb1d56738bd9214ed2baf7bfd7d9c71fbf14a6f7ca55a,,False,1.0,5,5,5,True,classified,0,0,0,0,0.0,0.0,0.0,0,0,65.536,0.256,0.99609375,0.99609375,,,0.0,0.99609375,5,0.0,
G0,w203,S5,0,2.048,aa2026f935ade2b01d6e0d24b910091b09f3dbe09578f6af8821969ce9e208f8,,False,1.0,5,5,5,True,classified,0,0,0,0,0.0,0.0,0.0,0,0,65.536,2.048,0.96875,0.96875,,,0.0,0.96875,5,0.0,
G0,w203,S6,0,2.048,aa2026f935ade2b01d6e0d24b910091b09f3dbe09578f6af8821969ce9e208f8,,False,1.0,5,5,5,True,classified,0,0,0,0,0.0,0.0,0.0,0,0,65.536,2.048,0.96875,0.96875,,,0.0,0.96875,5,0.0,
G0,w204,S1,,0,,abstain_unknown,True,,,,,,,,,,,,,,,,0,0,,,reference no positive capacity,abstention,,,,,abstention
G0,w204,S2,,0,,abstain_unknown,True,,,,,,,,,,,,,,,,0,0,,,reference no positive capacity,abstention,,,,,abstention
G0,w204,S3,,0,,abstain_unknown,True,,,,,,,,,,,,,,,,0,0,,,reference no positive capacity,abstention,,,,,abstention
G0,w204,S4,0,0.064,90b0bfc48552e935e0e775abde1acdf68cbed8c8c5e860ef4978fca0e30648c3,,True,1.0,44,44,40,True,classified,0,0,0,0,0.0,0.0,0.0,0,0,0.064,0.064,0.0,0.0,,,0.0,0.0,44,0.0,
G0,w204,S5,-2,0.256,8acbdc8599ee98ce7236988d9cdb6de108e5f7abdde63bf80cbe5c7ef290de10,,True,0.9318181818181818,41,44,40,True,classified,0,3,0,3,0.06818181818181818,0.0,0.06818181818181818,0,0,0.256,0.256,0.0,0.0,,,0.0,0.0,44,0.06818181818181818,
G0,w204,S6,0,0.362038672,89c4d108cab3d47abde4a0b4096624cd22faf5256c841b7d3d86d382a7b52298,,True,1.0,44,44,40,True,classified,0,0,0,0,0.0,0.0,0.0,0,0,0.512,0.362038672,0.29289321874999996,0.29289321874999996,,,0.0,0.29289321875,44,0.0,
