workload,SLA,N,required_pass_count,matched_candidate_count,matched_points,runtime_ratio_median,runtime_ratio_P95,runtime_ratio_min,runtime_ratio_max,cost_pass,cost_na_reason,G0_nontrivial_service_pass,G0_paired_relevant_coverage_pass,G0_zero_observed_optimistic_pass,G0_sampled_capacity_pass,G0_request_error_pass,G0_original_recommendation_pass,G0_service_relevant_points,G0_paired_relevant_points,G0_O,G0_approved_decidable,G0_optimistic_approval_fraction,G0_unverified_approvals,G0_E_approval_coverage,G0_all_capacities_identified,G0_max_absolute_relative_capacity_gap,G0_B_R,G0_E_L,G0_R_attainment,G0_recommendation_safe,G0_safe_usable_loss,G0_right_censored_candidates,G0_NA_reasons,G0_capacity_bounds,G0_TTFT_P90_normalized_absolute,G0_TTFT_median_signed_normalized,G0_TTFT_valid_points,G0_TTFT_na_reason,G0_TPOT_P90_normalized_absolute,G0_TPOT_median_signed_normalized,G0_TPOT_valid_points,G0_TPOT_na_reason,G1_nontrivial_service_pass,G1_paired_relevant_coverage_pass,G1_zero_observed_optimistic_pass,G1_sampled_capacity_pass,G1_request_error_pass,G1_original_recommendation_pass,G1_service_relevant_points,G1_paired_relevant_points,G1_O,G1_approved_decidable,G1_optimistic_approval_fraction,G1_unverified_approvals,G1_E_approval_coverage,G1_all_capacities_identified,G1_max_absolute_relative_capacity_gap,G1_B_R,G1_E_L,G1_R_attainment,G1_recommendation_safe,G1_safe_usable_loss,G1_right_censored_candidates,G1_NA_reasons,G1_capacity_bounds,G1_TTFT_P90_normalized_absolute,G1_TTFT_median_signed_normalized,G1_TTFT_valid_points,G1_TTFT_na_reason,G1_TPOT_P90_normalized_absolute,G1_TPOT_median_signed_normalized,G1_TPOT_valid_points,G1_TPOT_na_reason,screen_status,failed_or_unassessed_dimensions
h101,S1,16,15,5,30,527.5735780918778,686.0235399088482,240.32013918282797,691.6719348576554,True,,False,,True,,,,0,0,0,0,,0,0.0,False,,0,0,,,,0,"{""paired_relevant_coverage"":""no applicable or identifiable evidence"",""sampled_capacity"":""no applicable or identifiable evidence"",""request_error"":""no applicable or identifiable evidence"",""original_recommendation"":""no applicable or identifiable evidence""}","{""E"":{""-2"":[0,65.536],""-1"":[0,65.536],""0"":[0,65.536],""1"":[0,65.536],""2"":[0,65.536]},""R"":{""-2"":[0,0],""-1"":[0,0],""0"":[0,0],""1"":[0,0],""2"":[0,0]}}",,,0,empty applicable subset,,,0,empty applicable subset,False,,True,,,,0,0,0,0,,0,0.0,False,,0,0,,,,0,"{""paired_relevant_coverage"":""no applicable or identifiable evidence"",""sampled_capacity"":""no applicable or identifiable evidence"",""request_error"":""no applicable or identifiable evidence"",""original_recommendation"":""no applicable or identifiable evidence""}","{""E"":{""-2"":[0,65.536],""-1"":[0,65.536],""0"":[0,65.536],""1"":[0,65.536],""2"":[0,65.536]},""R"":{""-2"":[0,0],""-1"":[0,0],""0"":[0,0],""1"":[0,0],""2"":[0,0]}}",,,0,empty applicable subset,,,0,empty applicable subset,fail,"[""G0:nontrivial_service failed"",""G0:paired_relevant_coverage not-assessable"",""G0:sampled_capacity not-assessable"",""G0:request_error not-assessable"",""G0:original_recommendation not-assessable"",""G1:nontrivial_service failed"",""G1:paired_relevant_coverage not-assessable"",""G1:sampled_capacity not-assessable"",""G1:request_error not-assessable"",""G1:original_recommendation not-assessable""]"
h101,S2,16,15,5,30,527.5735780918778,686.0235399088482,240.32013918282797,691.6719348576554,True,,False,,True,,,,0,0,0,0,,0,0.0,False,,0,0,,,,0,"{""paired_relevant_coverage"":""no applicable or identifiable evidence"",""sampled_capacity"":""no applicable or identifiable evidence"",""request_error"":""no applicable or identifiable evidence"",""original_recommendation"":""no applicable or identifiable evidence""}","{""E"":{""-2"":[0,65.536],""-1"":[0,65.536],""0"":[0,65.536],""1"":[0,65.536],""2"":[0,65.536]},""R"":{""-2"":[0,0],""-1"":[0,0],""0"":[0,0],""1"":[0,0],""2"":[0,0]}}",,,0,empty applicable subset,,,0,empty applicable subset,False,,True,,,,0,0,0,0,,0,0.0,False,,0,0,,,,0,"{""paired_relevant_coverage"":""no applicable or identifiable evidence"",""sampled_capacity"":""no applicable or identifiable evidence"",""request_error"":""no applicable or identifiable evidence"",""original_recommendation"":""no applicable or identifiable evidence""}","{""E"":{""-2"":[0,65.536],""-1"":[0,65.536],""0"":[0,65.536],""1"":[0,65.536],""2"":[0,65.536]},""R"":{""-2"":[0,0],""-1"":[0,0],""0"":[0,0],""1"":[0,0],""2"":[0,0]}}",,,0,empty applicable subset,,,0,empty applicable subset,fail,"[""G0:nontrivial_service failed"",""G0:paired_relevant_coverage not-assessable"",""G0:sampled_capacity not-assessable"",""G0:request_error not-assessable"",""G0:original_recommendation not-assessable"",""G1:nontrivial_service failed"",""G1:paired_relevant_coverage not-assessable"",""G1:sampled_capacity not-assessable"",""G1:request_error not-assessable"",""G1:original_recommendation not-assessable""]"
h101,S3,16,15,5,30,527.5735780918778,686.0235399088482,240.32013918282797,691.6719348576554,True,,False,,True,,,,0,0,0,0,,0,0.0,False,,0,0,,,,0,"{""paired_relevant_coverage"":""no applicable or identifiable evidence"",""sampled_capacity"":""no applicable or identifiable evidence"",""request_error"":""no applicable or identifiable evidence"",""original_recommendation"":""no applicable or identifiable evidence""}","{""E"":{""-2"":[0,65.536],""-1"":[0,65.536],""0"":[0,65.536],""1"":[0,65.536],""2"":[0,65.536]},""R"":{""-2"":[0,0],""-1"":[0,0],""0"":[0,0],""1"":[0,0],""2"":[0,0]}}",,,0,empty applicable subset,,,0,empty applicable subset,False,,True,,,,0,0,0,0,,0,0.0,False,,0,0,,,,0,"{""paired_relevant_coverage"":""no applicable or identifiable evidence"",""sampled_capacity"":""no applicable or identifiable evidence"",""request_error"":""no applicable or identifiable evidence"",""original_recommendation"":""no applicable or identifiable evidence""}","{""E"":{""-2"":[0,65.536],""-1"":[0,65.536],""0"":[0,65.536],""1"":[0,65.536],""2"":[0,65.536]},""R"":{""-2"":[0,0],""-1"":[0,0],""0"":[0,0],""1"":[0,0],""2"":[0,0]}}",,,0,empty applicable subset,,,0,empty applicable subset,fail,"[""G0:nontrivial_service failed"",""G0:paired_relevant_coverage not-assessable"",""G0:sampled_capacity not-assessable"",""G0:request_error not-assessable"",""G0:original_recommendation not-assessable"",""G1:nontrivial_service failed"",""G1:paired_relevant_coverage not-assessable"",""G1:sampled_capacity not-assessable"",""G1:request_error not-assessable"",""G1:original_recommendation not-assessable""]"
h101,S4,16,15,5,30,527.5735780918778,686.0235399088482,240.32013918282797,691.6719348576554,True,,True,True,True,,True,True,143,143,0,142,0.0,0,0.37866666666666665,False,,0.064,0.064,1.0,True,0.0,0,"{""sampled_capacity"":""no applicable or identifiable evidence""}","{""E"":{""-2"":[0.064,65.536],""-1"":[0.064,65.536],""0"":[0.032,65.536],""1"":[0.032,65.536],""2"":[0.032,65.536]},""R"":{""-2"":[0.064,0.064],""-1"":[0.064,0.064],""0"":[0.064,0.064],""1"":[0.032,0.032],""2"":[0.032,0.032]}}",0.02408114272346514,-0.005692882708027962,143,,0.001272323912479112,-0.00023597440761546906,143,,True,True,True,,True,False,157,157,0,152,0.0,0,0.37530864197530867,False,,0.128,0.090509668,1.0,True,0.29289321874999996,0,"{""sampled_capacity"":""no applicable or identifiable evidence""}","{""E"":{""-2"":[0.090509668,65.536],""-1"":[0.064,65.536],""0"":[0.045254834,65.536],""1"":[0.045254834,65.536],""2"":[0.0380546277,65.536]},""R"":{""-2"":[0.128,0.128],""-1"":[0.128,0.128],""0"":[0.090509668,0.090509668],""1"":[0.045254834,0.045254834],""2"":[0.0380546277,0.0380546277]}}",0.026945336160404548,-0.003962403681612159,157,,0.002430337523290249,-0.00023597440758749144,157,,fail,"[""G0:sampled_capacity not-assessable"",""G1:sampled_capacity not-assessable"",""G1:original_recommendation failed""]"
h101,S5,16,15,5,30,527.5735780918778,686.0235399088482,240.32013918282797,691.6719348576554,True,,True,True,True,,True,False,146,146,0,145,0.0,0,0.38666666666666666,False,,0.256,0.064,1.0,True,0.75,0,"{""sampled_capacity"":""no applicable or identifiable evidence""}","{""E"":{""-2"":[0.064,65.536],""-1"":[0.064,65.536],""0"":[0.064,65.536],""1"":[0.064,65.536],""2"":[0.064,65.536]},""R"":{""-2"":[0.256,0.256],""-1"":[0.064,0.064],""0"":[0.064,0.064],""1"":[0.064,0.064],""2"":[0.064,0.064]}}",0.025698066091517074,-0.005692882707990066,146,,0.0015669102845736194,-0.00019664533966373687,146,,True,True,True,,True,False,170,170,0,169,0.0,0,0.41728395061728396,False,,0.256,0.181019336,0.9375,True,0.29289321874999996,0,"{""sampled_capacity"":""no applicable or identifiable evidence""}","{""E"":{""-2"":[0.181019336,65.536],""-1"":[0.181019336,65.536],""0"":[0.181019336,65.536],""1"":[0.181019336,65.536],""2"":[0.128,65.536]},""R"":{""-2"":[0.256,0.256],""-1"":[0.181019336,0.181019336],""0"":[0.181019336,0.181019336],""1"":[0.181019336,0.181019336],""2"":[0.128,0.128]}}",0.032028142908446945,-0.003962403679300526,170,,0.008363855645764084,-0.00019664533896994002,170,,fail,"[""G0:sampled_capacity not-assessable"",""G0:original_recommendation failed"",""G1:sampled_capacity not-assessable"",""G1:original_recommendation failed""]"
h101,S6,16,15,5,30,527.5735780918778,686.0235399088482,240.32013918282797,691.6719348576554,True,,True,False,True,,True,False,202,173,0,160,0.0,0,0.4266666666666667,False,,3.4443117169,0.6088740429,1.0,True,0.8232233046990277,0,"{""sampled_capacity"":""no applicable or identifiable evidence""}","{""E"":{""-2"":[0.6088740429,65.536],""-1"":[0.6088740429,65.536],""0"":[0.6088740429,65.536],""1"":[0.6088740429,65.536],""2"":[0.6088740429,65.536]},""R"":{""-2"":[3.1584477704,3.1584477704],""-1"":[3.4443117169,3.4443117169],""0"":[3.4443117169,3.4443117169],""1"":[3.4443117169,3.4443117169],""2"":[3.4443117169,3.4443117169]}}",0.03704485001621075,-0.0038837455438169854,173,,0.03311176893118217,-0.0001179872042232355,173,,True,False,True,,True,False,232,203,0,190,0.0,0,0.4691358024691358,False,,3.4443117169,0.6088740429,1.0,True,0.8232233046990277,0,"{""sampled_capacity"":""no applicable or identifiable evidence""}","{""E"":{""-2"":[0.6088740429,65.536],""-1"":[0.6088740429,65.536],""0"":[0.6088740429,65.536],""1"":[0.6088740429,65.536],""2"":[0.6088740429,65.536]},""R"":{""-2"":[3.1584477704,3.1584477704],""-1"":[3.4443117169,3.4443117169],""0"":[3.4443117169,3.4443117169],""1"":[3.4443117169,3.4443117169],""2"":[3.4443117169,3.4443117169]}}",0.03675909804263355,-0.0037362615348683903,203,,0.036013881699820394,-0.00011798720380790106,203,,fail,"[""G0:paired_relevant_coverage failed"",""G0:sampled_capacity not-assessable"",""G0:original_recommendation failed"",""G1:paired_relevant_coverage failed"",""G1:sampled_capacity not-assessable"",""G1:original_recommendation failed""]"
h102,S1,54,49,5,30,540.84137935155,735.5757717859632,324.8869434122703,741.4498223248464,True,,False,,True,,,,0,0,0,0,,0,0.0,False,,0,0,,,,0,"{""paired_relevant_coverage"":""no applicable or identifiable evidence"",""sampled_capacity"":""no applicable or identifiable evidence"",""request_error"":""no applicable or identifiable evidence"",""original_recommendation"":""no applicable or identifiable evidence""}","{""E"":{""-2"":[0,65.536],""-1"":[0,65.536],""0"":[0,65.536],""1"":[0,65.536],""2"":[0,65.536]},""R"":{""-2"":[0,0],""-1"":[0,0],""0"":[0,0],""1"":[0,0],""2"":[0,0]}}",,,0,empty applicable subset,,,0,empty applicable subset,False,,True,,,,0,0,0,0,,0,0.0,False,,0,0,,,,0,"{""paired_relevant_coverage"":""no applicable or identifiable evidence"",""sampled_capacity"":""no applicable or identifiable evidence"",""request_error"":""no applicable or identifiable evidence"",""original_recommendation"":""no applicable or identifiable evidence""}","{""E"":{""-2"":[0,65.536],""-1"":[0,65.536],""0"":[0,65.536],""1"":[0,65.536],""2"":[0,65.536]},""R"":{""-2"":[0,0],""-1"":[0,0],""0"":[0,0],""1"":[0,0],""2"":[0,0]}}",,,0,empty applicable subset,,,0,empty applicable subset,fail,"[""G0:nontrivial_service failed"",""G0:paired_relevant_coverage not-assessable"",""G0:sampled_capacity not-assessable"",""G0:request_error not-assessable"",""G0:original_recommendation not-assessable"",""G1:nontrivial_service failed"",""G1:paired_relevant_coverage not-assessable"",""G1:sampled_capacity not-assessable"",""G1:request_error not-assessable"",""G1:original_recommendation not-assessable""]"
h102,S2,54,49,5,30,540.84137935155,735.5757717859632,324.8869434122703,741.4498223248464,True,,False,,True,,,,0,0,0,0,,0,0.0,False,,0,0,,,,0,"{""paired_relevant_coverage"":""no applicable or identifiable evidence"",""sampled_capacity"":""no applicable or identifiable evidence"",""request_error"":""no applicable or identifiable evidence"",""original_recommendation"":""no applicable or identifiable evidence""}","{""E"":{""-2"":[0,65.536],""-1"":[0,65.536],""0"":[0,65.536],""1"":[0,65.536],""2"":[0,65.536]},""R"":{""-2"":[0,0],""-1"":[0,0],""0"":[0,0],""1"":[0,0],""2"":[0,0]}}",,,0,empty applicable subset,,,0,empty applicable subset,False,,True,,,,0,0,0,0,,0,0.0,False,,0,0,,,,0,"{""paired_relevant_coverage"":""no applicable or identifiable evidence"",""sampled_capacity"":""no applicable or identifiable evidence"",""request_error"":""no applicable or identifiable evidence"",""original_recommendation"":""no applicable or identifiable evidence""}","{""E"":{""-2"":[0,65.536],""-1"":[0,65.536],""0"":[0,65.536],""1"":[0,65.536],""2"":[0,65.536]},""R"":{""-2"":[0,0],""-1"":[0,0],""0"":[0,0],""1"":[0,0],""2"":[0,0]}}",,,0,empty applicable subset,,,0,empty applicable subset,fail,"[""G0:nontrivial_service failed"",""G0:paired_relevant_coverage not-assessable"",""G0:sampled_capacity not-assessable"",""G0:request_error not-assessable"",""G0:original_recommendation not-assessable"",""G1:nontrivial_service failed"",""G1:paired_relevant_coverage not-assessable"",""G1:sampled_capacity not-assessable"",""G1:request_error not-assessable"",""G1:original_recommendation not-assessable""]"
h102,S3,54,49,5,30,540.84137935155,735.5757717859632,324.8869434122703,741.4498223248464,True,,False,,True,,,,0,0,0,0,,0,0.0,False,,0,0,,,,0,"{""paired_relevant_coverage"":""no applicable or identifiable evidence"",""sampled_capacity"":""no applicable or identifiable evidence"",""request_error"":""no applicable or identifiable evidence"",""original_recommendation"":""no applicable or identifiable evidence""}","{""E"":{""-2"":[0,65.536],""-1"":[0,65.536],""0"":[0,65.536],""1"":[0,65.536],""2"":[0,65.536]},""R"":{""-2"":[0,0],""-1"":[0,0],""0"":[0,0],""1"":[0,0],""2"":[0,0]}}",,,0,empty applicable subset,,,0,empty applicable subset,False,,True,,,,0,0,0,0,,0,0.0,False,,0,0,,,,0,"{""paired_relevant_coverage"":""no applicable or identifiable evidence"",""sampled_capacity"":""no applicable or identifiable evidence"",""request_error"":""no applicable or identifiable evidence"",""original_recommendation"":""no applicable or identifiable evidence""}","{""E"":{""-2"":[0,65.536],""-1"":[0,65.536],""0"":[0,65.536],""1"":[0,65.536],""2"":[0,65.536]},""R"":{""-2"":[0,0],""-1"":[0,0],""0"":[0,0],""1"":[0,0],""2"":[0,0]}}",,,0,empty applicable subset,,,0,empty applicable subset,fail,"[""G0:nontrivial_service failed"",""G0:paired_relevant_coverage not-assessable"",""G0:sampled_capacity not-assessable"",""G0:request_error not-assessable"",""G0:original_recommendation not-assessable"",""G1:nontrivial_service failed"",""G1:paired_relevant_coverage not-assessable"",""G1:sampled_capacity not-assessable"",""G1:request_error not-assessable"",""G1:original_recommendation not-assessable""]"
h102,S4,54,49,5,30,540.84137935155,735.5757717859632,324.8869434122703,741.4498223248464,True,,True,True,True,,True,True,124,124,0,123,0.0,0,0.3194805194805195,False,,0.064,0.064,0.9814814814814815,True,0.0,0,"{""sampled_capacity"":""no applicable or identifiable evidence""}","{""E"":{""-2"":[0.064,65.536],""-1"":[0.064,65.536],""0"":[0.064,65.536],""1"":[0.016,65.536],""2"":[0.016,65.536]},""R"":{""-2"":[0.064,0.064],""-1"":[0.064,0.064],""0"":[0.064,0.064],""1"":[0.064,0.064],""2"":[0.016,0.016]}}",0.01279906540154722,-0.009542731314013508,124,,0.00023610891183856175,-0.00023610886180602808,124,,True,True,True,,True,False,144,144,0,139,0.0,0,0.3349397590361446,False,,0.128,0.090509668,1.0,True,0.29289321874999996,0,"{""sampled_capacity"":""no applicable or identifiable evidence""}","{""E"":{""-2"":[0.090509668,65.536],""-1"":[0.090509668,65.536],""0"":[0.064,65.536],""1"":[0.045254834,65.536],""2"":[0.0380546277,65.536]},""R"":{""-2"":[0.128,0.128],""-1"":[0.128,0.128],""0"":[0.090509668,0.090509668],""1"":[0.064,0.064],""2"":[0.045254834,0.045254834]}}",0.02676953742866317,-0.004348337360492375,144,,0.0029305043286474985,-0.00023610885546077043,144,,fail,"[""G0:sampled_capacity not-assessable"",""G1:sampled_capacity not-assessable"",""G1:original_recommendation failed""]"
h102,S5,54,49,5,30,540.84137935155,735.5757717859632,324.8869434122703,741.4498223248464,True,,True,True,True,,True,True,125,125,0,125,0.0,0,0.3246753246753247,False,,0.064,0.064,1.0,True,0.0,0,"{""sampled_capacity"":""no applicable or identifiable evidence""}","{""E"":{""-2"":[0.064,65.536],""-1"":[0.064,65.536],""0"":[0.064,65.536],""1"":[0.064,65.536],""2"":[0.064,65.536]},""R"":{""-2"":[0.064,0.064],""-1"":[0.064,0.064],""0"":[0.064,0.064],""1"":[0.064,0.064],""2"":[0.064,0.064]}}",0.012799065402608297,-0.009542731313975613,125,,0.00019675743187212252,-0.00019675738483835675,125,,True,True,False,,True,False,153,153,3,153,0.0196078431372549,0,0.3686746987951807,False,,0.181019336,0.181019336,0.6296296296296297,False,1.0,0,"{""sampled_capacity"":""no applicable or identifiable evidence""}","{""E"":{""-2"":[0.181019336,65.536],""-1"":[0.181019336,65.536],""0"":[0.181019336,65.536],""1"":[0.128,65.536],""2"":[0.128,65.536]},""R"":{""-2"":[0.181019336,0.181019336],""-1"":[0.128,0.128],""0"":[0.128,0.128],""1"":[0.128,0.128],""2"":[0.090509668,0.090509668]}}",0.029498466508466475,-0.004299148026196538,153,,0.009772009912572082,-0.00019675737955064204,153,,fail,"[""G0:sampled_capacity not-assessable"",""G1:zero_observed_optimistic failed"",""G1:sampled_capacity not-assessable"",""G1:original_recommendation failed""]"
h102,S6,54,49,5,30,540.84137935155,735.5757717859632,324.8869434122703,741.4498223248464,True,,True,True,False,,True,True,140,140,1,140,0.007142857142857143,0,0.36363636363636365,False,,0.4305389646,0.4305389646,0.9629629629629629,True,0.0,0,"{""sampled_capacity"":""no applicable or identifiable evidence""}","{""E"":{""-2"":[0.4305389646,65.536],""-1"":[0.4305389646,65.536],""0"":[0.4305389646,65.536],""1"":[0.4305389646,65.536],""2"":[0.4305389646,65.536]},""R"":{""-2"":[0.4305389646,0.4305389646],""-1"":[0.4305389646,0.4305389646],""0"":[0.4305389646,0.4305389646],""1"":[0.4305389646,0.4305389646],""2"":[0.362038672,0.362038672]}}",0.03099994116284203,-0.004328661629187991,140,,0.014579982831767924,-0.00011805443092061108,140,,True,True,False,,True,True,170,170,1,170,0.0058823529411764705,0,0.40963855421686746,False,,0.4305389646,0.4305389646,0.9629629629629629,True,0.0,0,"{""sampled_capacity"":""no applicable or identifiable evidence""}","{""E"":{""-2"":[0.4305389646,65.536],""-1"":[0.4305389646,65.536],""0"":[0.4305389646,65.536],""1"":[0.4305389646,65.536],""2"":[0.4305389646,65.536]},""R"":{""-2"":[0.4305389646,0.4305389646],""-1"":[0.4305389646,0.4305389646],""0"":[0.4305389646,0.4305389646],""1"":[0.4305389646,0.4305389646],""2"":[0.362038672,0.362038672]}}",0.03438207559693751,-0.0038466061332655954,170,,0.026328646939828615,-0.00011805442773038521,170,,fail,"[""G0:zero_observed_optimistic failed"",""G0:sampled_capacity not-assessable"",""G1:zero_observed_optimistic failed"",""G1:sampled_capacity not-assessable""]"
h103,S1,15,14,5,30,499.05445165564754,704.0947220519535,252.9696528460117,720.7803016937831,True,,False,,True,,,,0,0,0,0,,0,0.0,False,,0,0,,,,0,"{""paired_relevant_coverage"":""no applicable or identifiable evidence"",""sampled_capacity"":""no applicable or identifiable evidence"",""request_error"":""no applicable or identifiable evidence"",""original_recommendation"":""no applicable or identifiable evidence""}","{""E"":{""-2"":[0,65.536],""-1"":[0,65.536],""0"":[0,65.536],""1"":[0,65.536],""2"":[0,65.536]},""R"":{""-2"":[0,0],""-1"":[0,0],""0"":[0,0],""1"":[0,0],""2"":[0,0]}}",,,0,empty applicable subset,,,0,empty applicable subset,False,,True,,,,0,0,0,0,,0,0.0,False,,0,0,,,,0,"{""paired_relevant_coverage"":""no applicable or identifiable evidence"",""sampled_capacity"":""no applicable or identifiable evidence"",""request_error"":""no applicable or identifiable evidence"",""original_recommendation"":""no applicable or identifiable evidence""}","{""E"":{""-2"":[0,65.536],""-1"":[0,65.536],""0"":[0,65.536],""1"":[0,65.536],""2"":[0,65.536]},""R"":{""-2"":[0,0],""-1"":[0,0],""0"":[0,0],""1"":[0,0],""2"":[0,0]}}",,,0,empty applicable subset,,,0,empty applicable subset,fail,"[""G0:nontrivial_service failed"",""G0:paired_relevant_coverage not-assessable"",""G0:sampled_capacity not-assessable"",""G0:request_error not-assessable"",""G0:original_recommendation not-assessable"",""G1:nontrivial_service failed"",""G1:paired_relevant_coverage not-assessable"",""G1:sampled_capacity not-assessable"",""G1:request_error not-assessable"",""G1:original_recommendation not-assessable""]"
h103,S2,15,14,5,30,499.05445165564754,704.0947220519535,252.9696528460117,720.7803016937831,True,,False,,True,,,,0,0,0,0,,0,0.0,False,,0,0,,,,0,"{""paired_relevant_coverage"":""no applicable or identifiable evidence"",""sampled_capacity"":""no applicable or identifiable evidence"",""request_error"":""no applicable or identifiable evidence"",""original_recommendation"":""no applicable or identifiable evidence""}","{""E"":{""-2"":[0,65.536],""-1"":[0,65.536],""0"":[0,65.536],""1"":[0,65.536],""2"":[0,65.536]},""R"":{""-2"":[0,0],""-1"":[0,0],""0"":[0,0],""1"":[0,0],""2"":[0,0]}}",,,0,empty applicable subset,,,0,empty applicable subset,False,,True,,,,0,0,0,0,,0,0.0,False,,0,0,,,,0,"{""paired_relevant_coverage"":""no applicable or identifiable evidence"",""sampled_capacity"":""no applicable or identifiable evidence"",""request_error"":""no applicable or identifiable evidence"",""original_recommendation"":""no applicable or identifiable evidence""}","{""E"":{""-2"":[0,65.536],""-1"":[0,65.536],""0"":[0,65.536],""1"":[0,65.536],""2"":[0,65.536]},""R"":{""-2"":[0,0],""-1"":[0,0],""0"":[0,0],""1"":[0,0],""2"":[0,0]}}",,,0,empty applicable subset,,,0,empty applicable subset,fail,"[""G0:nontrivial_service failed"",""G0:paired_relevant_coverage not-assessable"",""G0:sampled_capacity not-assessable"",""G0:request_error not-assessable"",""G0:original_recommendation not-assessable"",""G1:nontrivial_service failed"",""G1:paired_relevant_coverage not-assessable"",""G1:sampled_capacity not-assessable"",""G1:request_error not-assessable"",""G1:original_recommendation not-assessable""]"
h103,S3,15,14,5,30,499.05445165564754,704.0947220519535,252.9696528460117,720.7803016937831,True,,False,,True,,,,0,0,0,0,,0,0.0,False,,0,0,,,,0,"{""paired_relevant_coverage"":""no applicable or identifiable evidence"",""sampled_capacity"":""no applicable or identifiable evidence"",""request_error"":""no applicable or identifiable evidence"",""original_recommendation"":""no applicable or identifiable evidence""}","{""E"":{""-2"":[0,65.536],""-1"":[0,65.536],""0"":[0,65.536],""1"":[0,65.536],""2"":[0,65.536]},""R"":{""-2"":[0,0],""-1"":[0,0],""0"":[0,0],""1"":[0,0],""2"":[0,0]}}",,,0,empty applicable subset,,,0,empty applicable subset,False,,True,,,,0,0,0,0,,0,0.0,False,,0,0,,,,0,"{""paired_relevant_coverage"":""no applicable or identifiable evidence"",""sampled_capacity"":""no applicable or identifiable evidence"",""request_error"":""no applicable or identifiable evidence"",""original_recommendation"":""no applicable or identifiable evidence""}","{""E"":{""-2"":[0,65.536],""-1"":[0,65.536],""0"":[0,65.536],""1"":[0,65.536],""2"":[0,65.536]},""R"":{""-2"":[0,0],""-1"":[0,0],""0"":[0,0],""1"":[0,0],""2"":[0,0]}}",,,0,empty applicable subset,,,0,empty applicable subset,fail,"[""G0:nontrivial_service failed"",""G0:paired_relevant_coverage not-assessable"",""G0:sampled_capacity not-assessable"",""G0:request_error not-assessable"",""G0:original_recommendation not-assessable"",""G1:nontrivial_service failed"",""G1:paired_relevant_coverage not-assessable"",""G1:sampled_capacity not-assessable"",""G1:request_error not-assessable"",""G1:original_recommendation not-assessable""]"
h103,S4,15,14,5,30,499.05445165564754,704.0947220519535,252.9696528460117,720.7803016937831,True,,True,True,True,,True,True,83,83,0,82,0.0,0,0.2342857142857143,False,,0.064,0.064,0.9333333333333333,True,0.0,0,"{""sampled_capacity"":""no applicable or identifiable evidence""}","{""E"":{""-2"":[0.064,65.536],""-1"":[0.064,65.536],""0"":[0.016,65.536],""1"":[0.016,65.536],""2"":[0.016,65.536]},""R"":{""-2"":[0.064,0.064],""-1"":[0.064,0.064],""0"":[0.064,0.064],""1"":[0.016,0.016],""2"":[0.016,0.016]}}",0.017472052383766368,-0.009946083873766534,83,,0.0010861735182184917,-0.00023610881010149853,83,,True,True,True,,True,True,95,95,0,91,0.0,0,0.2394736842105263,False,,0.090509668,0.090509668,1.0,True,0.0,0,"{""sampled_capacity"":""no applicable or identifiable evidence""}","{""E"":{""-2"":[0.090509668,65.536],""-1"":[0.064,65.536],""0"":[0.045254834,65.536],""1"":[0.032,65.536],""2"":[0.032,65.536]},""R"":{""-2"":[0.090509668,0.090509668],""-1"":[0.090509668,0.090509668],""0"":[0.090509668,0.090509668],""1"":[0.045254834,0.045254834],""2"":[0.032,0.032]}}",0.026688863342324492,-0.009700137206285339,95,,0.0037628393253710257,-0.00023610880987456895,95,,not-assessable,"[""G0:sampled_capacity not-assessable"",""G1:sampled_capacity not-assessable""]"
h103,S5,15,14,5,30,499.05445165564754,704.0947220519535,252.9696528460117,720.7803016937831,True,,True,True,True,,True,True,85,85,0,85,0.0,0,0.24285714285714285,False,,0.064,0.064,1.0,True,0.0,0,"{""sampled_capacity"":""no applicable or identifiable evidence""}","{""E"":{""-2"":[0.064,65.536],""-1"":[0.064,65.536],""0"":[0.064,65.536],""1"":[0.064,65.536],""2"":[0.064,65.536]},""R"":{""-2"":[0.064,0.064],""-1"":[0.064,0.064],""0"":[0.064,0.064],""1"":[0.064,0.064],""2"":[0.064,0.064]}}",0.02450488193165275,-0.009946083873577058,85,,0.001195879450156164,-0.0001967573417497685,85,,True,True,False,,True,False,106,106,1,105,0.009523809523809525,0,0.27631578947368424,False,,0.181019336,0.128,1.0,True,0.2928932188769049,0,"{""sampled_capacity"":""no applicable or identifiable evidence""}","{""E"":{""-2"":[0.128,65.536],""-1"":[0.128,65.536],""0"":[0.128,65.536],""1"":[0.128,65.536],""2"":[0.128,65.536]},""R"":{""-2"":[0.181019336,0.181019336],""-1"":[0.128,0.128],""0"":[0.128,0.128],""1"":[0.128,0.128],""2"":[0.090509668,0.090509668]}}",0.02893459021106537,-0.009700137189383895,106,,0.015583253318659323,-0.0001967573410414462,106,,fail,"[""G0:sampled_capacity not-assessable"",""G1:zero_observed_optimistic failed"",""G1:sampled_capacity not-assessable"",""G1:original_recommendation failed""]"
h103,S6,15,14,5,30,499.05445165564754,704.0947220519535,252.9696528460117,720.7803016937831,True,,True,True,False,,True,False,100,100,1,95,0.010526315789473684,0,0.2714285714285714,False,,0.7240773439,0.512,1.0,True,0.2928932187792487,0,"{""sampled_capacity"":""no applicable or identifiable evidence""}","{""E"":{""-2"":[0.512,65.536],""-1"":[0.512,65.536],""0"":[0.512,65.536],""1"":[0.512,65.536],""2"":[0.512,65.536]},""R"":{""-2"":[0.7240773439,0.7240773439],""-1"":[0.7240773439,0.7240773439],""0"":[0.7240773439,0.7240773439],""1"":[0.7240773439,0.7240773439],""2"":[0.7240773439,0.7240773439]}}",0.03645479949464914,-0.009700137189990224,100,,0.024192929820346043,-0.00011805440510748166,100,,True,True,False,,True,False,130,130,1,125,0.008,0,0.32894736842105265,False,,0.7240773439,0.512,1.0,True,0.2928932187792487,0,"{""sampled_capacity"":""no applicable or identifiable evidence""}","{""E"":{""-2"":[0.512,65.536],""-1"":[0.512,65.536],""0"":[0.512,65.536],""1"":[0.512,65.536],""2"":[0.512,65.536]},""R"":{""-2"":[0.7240773439,0.7240773439],""-1"":[0.7240773439,0.7240773439],""0"":[0.7240773439,0.7240773439],""1"":[0.7240773439,0.7240773439],""2"":[0.7240773439,0.7240773439]}}",0.03771089109049086,-0.0039941741366646966,130,,0.03232616736610694,-0.00011805440470880058,130,,fail,"[""G0:zero_observed_optimistic failed"",""G0:sampled_capacity not-assessable"",""G0:original_recommendation failed"",""G1:zero_observed_optimistic failed"",""G1:sampled_capacity not-assessable"",""G1:original_recommendation failed""]"
h104,S1,81,73,5,30,462.1954893275078,731.1216829829121,186.95780173615898,738.9305708489629,True,,False,,True,,,,0,0,0,0,,0,0.0,False,,0,0,,,,0,"{""paired_relevant_coverage"":""no applicable or identifiable evidence"",""sampled_capacity"":""no applicable or identifiable evidence"",""request_error"":""no applicable or identifiable evidence"",""original_recommendation"":""no applicable or identifiable evidence""}","{""E"":{""-2"":[0,65.536],""-1"":[0,65.536],""0"":[0,65.536],""1"":[0,65.536],""2"":[0,65.536]},""R"":{""-2"":[0,0],""-1"":[0,0],""0"":[0,0],""1"":[0,0],""2"":[0,0]}}",,,0,empty applicable subset,,,0,empty applicable subset,False,,True,,,,0,0,0,0,,0,0.0,False,,0,0,,,,0,"{""paired_relevant_coverage"":""no applicable or identifiable evidence"",""sampled_capacity"":""no applicable or identifiable evidence"",""request_error"":""no applicable or identifiable evidence"",""original_recommendation"":""no applicable or identifiable evidence""}","{""E"":{""-2"":[0,65.536],""-1"":[0,65.536],""0"":[0,65.536],""1"":[0,65.536],""2"":[0,65.536]},""R"":{""-2"":[0,0],""-1"":[0,0],""0"":[0,0],""1"":[0,0],""2"":[0,0]}}",,,0,empty applicable subset,,,0,empty applicable subset,fail,"[""G0:nontrivial_service failed"",""G0:paired_relevant_coverage not-assessable"",""G0:sampled_capacity not-assessable"",""G0:request_error not-assessable"",""G0:original_recommendation not-assessable"",""G1:nontrivial_service failed"",""G1:paired_relevant_coverage not-assessable"",""G1:sampled_capacity not-assessable"",""G1:request_error not-assessable"",""G1:original_recommendation not-assessable""]"
h104,S2,81,73,5,30,462.1954893275078,731.1216829829121,186.95780173615898,738.9305708489629,True,,False,,True,,,,0,0,0,0,,0,0.0,False,,0,0,,,,0,"{""paired_relevant_coverage"":""no applicable or identifiable evidence"",""sampled_capacity"":""no applicable or identifiable evidence"",""request_error"":""no applicable or identifiable evidence"",""original_recommendation"":""no applicable or identifiable evidence""}","{""E"":{""-2"":[0,65.536],""-1"":[0,65.536],""0"":[0,65.536],""1"":[0,65.536],""2"":[0,65.536]},""R"":{""-2"":[0,0],""-1"":[0,0],""0"":[0,0],""1"":[0,0],""2"":[0,0]}}",,,0,empty applicable subset,,,0,empty applicable subset,False,,True,,,,0,0,0,0,,0,0.0,False,,0,0,,,,0,"{""paired_relevant_coverage"":""no applicable or identifiable evidence"",""sampled_capacity"":""no applicable or identifiable evidence"",""request_error"":""no applicable or identifiable evidence"",""original_recommendation"":""no applicable or identifiable evidence""}","{""E"":{""-2"":[0,65.536],""-1"":[0,65.536],""0"":[0,65.536],""1"":[0,65.536],""2"":[0,65.536]},""R"":{""-2"":[0,0],""-1"":[0,0],""0"":[0,0],""1"":[0,0],""2"":[0,0]}}",,,0,empty applicable subset,,,0,empty applicable subset,fail,"[""G0:nontrivial_service failed"",""G0:paired_relevant_coverage not-assessable"",""G0:sampled_capacity not-assessable"",""G0:request_error not-assessable"",""G0:original_recommendation not-assessable"",""G1:nontrivial_service failed"",""G1:paired_relevant_coverage not-assessable"",""G1:sampled_capacity not-assessable"",""G1:request_error not-assessable"",""G1:original_recommendation not-assessable""]"
h104,S3,81,73,5,30,462.1954893275078,731.1216829829121,186.95780173615898,738.9305708489629,True,,False,,True,,,,0,0,0,0,,0,0.0,False,,0,0,,,,0,"{""paired_relevant_coverage"":""no applicable or identifiable evidence"",""sampled_capacity"":""no applicable or identifiable evidence"",""request_error"":""no applicable or identifiable evidence"",""original_recommendation"":""no applicable or identifiable evidence""}","{""E"":{""-2"":[0,65.536],""-1"":[0,65.536],""0"":[0,65.536],""1"":[0,65.536],""2"":[0,65.536]},""R"":{""-2"":[0,0],""-1"":[0,0],""0"":[0,0],""1"":[0,0],""2"":[0,0]}}",,,0,empty applicable subset,,,0,empty applicable subset,False,,True,,,,0,0,0,0,,0,0.0,False,,0,0,,,,0,"{""paired_relevant_coverage"":""no applicable or identifiable evidence"",""sampled_capacity"":""no applicable or identifiable evidence"",""request_error"":""no applicable or identifiable evidence"",""original_recommendation"":""no applicable or identifiable evidence""}","{""E"":{""-2"":[0,65.536],""-1"":[0,65.536],""0"":[0,65.536],""1"":[0,65.536],""2"":[0,65.536]},""R"":{""-2"":[0,0],""-1"":[0,0],""0"":[0,0],""1"":[0,0],""2"":[0,0]}}",,,0,empty applicable subset,,,0,empty applicable subset,fail,"[""G0:nontrivial_service failed"",""G0:paired_relevant_coverage not-assessable"",""G0:sampled_capacity not-assessable"",""G0:request_error not-assessable"",""G0:original_recommendation not-assessable"",""G1:nontrivial_service failed"",""G1:paired_relevant_coverage not-assessable"",""G1:sampled_capacity not-assessable"",""G1:request_error not-assessable"",""G1:original_recommendation not-assessable""]"
h104,S4,81,73,5,30,462.1954893275078,731.1216829829121,186.95780173615898,738.9305708489629,True,,True,True,True,,True,True,73,73,0,71,0.0,0,0.27307692307692305,False,,0.064,0.064,0.9876543209876543,True,0.0,0,"{""sampled_capacity"":""no applicable or identifiable evidence""}","{""E"":{""-2"":[0.064,65.536],""-1"":[0.016,65.536],""0"":[0.016,65.536],""1"":[0.016,65.536],""2"":[0.016,65.536]},""R"":{""-2"":[0.064,0.064],""-1"":[0.064,0.064],""0"":[0.064,0.064],""1"":[0.016,0.016],""2"":[0.016,0.016]}}",0.012791779652009913,-0.004326197568540617,73,,0.00023597454859825007,-0.00023597447036405317,73,,True,True,True,,True,False,88,88,0,83,0.0,0,0.28620689655172415,False,,0.090509668,0.064,0.9876543209876543,True,0.2928932188769049,0,"{""sampled_capacity"":""no applicable or identifiable evidence""}","{""E"":{""-2"":[0.064,65.536],""-1"":[0.045254834,65.536],""0"":[0.045254834,65.536],""1"":[0.032,65.536],""2"":[0.022627417,65.536]},""R"":{""-2"":[0.090509668,0.090509668],""-1"":[0.064,0.064],""0"":[0.064,0.064],""1"":[0.045254834,0.045254834],""2"":[0.032,0.032]}}",0.027329953799039686,-0.00398206821758625,88,,0.004527299546254415,-0.00023597445760970004,88,,fail,"[""G0:sampled_capacity not-assessable"",""G1:sampled_capacity not-assessable"",""G1:original_recommendation failed""]"
h104,S5,81,73,5,30,462.1954893275078,731.1216829829121,186.95780173615898,738.9305708489629,True,,True,True,True,,True,True,75,75,0,75,0.0,0,0.28846153846153844,False,,0.064,0.064,1.0,True,0.0,0,"{""sampled_capacity"":""no applicable or identifiable evidence""}","{""E"":{""-2"":[0.064,65.536],""-1"":[0.064,65.536],""0"":[0.064,65.536],""1"":[0.064,65.536],""2"":[0.064,65.536]},""R"":{""-2"":[0.064,0.064],""-1"":[0.064,0.064],""0"":[0.064,0.064],""1"":[0.064,0.064],""2"":[0.064,0.064]}}",0.01746210655498241,-0.0042573717055347515,75,,0.000196645457242924,-0.00019664539196107,75,,True,True,False,,True,False,98,98,3,98,0.030612244897959183,0,0.33793103448275863,False,,0.128,0.128,0.7407407407407407,False,1.0,0,"{""sampled_capacity"":""no applicable or identifiable evidence""}","{""E"":{""-2"":[0.128,65.536],""-1"":[0.128,65.536],""0"":[0.128,65.536],""1"":[0.090509668,65.536],""2"":[0.090509668,65.536]},""R"":{""-2"":[0.128,0.128],""-1"":[0.090509668,0.090509668],""0"":[0.090509668,0.090509668],""1"":[0.090509668,0.090509668],""2"":[0.064,0.064]}}",0.03201353471411276,-0.003932906880474245,98,,0.0215196581024385,-0.00019664538128627562,98,,fail,"[""G0:sampled_capacity not-assessable"",""G1:zero_observed_optimistic failed"",""G1:sampled_capacity not-assessable"",""G1:original_recommendation failed""]"
h104,S6,81,73,5,30,462.1954893275078,731.1216829829121,186.95780173615898,738.9305708489629,True,,True,True,False,,True,True,100,100,5,100,0.05,0,0.38461538461538464,False,,0.3044370215,0.3044370215,0.9382716049382716,True,0.0,0,"{""sampled_capacity"":""no applicable or identifiable evidence""}","{""E"":{""-2"":[0.3044370215,65.536],""-1"":[0.3044370215,65.536],""0"":[0.3044370215,65.536],""1"":[0.3044370215,65.536],""2"":[0.3044370215,65.536]},""R"":{""-2"":[0.3044370215,0.3044370215],""-1"":[0.3044370215,0.3044370215],""0"":[0.3044370215,0.3044370215],""1"":[0.3044370215,0.3044370215],""2"":[0.064,0.064]}}",0.03664111083600119,-0.003854248750333985,100,,0.08716385041940677,-0.00011798724164990837,100,,True,True,False,,True,True,130,130,5,130,0.038461538461538464,0,0.4482758620689655,False,,0.3044370215,0.3044370215,0.9382716049382716,True,0.0,0,"{""sampled_capacity"":""no applicable or identifiable evidence""}","{""E"":{""-2"":[0.3044370215,65.536],""-1"":[0.3044370215,65.536],""0"":[0.3044370215,65.536],""1"":[0.3044370215,65.536],""2"":[0.3044370215,65.536]},""R"":{""-2"":[0.3044370215,0.3044370215],""-1"":[0.3044370215,0.3044370215],""0"":[0.3044370215,0.3044370215],""1"":[0.3044370215,0.3044370215],""2"":[0.181019336,0.181019336]}}",0.03639530415406019,-0.0020352792671474162,130,,0.0884981104451561,-0.0001179872351910749,130,,fail,"[""G0:zero_observed_optimistic failed"",""G0:sampled_capacity not-assessable"",""G1:zero_observed_optimistic failed"",""G1:sampled_capacity not-assessable""]"
h105,S1,14,13,5,30,460.6964186061023,708.1927502439883,210.64122573662445,734.4069495712331,True,,False,,True,,,,0,0,0,0,,0,0.0,False,,0,0,,,,0,"{""paired_relevant_coverage"":""no applicable or identifiable evidence"",""sampled_capacity"":""no applicable or identifiable evidence"",""request_error"":""no applicable or identifiable evidence"",""original_recommendation"":""no applicable or identifiable evidence""}","{""E"":{""-2"":[0,65.536],""-1"":[0,65.536],""0"":[0,65.536],""1"":[0,65.536],""2"":[0,65.536]},""R"":{""-2"":[0,0],""-1"":[0,0],""0"":[0,0],""1"":[0,0],""2"":[0,0]}}",,,0,empty applicable subset,,,0,empty applicable subset,False,,True,,,,0,0,0,0,,0,0.0,False,,0,0,,,,0,"{""paired_relevant_coverage"":""no applicable or identifiable evidence"",""sampled_capacity"":""no applicable or identifiable evidence"",""request_error"":""no applicable or identifiable evidence"",""original_recommendation"":""no applicable or identifiable evidence""}","{""E"":{""-2"":[0,65.536],""-1"":[0,65.536],""0"":[0,65.536],""1"":[0,65.536],""2"":[0,65.536]},""R"":{""-2"":[0,0],""-1"":[0,0],""0"":[0,0],""1"":[0,0],""2"":[0,0]}}",,,0,empty applicable subset,,,0,empty applicable subset,fail,"[""G0:nontrivial_service failed"",""G0:paired_relevant_coverage not-assessable"",""G0:sampled_capacity not-assessable"",""G0:request_error not-assessable"",""G0:original_recommendation not-assessable"",""G1:nontrivial_service failed"",""G1:paired_relevant_coverage not-assessable"",""G1:sampled_capacity not-assessable"",""G1:request_error not-assessable"",""G1:original_recommendation not-assessable""]"
h105,S2,14,13,5,30,460.6964186061023,708.1927502439883,210.64122573662445,734.4069495712331,True,,False,,True,,,,0,0,0,0,,0,0.0,False,,0,0,,,,0,"{""paired_relevant_coverage"":""no applicable or identifiable evidence"",""sampled_capacity"":""no applicable or identifiable evidence"",""request_error"":""no applicable or identifiable evidence"",""original_recommendation"":""no applicable or identifiable evidence""}","{""E"":{""-2"":[0,65.536],""-1"":[0,65.536],""0"":[0,65.536],""1"":[0,65.536],""2"":[0,65.536]},""R"":{""-2"":[0,0],""-1"":[0,0],""0"":[0,0],""1"":[0,0],""2"":[0,0]}}",,,0,empty applicable subset,,,0,empty applicable subset,False,,True,,,,0,0,0,0,,0,0.0,False,,0,0,,,,0,"{""paired_relevant_coverage"":""no applicable or identifiable evidence"",""sampled_capacity"":""no applicable or identifiable evidence"",""request_error"":""no applicable or identifiable evidence"",""original_recommendation"":""no applicable or identifiable evidence""}","{""E"":{""-2"":[0,65.536],""-1"":[0,65.536],""0"":[0,65.536],""1"":[0,65.536],""2"":[0,65.536]},""R"":{""-2"":[0,0],""-1"":[0,0],""0"":[0,0],""1"":[0,0],""2"":[0,0]}}",,,0,empty applicable subset,,,0,empty applicable subset,fail,"[""G0:nontrivial_service failed"",""G0:paired_relevant_coverage not-assessable"",""G0:sampled_capacity not-assessable"",""G0:request_error not-assessable"",""G0:original_recommendation not-assessable"",""G1:nontrivial_service failed"",""G1:paired_relevant_coverage not-assessable"",""G1:sampled_capacity not-assessable"",""G1:request_error not-assessable"",""G1:original_recommendation not-assessable""]"
h105,S3,14,13,5,30,460.6964186061023,708.1927502439883,210.64122573662445,734.4069495712331,True,,False,,True,,,,0,0,0,0,,0,0.0,False,,0,0,,,,0,"{""paired_relevant_coverage"":""no applicable or identifiable evidence"",""sampled_capacity"":""no applicable or identifiable evidence"",""request_error"":""no applicable or identifiable evidence"",""original_recommendation"":""no applicable or identifiable evidence""}","{""E"":{""-2"":[0,65.536],""-1"":[0,65.536],""0"":[0,65.536],""1"":[0,65.536],""2"":[0,65.536]},""R"":{""-2"":[0,0],""-1"":[0,0],""0"":[0,0],""1"":[0,0],""2"":[0,0]}}",,,0,empty applicable subset,,,0,empty applicable subset,False,,True,,,,0,0,0,0,,0,0.0,False,,0,0,,,,0,"{""paired_relevant_coverage"":""no applicable or identifiable evidence"",""sampled_capacity"":""no applicable or identifiable evidence"",""request_error"":""no applicable or identifiable evidence"",""original_recommendation"":""no applicable or identifiable evidence""}","{""E"":{""-2"":[0,65.536],""-1"":[0,65.536],""0"":[0,65.536],""1"":[0,65.536],""2"":[0,65.536]},""R"":{""-2"":[0,0],""-1"":[0,0],""0"":[0,0],""1"":[0,0],""2"":[0,0]}}",,,0,empty applicable subset,,,0,empty applicable subset,fail,"[""G0:nontrivial_service failed"",""G0:paired_relevant_coverage not-assessable"",""G0:sampled_capacity not-assessable"",""G0:request_error not-assessable"",""G0:original_recommendation not-assessable"",""G1:nontrivial_service failed"",""G1:paired_relevant_coverage not-assessable"",""G1:sampled_capacity not-assessable"",""G1:request_error not-assessable"",""G1:original_recommendation not-assessable""]"
h105,S4,14,13,5,30,460.6964186061023,708.1927502439883,210.64122573662445,734.4069495712331,True,,True,True,True,,True,True,110,110,0,109,0.0,0,0.29863013698630136,False,,0.064,0.064,1.0,True,0.0,0,"{""sampled_capacity"":""no applicable or identifiable evidence""}","{""E"":{""-2"":[0.064,65.536],""-1"":[0.064,65.536],""0"":[0.064,65.536],""1"":[0.064,65.536],""2"":[0.045254834,65.536]},""R"":{""-2"":[0.064,0.064],""-1"":[0.064,0.064],""0"":[0.064,0.064],""1"":[0.064,0.064],""2"":[0.064,0.064]}}",0.02776678317458921,-0.009547131450517554,110,,0.0025856815608698014,-0.00023597440758749144,110,,True,True,True,,True,False,121,121,0,118,0.0,0,0.29873417721518986,False,,0.181019336,0.128,1.0,True,0.2928932188769049,0,"{""sampled_capacity"":""no applicable or identifiable evidence""}","{""E"":{""-2"":[0.128,65.536],""-1"":[0.090509668,65.536],""0"":[0.090509668,65.536],""1"":[0.090509668,65.536],""2"":[0.045254834,65.536]},""R"":{""-2"":[0.181019336,0.181019336],""-1"":[0.128,0.128],""0"":[0.090509668,0.090509668],""1"":[0.090509668,0.090509668],""2"":[0.064,0.064]}}",0.029202866374968533,-0.003864081009652409,121,,0.005981758123139835,-0.00023597440676370596,121,,fail,"[""G0:sampled_capacity not-assessable"",""G1:sampled_capacity not-assessable"",""G1:original_recommendation failed""]"
h105,S5,14,13,5,30,460.6964186061023,708.1927502439883,210.64122573662445,734.4069495712331,True,,True,False,True,,True,False,114,113,0,113,0.0,0,0.3095890410958904,False,,5.7926187515,0.256,1.0,True,0.9558058261759919,0,"{""sampled_capacity"":""no applicable or identifiable evidence""}","{""E"":{""-2"":[0.256,65.536],""-1"":[0.256,65.536],""0"":[0.256,65.536],""1"":[0.064,65.536],""2"":[0.064,65.536]},""R"":{""-2"":[0.256,0.256],""-1"":[5.7926187515,5.7926187515],""0"":[0.256,0.256],""1"":[0.064,0.064],""2"":[0.064,0.064]}}",0.028205025578851444,-0.00954713145029018,113,,0.0026745281367104856,-0.00019664533965624287,113,,True,False,True,,True,False,136,135,0,133,0.0,0,0.3367088607594937,False,,5.7926187515,0.256,1.0,True,0.9558058261759919,0,"{""sampled_capacity"":""no applicable or identifiable evidence""}","{""E"":{""-2"":[0.256,65.536],""-1"":[0.256,65.536],""0"":[0.256,65.536],""1"":[0.181019336,65.536],""2"":[0.181019336,65.536]},""R"":{""-2"":[0.362038672,0.362038672],""-1"":[5.7926187515,5.7926187515],""0"":[0.256,0.256],""1"":[0.181019336,0.181019336],""2"":[0.181019336,0.181019336]}}",0.03160413870475054,-0.003677267932933622,135,,0.0159661588055988,-0.00019664533828021397,135,,fail,"[""G0:paired_relevant_coverage failed"",""G0:sampled_capacity not-assessable"",""G0:original_recommendation failed"",""G1:paired_relevant_coverage failed"",""G1:sampled_capacity not-assessable"",""G1:original_recommendation failed""]"
h105,S6,14,13,5,30,460.6964186061023,708.1927502439883,210.64122573662445,734.4069495712331,True,,True,False,True,,True,False,317,131,0,123,0.0,0,0.336986301369863,False,,65.536,0.7240773439,0.9285714285714286,True,0.9889514565444947,2,"{""sampled_capacity"":""no applicable or identifiable evidence""}","{""E"":{""-2"":[0.7240773439,65.536],""-1"":[0.7240773439,65.536],""0"":[0.7240773439,65.536],""1"":[0.512,65.536],""2"":[0.512,65.536]},""R"":{""-2"":[11.585237503,11.585237503],""-1"":[28.7744353955,28.7744353955],""0"":[65.536,65.536],""1"":[65.536,65.536],""2"":[46.3409500118,46.3409500118]}}",0.03523769437196833,-0.003677267932914674,131,,0.032818486824109705,-0.00011798720421868358,131,,True,False,True,,True,False,347,161,0,148,0.0,0,0.37468354430379747,False,,65.536,0.7240773439,0.9285714285714286,True,0.9889514565444947,2,"{""sampled_capacity"":""no applicable or identifiable evidence""}","{""E"":{""-2"":[0.7240773439,65.536],""-1"":[0.7240773439,65.536],""0"":[0.7240773439,65.536],""1"":[0.512,65.536],""2"":[0.512,65.536]},""R"":{""-2"":[11.585237503,11.585237503],""-1"":[28.7744353955,28.7744353955],""0"":[65.536,65.536],""1"":[65.536,65.536],""2"":[46.3409500118,46.3409500118]}}",0.037461970822699676,-0.0029791769600251428,161,,0.04716199592371406,-0.00011798720379374572,161,,fail,"[""G0:paired_relevant_coverage failed"",""G0:sampled_capacity not-assessable"",""G0:original_recommendation failed"",""G1:paired_relevant_coverage failed"",""G1:sampled_capacity not-assessable"",""G1:original_recommendation failed""]"
h106,S1,49,45,5,30,610.7677855466885,750.1051271649947,70.55865494187333,756.5629779125206,True,,False,,True,,,,0,0,0,0,,0,0.0,False,,0,0,,,,0,"{""paired_relevant_coverage"":""no applicable or identifiable evidence"",""sampled_capacity"":""no applicable or identifiable evidence"",""request_error"":""no applicable or identifiable evidence"",""original_recommendation"":""no applicable or identifiable evidence""}","{""E"":{""-2"":[0,65.536],""-1"":[0,65.536],""0"":[0,65.536],""1"":[0,65.536],""2"":[0,65.536]},""R"":{""-2"":[0,0],""-1"":[0,0],""0"":[0,0],""1"":[0,0],""2"":[0,0]}}",,,0,empty applicable subset,,,0,empty applicable subset,False,,True,,,,0,0,0,0,,0,0.0,False,,0,0,,,,0,"{""paired_relevant_coverage"":""no applicable or identifiable evidence"",""sampled_capacity"":""no applicable or identifiable evidence"",""request_error"":""no applicable or identifiable evidence"",""original_recommendation"":""no applicable or identifiable evidence""}","{""E"":{""-2"":[0,65.536],""-1"":[0,65.536],""0"":[0,65.536],""1"":[0,65.536],""2"":[0,65.536]},""R"":{""-2"":[0,0],""-1"":[0,0],""0"":[0,0],""1"":[0,0],""2"":[0,0]}}",,,0,empty applicable subset,,,0,empty applicable subset,fail,"[""G0:nontrivial_service failed"",""G0:paired_relevant_coverage not-assessable"",""G0:sampled_capacity not-assessable"",""G0:request_error not-assessable"",""G0:original_recommendation not-assessable"",""G1:nontrivial_service failed"",""G1:paired_relevant_coverage not-assessable"",""G1:sampled_capacity not-assessable"",""G1:request_error not-assessable"",""G1:original_recommendation not-assessable""]"
h106,S2,49,45,5,30,610.7677855466885,750.1051271649947,70.55865494187333,756.5629779125206,True,,False,,True,,,,0,0,0,0,,0,0.0,False,,0,0,,,,0,"{""paired_relevant_coverage"":""no applicable or identifiable evidence"",""sampled_capacity"":""no applicable or identifiable evidence"",""request_error"":""no applicable or identifiable evidence"",""original_recommendation"":""no applicable or identifiable evidence""}","{""E"":{""-2"":[0,65.536],""-1"":[0,65.536],""0"":[0,65.536],""1"":[0,65.536],""2"":[0,65.536]},""R"":{""-2"":[0,0],""-1"":[0,0],""0"":[0,0],""1"":[0,0],""2"":[0,0]}}",,,0,empty applicable subset,,,0,empty applicable subset,False,,True,,,,0,0,0,0,,0,0.0,False,,0,0,,,,0,"{""paired_relevant_coverage"":""no applicable or identifiable evidence"",""sampled_capacity"":""no applicable or identifiable evidence"",""request_error"":""no applicable or identifiable evidence"",""original_recommendation"":""no applicable or identifiable evidence""}","{""E"":{""-2"":[0,65.536],""-1"":[0,65.536],""0"":[0,65.536],""1"":[0,65.536],""2"":[0,65.536]},""R"":{""-2"":[0,0],""-1"":[0,0],""0"":[0,0],""1"":[0,0],""2"":[0,0]}}",,,0,empty applicable subset,,,0,empty applicable subset,fail,"[""G0:nontrivial_service failed"",""G0:paired_relevant_coverage not-assessable"",""G0:sampled_capacity not-assessable"",""G0:request_error not-assessable"",""G0:original_recommendation not-assessable"",""G1:nontrivial_service failed"",""G1:paired_relevant_coverage not-assessable"",""G1:sampled_capacity not-assessable"",""G1:request_error not-assessable"",""G1:original_recommendation not-assessable""]"
h106,S3,49,45,5,30,610.7677855466885,750.1051271649947,70.55865494187333,756.5629779125206,True,,False,,True,,,,0,0,0,0,,0,0.0,False,,0,0,,,,0,"{""paired_relevant_coverage"":""no applicable or identifiable evidence"",""sampled_capacity"":""no applicable or identifiable evidence"",""request_error"":""no applicable or identifiable evidence"",""original_recommendation"":""no applicable or identifiable evidence""}","{""E"":{""-2"":[0,65.536],""-1"":[0,65.536],""0"":[0,65.536],""1"":[0,65.536],""2"":[0,65.536]},""R"":{""-2"":[0,0],""-1"":[0,0],""0"":[0,0],""1"":[0,0],""2"":[0,0]}}",,,0,empty applicable subset,,,0,empty applicable subset,False,,True,,,,0,0,0,0,,0,0.0,False,,0,0,,,,0,"{""paired_relevant_coverage"":""no applicable or identifiable evidence"",""sampled_capacity"":""no applicable or identifiable evidence"",""request_error"":""no applicable or identifiable evidence"",""original_recommendation"":""no applicable or identifiable evidence""}","{""E"":{""-2"":[0,65.536],""-1"":[0,65.536],""0"":[0,65.536],""1"":[0,65.536],""2"":[0,65.536]},""R"":{""-2"":[0,0],""-1"":[0,0],""0"":[0,0],""1"":[0,0],""2"":[0,0]}}",,,0,empty applicable subset,,,0,empty applicable subset,fail,"[""G0:nontrivial_service failed"",""G0:paired_relevant_coverage not-assessable"",""G0:sampled_capacity not-assessable"",""G0:request_error not-assessable"",""G0:original_recommendation not-assessable"",""G1:nontrivial_service failed"",""G1:paired_relevant_coverage not-assessable"",""G1:sampled_capacity not-assessable"",""G1:request_error not-assessable"",""G1:original_recommendation not-assessable""]"
h106,S4,49,45,5,30,610.7677855466885,750.1051271649947,70.55865494187333,756.5629779125206,True,,True,True,True,,True,False,79,79,0,69,0.0,0,0.21904761904761905,False,,0.1522185107,0.1076347412,1.0,True,0.2928932184067151,0,"{""sampled_capacity"":""no applicable or identifiable evidence""}","{""E"":{""-2"":[0.1076347412,65.536],""-1"":[0.090509668,65.536],""0"":[0.064,65.536],""1"":[0.016,65.536],""2"":[0.016,65.536]},""R"":{""-2"":[0.1522185107,0.1522185107],""-1"":[0.128,0.128],""0"":[0.0987014929,0.0987014929],""1"":[0.064,0.064],""2"":[0.016,0.016]}}",0.027707824550873283,-0.003964660535283808,79,,0.018699903988421807,-0.00023610881243030235,79,,True,True,True,,True,False,98,98,0,86,0.0,0,0.2492753623188406,False,,0.1522185107,0.1076347412,1.0,True,0.2928932184067151,0,"{""sampled_capacity"":""no applicable or identifiable evidence""}","{""E"":{""-2"":[0.1076347412,65.536],""-1"":[0.090509668,65.536],""0"":[0.0761092554,65.536],""1"":[0.0538173706,65.536],""2"":[0.045254834,65.536]},""R"":{""-2"":[0.1522185107,0.1522185107],""-1"":[0.128,0.128],""0"":[0.0987014929,0.0987014929],""1"":[0.0761092554,0.0761092554],""2"":[0.0538173706,0.0538173706]}}",0.029919270135773484,-0.0039056333325030814,98,,0.01869990398927257,-0.00023610880941360435,98,,fail,"[""G0:sampled_capacity not-assessable"",""G0:original_recommendation failed"",""G1:sampled_capacity not-assessable"",""G1:original_recommendation failed""]"
h106,S5,49,45,5,30,610.7677855466885,750.1051271649947,70.55865494187333,756.5629779125206,True,,True,True,False,,True,False,124,124,12,124,0.0967741935483871,0,0.39365079365079364,False,,0.2199832701,0.2248002765,0.8979591836734694,False,1.0,0,"{""sampled_capacity"":""no applicable or identifiable evidence""}","{""E"":{""-2"":[0.2248002765,65.536],""-1"":[0.2199832701,65.536],""0"":[0.181019336,65.536],""1"":[0.181019336,65.536],""2"":[0.165995463,65.536]},""R"":{""-2"":[0.2199832701,0.2199832701],""-1"":[0.181019336,0.181019336],""0"":[0.165995463,0.165995463],""1"":[0.1522185107,0.1522185107],""2"":[0.128,0.128]}}",0.03451103705842229,-0.0017904918546670274,124,,0.04616790798087948,-0.00019675503911760947,124,,True,True,False,,True,False,144,144,12,144,0.08333333333333333,0,0.41739130434782606,False,,0.2199832701,0.2248002765,0.8979591836734694,False,1.0,0,"{""sampled_capacity"":""no applicable or identifiable evidence""}","{""E"":{""-2"":[0.2248002765,65.536],""-1"":[0.2199832701,65.536],""0"":[0.181019336,65.536],""1"":[0.181019336,65.536],""2"":[0.165995463,65.536]},""R"":{""-2"":[0.2199832701,0.2199832701],""-1"":[0.181019336,0.181019336],""0"":[0.165995463,0.165995463],""1"":[0.1522185107,0.1522185107],""2"":[0.128,0.128]}}",0.03449644027993296,0.005043930888528318,144,,0.043357946104401655,0.000498164159106566,144,,fail,"[""G0:zero_observed_optimistic failed"",""G0:sampled_capacity not-assessable"",""G0:original_recommendation failed"",""G1:zero_observed_optimistic failed"",""G1:sampled_capacity not-assessable"",""G1:original_recommendation failed""]"
h106,S6,49,45,5,30,610.7677855466885,750.1051271649947,70.55865494187333,756.5629779125206,True,,True,True,True,,True,False,178,178,0,175,0.0,0,0.5555555555555556,False,,0.512,0.362038672,1.0,True,0.29289321874999996,0,"{""sampled_capacity"":""no applicable or identifiable evidence""}","{""E"":{""-2"":[0.362038672,65.536],""-1"":[0.362038672,65.536],""0"":[0.362038672,65.536],""1"":[0.362038672,65.536],""2"":[0.362038672,65.536]},""R"":{""-2"":[0.512,0.512],""-1"":[0.512,0.512],""0"":[0.512,0.512],""1"":[0.362038672,0.362038672],""2"":[0.362038672,0.362038672]}}",0.036935966666533204,0.02623931825191524,178,,0.09765627553065437,-0.00011805440664197642,178,,True,True,True,,True,False,198,198,0,195,0.0,0,0.5652173913043478,False,,0.512,0.362038672,1.0,True,0.29289321874999996,0,"{""sampled_capacity"":""no applicable or identifiable evidence""}","{""E"":{""-2"":[0.362038672,65.536],""-1"":[0.362038672,65.536],""0"":[0.362038672,65.536],""1"":[0.362038672,65.536],""2"":[0.362038672,65.536]},""R"":{""-2"":[0.512,0.512],""-1"":[0.512,0.512],""0"":[0.512,0.512],""1"":[0.362038672,0.362038672],""2"":[0.362038672,0.362038672]}}",0.036678962949328785,0.02606687185254941,198,,0.09401027860482092,-0.00011805440470680217,198,,fail,"[""G0:sampled_capacity not-assessable"",""G0:original_recommendation failed"",""G1:sampled_capacity not-assessable"",""G1:original_recommendation failed""]"
w201,S1,13,12,5,25,498.7686108946951,795.8952699776056,322.2812763438411,840.6675409915771,True,,False,,True,,,,0,0,0,0,,0,0.0,False,,0,0,,,,0,"{""paired_relevant_coverage"":""no applicable or identifiable evidence"",""sampled_capacity"":""no applicable or identifiable evidence"",""request_error"":""no applicable or identifiable evidence"",""original_recommendation"":""no applicable or identifiable evidence""}","{""E"":{""-2"":[0,65.536],""-1"":[0,65.536],""0"":[0,65.536],""1"":[0,65.536],""2"":[0,65.536]},""R"":{""-2"":[0,0],""-1"":[0,0],""0"":[0,0],""1"":[0,0],""2"":[0,0]}}",,,0,empty applicable subset,,,0,empty applicable subset,False,,True,,,,0,0,0,0,,0,0.0,False,,0,0,,,,0,"{""paired_relevant_coverage"":""no applicable or identifiable evidence"",""sampled_capacity"":""no applicable or identifiable evidence"",""request_error"":""no applicable or identifiable evidence"",""original_recommendation"":""no applicable or identifiable evidence""}","{""E"":{""-2"":[0,65.536],""-1"":[0,65.536],""0"":[0,65.536],""1"":[0,65.536],""2"":[0,65.536]},""R"":{""-2"":[0,0],""-1"":[0,0],""0"":[0,0],""1"":[0,0],""2"":[0,0]}}",,,0,empty applicable subset,,,0,empty applicable subset,fail,"[""G0:nontrivial_service failed"",""G0:paired_relevant_coverage not-assessable"",""G0:sampled_capacity not-assessable"",""G0:request_error not-assessable"",""G0:original_recommendation not-assessable"",""G1:nontrivial_service failed"",""G1:paired_relevant_coverage not-assessable"",""G1:sampled_capacity not-assessable"",""G1:request_error not-assessable"",""G1:original_recommendation not-assessable""]"
w201,S2,13,12,5,25,498.7686108946951,795.8952699776056,322.2812763438411,840.6675409915771,True,,False,,True,,,,0,0,0,0,,0,0.0,False,,0,0,,,,0,"{""paired_relevant_coverage"":""no applicable or identifiable evidence"",""sampled_capacity"":""no applicable or identifiable evidence"",""request_error"":""no applicable or identifiable evidence"",""original_recommendation"":""no applicable or identifiable evidence""}","{""E"":{""-2"":[0,65.536],""-1"":[0,65.536],""0"":[0,65.536],""1"":[0,65.536],""2"":[0,65.536]},""R"":{""-2"":[0,0],""-1"":[0,0],""0"":[0,0],""1"":[0,0],""2"":[0,0]}}",,,0,empty applicable subset,,,0,empty applicable subset,False,,True,,,,0,0,0,0,,0,0.0,False,,0,0,,,,0,"{""paired_relevant_coverage"":""no applicable or identifiable evidence"",""sampled_capacity"":""no applicable or identifiable evidence"",""request_error"":""no applicable or identifiable evidence"",""original_recommendation"":""no applicable or identifiable evidence""}","{""E"":{""-2"":[0,65.536],""-1"":[0,65.536],""0"":[0,65.536],""1"":[0,65.536],""2"":[0,65.536]},""R"":{""-2"":[0,0],""-1"":[0,0],""0"":[0,0],""1"":[0,0],""2"":[0,0]}}",,,0,empty applicable subset,,,0,empty applicable subset,fail,"[""G0:nontrivial_service failed"",""G0:paired_relevant_coverage not-assessable"",""G0:sampled_capacity not-assessable"",""G0:request_error not-assessable"",""G0:original_recommendation not-assessable"",""G1:nontrivial_service failed"",""G1:paired_relevant_coverage not-assessable"",""G1:sampled_capacity not-assessable"",""G1:request_error not-assessable"",""G1:original_recommendation not-assessable""]"
w201,S3,13,12,5,25,498.7686108946951,795.8952699776056,322.2812763438411,840.6675409915771,True,,False,,True,,,,0,0,0,0,,0,0.0,False,,0,0,,,,0,"{""paired_relevant_coverage"":""no applicable or identifiable evidence"",""sampled_capacity"":""no applicable or identifiable evidence"",""request_error"":""no applicable or identifiable evidence"",""original_recommendation"":""no applicable or identifiable evidence""}","{""E"":{""-2"":[0,65.536],""-1"":[0,65.536],""0"":[0,65.536],""1"":[0,65.536],""2"":[0,65.536]},""R"":{""-2"":[0,0],""-1"":[0,0],""0"":[0,0],""1"":[0,0],""2"":[0,0]}}",,,0,empty applicable subset,,,0,empty applicable subset,False,,True,,,,0,0,0,0,,0,0.0,False,,0,0,,,,0,"{""paired_relevant_coverage"":""no applicable or identifiable evidence"",""sampled_capacity"":""no applicable or identifiable evidence"",""request_error"":""no applicable or identifiable evidence"",""original_recommendation"":""no applicable or identifiable evidence""}","{""E"":{""-2"":[0,65.536],""-1"":[0,65.536],""0"":[0,65.536],""1"":[0,65.536],""2"":[0,65.536]},""R"":{""-2"":[0,0],""-1"":[0,0],""0"":[0,0],""1"":[0,0],""2"":[0,0]}}",,,0,empty applicable subset,,,0,empty applicable subset,fail,"[""G0:nontrivial_service failed"",""G0:paired_relevant_coverage not-assessable"",""G0:sampled_capacity not-assessable"",""G0:request_error not-assessable"",""G0:original_recommendation not-assessable"",""G1:nontrivial_service failed"",""G1:paired_relevant_coverage not-assessable"",""G1:sampled_capacity not-assessable"",""G1:request_error not-assessable"",""G1:original_recommendation not-assessable""]"
w201,S4,13,12,5,25,498.7686108946951,795.8952699776056,322.2812763438411,840.6675409915771,True,,True,True,True,,True,True,45,45,0,44,0.0,0,0.352,False,,0.064,0.064,1.0,True,0.0,0,"{""sampled_capacity"":""no applicable or identifiable evidence""}","{""E"":{""-2"":[0.064,65.536],""-1"":[0.064,65.536],""0"":[0.064,65.536],""1"":[0.064,65.536],""2"":[0.032,65.536]},""R"":{""-2"":[0.064,0.064],""-1"":[0.064,0.064],""0"":[0.064,0.064],""1"":[0.064,0.064],""2"":[0.064,0.064]}}",0.02839662046430173,-0.004188545827380115,45,,0.0032092402184978885,-0.00023597440844169704,45,,True,True,True,,True,False,60,60,0,54,0.0,0,0.34838709677419355,False,,0.181019336,0.128,1.0,True,0.2928932188769049,0,"{""sampled_capacity"":""no applicable or identifiable evidence""}","{""E"":{""-2"":[0.128,65.536],""-1"":[0.128,65.536],""0"":[0.090509668,65.536],""1"":[0.064,65.536],""2"":[0.045254834,65.536]},""R"":{""-2"":[0.181019336,0.181019336],""-1"":[0.181019336,0.181019336],""0"":[0.128,0.128],""1"":[0.128,0.128],""2"":[0.064,0.064]}}",0.03304196926827293,-0.004041061817626239,60,,0.021818434935077402,-0.0002359744067629288,60,,fail,"[""G0:sampled_capacity not-assessable"",""G1:sampled_capacity not-assessable"",""G1:original_recommendation failed""]"
w201,S5,13,12,5,25,498.7686108946951,795.8952699776056,322.2812763438411,840.6675409915771,True,,True,True,True,,True,True,50,50,0,48,0.0,0,0.384,False,,0.256,0.256,0.9230769230769231,True,0.0,0,"{""sampled_capacity"":""no applicable or identifiable evidence""}","{""E"":{""-2"":[0.256,65.536],""-1"":[0.256,65.536],""0"":[0.256,65.536],""1"":[0.064,65.536],""2"":[0.064,65.536]},""R"":{""-2"":[0.256,0.256],""-1"":[0.256,0.256],""0"":[0.256,0.256],""1"":[0.256,0.256],""2"":[0.256,0.256]}}",0.0322561883141835,-0.004188545826612729,50,,0.012109701468866474,-0.00019664533967853987,50,,True,True,True,,True,False,71,71,0,68,0.0,0,0.43870967741935485,False,,0.362038672,0.256,0.9230769230769231,True,0.2928932188769049,0,"{""sampled_capacity"":""no applicable or identifiable evidence""}","{""E"":{""-2"":[0.256,65.536],""-1"":[0.256,65.536],""0"":[0.256,65.536],""1"":[0.181019336,65.536],""2"":[0.181019336,65.536]},""R"":{""-2"":[0.362038672,0.362038672],""-1"":[0.256,0.256],""0"":[0.256,0.256],""1"":[0.256,0.256],""2"":[0.256,0.256]}}",0.03414398361632228,-0.003864081008108163,71,,0.03413448178469697,-0.0001966453375701338,71,,fail,"[""G0:sampled_capacity not-assessable"",""G1:sampled_capacity not-assessable"",""G1:original_recommendation failed""]"
w201,S6,13,12,5,25,498.7686108946951,795.8952699776056,322.2812763438411,840.6675409915771,True,,True,False,True,,False,False,99,85,0,60,0.0,0,0.48,False,,16.384,0.7240773439,0.9230769230769231,True,0.9558058261779785,0,"{""sampled_capacity"":""no applicable or identifiable evidence""}","{""E"":{""-2"":[0.7240773439,65.536],""-1"":[0.7240773439,65.536],""0"":[0.7240773439,65.536],""1"":[0.7240773439,65.536],""2"":[0.7240773439,65.536]},""R"":{""-2"":[4.096,4.096],""-1"":[4.096,4.096],""0"":[8.192,8.192],""1"":[16.384,16.384],""2"":[4.096,4.096]}}",0.5563901676847326,0.025507140454202215,85,,0.0755875868841499,-0.00011798720612449243,85,,True,False,True,,False,False,127,110,0,85,0.0,0,0.5483870967741935,False,,16.384,0.7240773439,0.9230769230769231,True,0.9558058261779785,0,"{""sampled_capacity"":""no applicable or identifiable evidence""}","{""E"":{""-2"":[0.7240773439,65.536],""-1"":[0.7240773439,65.536],""0"":[0.7240773439,65.536],""1"":[0.7240773439,65.536],""2"":[0.7240773439,65.536]},""R"":{""-2"":[4.096,4.096],""-1"":[4.096,4.096],""0"":[8.192,8.192],""1"":[16.384,16.384],""2"":[5.7926187515,5.7926187515]}}",0.4434505344487647,0.027108522420370207,110,,0.06462182446195375,-0.00011798720379374572,110,,fail,"[""G0:paired_relevant_coverage failed"",""G0:sampled_capacity not-assessable"",""G0:request_error failed"",""G0:original_recommendation failed"",""G1:paired_relevant_coverage failed"",""G1:sampled_capacity not-assessable"",""G1:request_error failed"",""G1:original_recommendation failed""]"
w202,S1,48,44,5,30,471.32309617645836,766.4168485533713,87.47807998533635,786.1956657744756,True,,False,,True,,,,0,0,0,0,,0,0.0,False,,0,0,,,,0,"{""paired_relevant_coverage"":""no applicable or identifiable evidence"",""sampled_capacity"":""no applicable or identifiable evidence"",""request_error"":""no applicable or identifiable evidence"",""original_recommendation"":""no applicable or identifiable evidence""}","{""E"":{""-2"":[0,65.536],""-1"":[0,65.536],""0"":[0,65.536],""1"":[0,65.536],""2"":[0,65.536]},""R"":{""-2"":[0,0],""-1"":[0,0],""0"":[0,0],""1"":[0,0],""2"":[0,0]}}",,,0,empty applicable subset,,,0,empty applicable subset,False,,True,,,,0,0,0,0,,0,0.0,False,,0,0,,,,0,"{""paired_relevant_coverage"":""no applicable or identifiable evidence"",""sampled_capacity"":""no applicable or identifiable evidence"",""request_error"":""no applicable or identifiable evidence"",""original_recommendation"":""no applicable or identifiable evidence""}","{""E"":{""-2"":[0,65.536],""-1"":[0,65.536],""0"":[0,65.536],""1"":[0,65.536],""2"":[0,65.536]},""R"":{""-2"":[0,0],""-1"":[0,0],""0"":[0,0],""1"":[0,0],""2"":[0,0]}}",,,0,empty applicable subset,,,0,empty applicable subset,fail,"[""G0:nontrivial_service failed"",""G0:paired_relevant_coverage not-assessable"",""G0:sampled_capacity not-assessable"",""G0:request_error not-assessable"",""G0:original_recommendation not-assessable"",""G1:nontrivial_service failed"",""G1:paired_relevant_coverage not-assessable"",""G1:sampled_capacity not-assessable"",""G1:request_error not-assessable"",""G1:original_recommendation not-assessable""]"
w202,S2,48,44,5,30,471.32309617645836,766.4168485533713,87.47807998533635,786.1956657744756,True,,False,,True,,,,0,0,0,0,,0,0.0,False,,0,0,,,,0,"{""paired_relevant_coverage"":""no applicable or identifiable evidence"",""sampled_capacity"":""no applicable or identifiable evidence"",""request_error"":""no applicable or identifiable evidence"",""original_recommendation"":""no applicable or identifiable evidence""}","{""E"":{""-2"":[0,65.536],""-1"":[0,65.536],""0"":[0,65.536],""1"":[0,65.536],""2"":[0,65.536]},""R"":{""-2"":[0,0],""-1"":[0,0],""0"":[0,0],""1"":[0,0],""2"":[0,0]}}",,,0,empty applicable subset,,,0,empty applicable subset,False,,True,,,,0,0,0,0,,0,0.0,False,,0,0,,,,0,"{""paired_relevant_coverage"":""no applicable or identifiable evidence"",""sampled_capacity"":""no applicable or identifiable evidence"",""request_error"":""no applicable or identifiable evidence"",""original_recommendation"":""no applicable or identifiable evidence""}","{""E"":{""-2"":[0,65.536],""-1"":[0,65.536],""0"":[0,65.536],""1"":[0,65.536],""2"":[0,65.536]},""R"":{""-2"":[0,0],""-1"":[0,0],""0"":[0,0],""1"":[0,0],""2"":[0,0]}}",,,0,empty applicable subset,,,0,empty applicable subset,fail,"[""G0:nontrivial_service failed"",""G0:paired_relevant_coverage not-assessable"",""G0:sampled_capacity not-assessable"",""G0:request_error not-assessable"",""G0:original_recommendation not-assessable"",""G1:nontrivial_service failed"",""G1:paired_relevant_coverage not-assessable"",""G1:sampled_capacity not-assessable"",""G1:request_error not-assessable"",""G1:original_recommendation not-assessable""]"
w202,S3,48,44,5,30,471.32309617645836,766.4168485533713,87.47807998533635,786.1956657744756,True,,False,,True,,,,0,0,0,0,,0,0.0,False,,0,0,,,,0,"{""paired_relevant_coverage"":""no applicable or identifiable evidence"",""sampled_capacity"":""no applicable or identifiable evidence"",""request_error"":""no applicable or identifiable evidence"",""original_recommendation"":""no applicable or identifiable evidence""}","{""E"":{""-2"":[0,65.536],""-1"":[0,65.536],""0"":[0,65.536],""1"":[0,65.536],""2"":[0,65.536]},""R"":{""-2"":[0,0],""-1"":[0,0],""0"":[0,0],""1"":[0,0],""2"":[0,0]}}",,,0,empty applicable subset,,,0,empty applicable subset,False,,True,,,,0,0,0,0,,0,0.0,False,,0,0,,,,0,"{""paired_relevant_coverage"":""no applicable or identifiable evidence"",""sampled_capacity"":""no applicable or identifiable evidence"",""request_error"":""no applicable or identifiable evidence"",""original_recommendation"":""no applicable or identifiable evidence""}","{""E"":{""-2"":[0,65.536],""-1"":[0,65.536],""0"":[0,65.536],""1"":[0,65.536],""2"":[0,65.536]},""R"":{""-2"":[0,0],""-1"":[0,0],""0"":[0,0],""1"":[0,0],""2"":[0,0]}}",,,0,empty applicable subset,,,0,empty applicable subset,fail,"[""G0:nontrivial_service failed"",""G0:paired_relevant_coverage not-assessable"",""G0:sampled_capacity not-assessable"",""G0:request_error not-assessable"",""G0:original_recommendation not-assessable"",""G1:nontrivial_service failed"",""G1:paired_relevant_coverage not-assessable"",""G1:sampled_capacity not-assessable"",""G1:request_error not-assessable"",""G1:original_recommendation not-assessable""]"
w202,S4,48,44,5,30,471.32309617645836,766.4168485533713,87.47807998533635,786.1956657744756,True,,True,True,True,,True,False,47,47,0,45,0.0,0,0.36,False,,0.128,0.090509668,1.0,True,0.29289321874999996,0,"{""sampled_capacity"":""no applicable or identifiable evidence""}","{""E"":{""-2"":[0.090509668,65.536],""-1"":[0.090509668,65.536],""0"":[0.064,65.536],""1"":[0.016,65.536],""2"":[0.016,65.536]},""R"":{""-2"":[0.128,0.128],""-1"":[0.090509668,0.090509668],""0"":[0.090509668,0.090509668],""1"":[0.016,0.016],""2"":[0.016,0.016]}}",0.02536641212536021,-0.008834404871474058,47,,0.004006680383460193,-0.00023610885546077043,47,,True,True,True,,True,False,60,60,0,58,0.0,0,0.3741935483870968,False,,0.128,0.090509668,1.0,True,0.29289321874999996,0,"{""sampled_capacity"":""no applicable or identifiable evidence""}","{""E"":{""-2"":[0.090509668,65.536],""-1"":[0.090509668,65.536],""0"":[0.0761092554,65.536],""1"":[0.045254834,65.536],""2"":[0.045254834,65.536]},""R"":{""-2"":[0.128,0.128],""-1"":[0.090509668,0.090509668],""0"":[0.090509668,0.090509668],""1"":[0.045254834,0.045254834],""2"":[0.045254834,0.045254834]}}",0.028640938069429467,-0.007752239454627367,60,,0.009032332623514439,-0.00023610881111968407,60,,fail,"[""G0:sampled_capacity not-assessable"",""G0:original_recommendation failed"",""G1:sampled_capacity not-assessable"",""G1:original_recommendation failed""]"
w202,S5,48,44,5,30,471.32309617645836,766.4168485533713,87.47807998533635,786.1956657744756,True,,True,True,True,,True,True,58,58,0,58,0.0,0,0.464,False,,0.181019336,0.181019336,0.9166666666666666,True,0.0,0,"{""sampled_capacity"":""no applicable or identifiable evidence""}","{""E"":{""-2"":[0.181019336,65.536],""-1"":[0.181019336,65.536],""0"":[0.181019336,65.536],""1"":[0.128,65.536],""2"":[0.128,65.536]},""R"":{""-2"":[0.181019336,0.181019336],""-1"":[0.181019336,0.181019336],""0"":[0.181019336,0.181019336],""1"":[0.128,0.128],""2"":[0.128,0.128]}}",0.03147572773991669,-0.004200769328842095,58,,0.02866160861377106,-0.00019675734259973673,58,,True,True,False,,True,True,78,78,1,78,0.01282051282051282,0,0.5032258064516129,False,,0.181019336,0.181019336,0.9166666666666666,True,0.0,0,"{""sampled_capacity"":""no applicable or identifiable evidence""}","{""E"":{""-2"":[0.181019336,65.536],""-1"":[0.181019336,65.536],""0"":[0.181019336,65.536],""1"":[0.1522185107,65.536],""2"":[0.1522185107,65.536]},""R"":{""-2"":[0.181019336,0.181019336],""-1"":[0.181019336,0.181019336],""0"":[0.181019336,0.181019336],""1"":[0.1522185107,0.1522185107],""2"":[0.128,0.128]}}",0.033065772521249905,-0.0038466061305371113,78,,0.03131095738958617,-0.00019675702483336796,78,,fail,"[""G0:sampled_capacity not-assessable"",""G1:zero_observed_optimistic failed"",""G1:sampled_capacity not-assessable""]"
w202,S6,48,44,5,30,471.32309617645836,766.4168485533713,87.47807998533635,786.1956657744756,True,,True,True,True,,True,False,72,72,0,65,0.0,0,0.52,False,,0.512,0.256,1.0,True,0.5,0,"{""sampled_capacity"":""no applicable or identifiable evidence""}","{""E"":{""-2"":[0.256,65.536],""-1"":[0.256,65.536],""0"":[0.256,65.536],""1"":[0.256,65.536],""2"":[0.256,65.536]},""R"":{""-2"":[0.512,0.512],""-1"":[0.512,0.512],""0"":[0.362038672,0.362038672],""1"":[0.362038672,0.362038672],""2"":[0.362038672,0.362038672]}}",0.03511444349328485,-0.0037482274539494633,72,,0.05780867335548989,-0.00011805440796675004,72,,True,True,True,,True,False,97,97,0,86,0.0,0,0.5548387096774193,False,,0.512,0.3044370215,0.9375,True,0.40539644238281247,0,"{""sampled_capacity"":""no applicable or identifiable evidence""}","{""E"":{""-2"":[0.256,65.536],""-1"":[0.256,65.536],""0"":[0.256,65.536],""1"":[0.256,65.536],""2"":[0.3044370215,65.536]},""R"":{""-2"":[0.512,0.512],""-1"":[0.512,0.512],""0"":[0.362038672,0.362038672],""1"":[0.362038672,0.362038672],""2"":[0.362038672,0.362038672]}}",0.035297484527215296,0.01757899819161442,97,,0.06830482303310681,-0.00011805440470852302,97,,fail,"[""G0:sampled_capacity not-assessable"",""G0:original_recommendation failed"",""G1:sampled_capacity not-assessable"",""G1:original_recommendation failed""]"
w203,S1,5,5,5,30,516.7980193754341,658.7559785901047,346.899835946422,664.635427774819,True,,False,,True,False,,,0,0,0,0,,0,0.0,True,,0,0,,,,0,"{""paired_relevant_coverage"":""no applicable or identifiable evidence"",""request_error"":""no applicable or identifiable evidence"",""original_recommendation"":""no applicable or identifiable evidence""}","{""E"":{""-2"":[0,0],""-1"":[0,0],""0"":[0,0],""1"":[0,0],""2"":[0,0]},""R"":{""-2"":[0,0],""-1"":[0,0],""0"":[0,0],""1"":[0,0],""2"":[0,0]}}",,,0,empty applicable subset,,,0,empty applicable subset,False,,True,False,,,0,0,0,0,,0,0.0,True,,0,0,,,,0,"{""paired_relevant_coverage"":""no applicable or identifiable evidence"",""request_error"":""no applicable or identifiable evidence"",""original_recommendation"":""no applicable or identifiable evidence""}","{""E"":{""-2"":[0,0],""-1"":[0,0],""0"":[0,0],""1"":[0,0],""2"":[0,0]},""R"":{""-2"":[0,0],""-1"":[0,0],""0"":[0,0],""1"":[0,0],""2"":[0,0]}}",,,0,empty applicable subset,,,0,empty applicable subset,fail,"[""G0:nontrivial_service failed"",""G0:paired_relevant_coverage not-assessable"",""G0:sampled_capacity failed"",""G0:request_error not-assessable"",""G0:original_recommendation not-assessable"",""G1:nontrivial_service failed"",""G1:paired_relevant_coverage not-assessable"",""G1:sampled_capacity failed"",""G1:request_error not-assessable"",""G1:original_recommendation not-assessable""]"
w203,S2,5,5,5,30,516.7980193754341,658.7559785901047,346.899835946422,664.635427774819,True,,False,,True,False,,,0,0,0,0,,0,0.0,True,,0,0,,,,0,"{""paired_relevant_coverage"":""no applicable or identifiable evidence"",""request_error"":""no applicable or identifiable evidence"",""original_recommendation"":""no applicable or identifiable evidence""}","{""E"":{""-2"":[0,0],""-1"":[0,0],""0"":[0,0],""1"":[0,0],""2"":[0,0]},""R"":{""-2"":[0,0],""-1"":[0,0],""0"":[0,0],""1"":[0,0],""2"":[0,0]}}",,,0,empty applicable subset,,,0,empty applicable subset,False,,True,False,,,0,0,0,0,,0,0.0,True,,0,0,,,,0,"{""paired_relevant_coverage"":""no applicable or identifiable evidence"",""request_error"":""no applicable or identifiable evidence"",""original_recommendation"":""no applicable or identifiable evidence""}","{""E"":{""-2"":[0,0],""-1"":[0,0],""0"":[0,0],""1"":[0,0],""2"":[0,0]},""R"":{""-2"":[0,0],""-1"":[0,0],""0"":[0,0],""1"":[0,0],""2"":[0,0]}}",,,0,empty applicable subset,,,0,empty applicable subset,fail,"[""G0:nontrivial_service failed"",""G0:paired_relevant_coverage not-assessable"",""G0:sampled_capacity failed"",""G0:request_error not-assessable"",""G0:original_recommendation not-assessable"",""G1:nontrivial_service failed"",""G1:paired_relevant_coverage not-assessable"",""G1:sampled_capacity failed"",""G1:request_error not-assessable"",""G1:original_recommendation not-assessable""]"
w203,S3,5,5,5,30,516.7980193754341,658.7559785901047,346.899835946422,664.635427774819,True,,False,,True,False,,,0,0,0,0,,0,0.0,True,,0,0,,,,0,"{""paired_relevant_coverage"":""no applicable or identifiable evidence"",""request_error"":""no applicable or identifiable evidence"",""original_recommendation"":""no applicable or identifiable evidence""}","{""E"":{""-2"":[0,0],""-1"":[0,0],""0"":[0,0],""1"":[0,0],""2"":[0,0]},""R"":{""-2"":[0,0],""-1"":[0,0],""0"":[0,0],""1"":[0,0],""2"":[0,0]}}",,,0,empty applicable subset,,,0,empty applicable subset,False,,True,False,,,0,0,0,0,,0,0.0,True,,0,0,,,,0,"{""paired_relevant_coverage"":""no applicable or identifiable evidence"",""request_error"":""no applicable or identifiable evidence"",""original_recommendation"":""no applicable or identifiable evidence""}","{""E"":{""-2"":[0,0],""-1"":[0,0],""0"":[0,0],""1"":[0,0],""2"":[0,0]},""R"":{""-2"":[0,0],""-1"":[0,0],""0"":[0,0],""1"":[0,0],""2"":[0,0]}}",,,0,empty applicable subset,,,0,empty applicable subset,fail,"[""G0:nontrivial_service failed"",""G0:paired_relevant_coverage not-assessable"",""G0:sampled_capacity failed"",""G0:request_error not-assessable"",""G0:original_recommendation not-assessable"",""G1:nontrivial_service failed"",""G1:paired_relevant_coverage not-assessable"",""G1:sampled_capacity failed"",""G1:request_error not-assessable"",""G1:original_recommendation not-assessable""]"
w203,S4,5,5,5,30,516.7980193754341,658.7559785901047,346.899835946422,664.635427774819,True,,False,True,True,False,False,False,108,108,0,52,0.0,0,0.416,True,0.9986189320678711,65.536,0.256,1.0,True,0.99609375,5,{},"{""E"":{""-2"":[0.256,0.256],""-1"":[0.256,0.256],""0"":[0.256,0.256],""1"":[0.128,0.128],""2"":[0.090509668,0.090509668]},""R"":{""-2"":[65.536,65.536],""-1"":[65.536,65.536],""0"":[65.536,65.536],""1"":[65.536,65.536],""2"":[65.536,65.536]}}",1.0526728840370934,0.4078570661566981,108,,0.03970870529469506,0.009389971883071446,108,,False,True,True,False,False,False,118,118,0,59,0.0,0,0.38064516129032255,True,0.9986189320678711,65.536,0.362038672,1.0,True,0.9944757282714843,5,{},"{""E"":{""-2"":[0.362038672,0.362038672],""-1"":[0.362038672,0.362038672],""0"":[0.362038672,0.362038672],""1"":[0.181019336,0.181019336],""2"":[0.090509668,0.090509668]},""R"":{""-2"":[65.536,65.536],""-1"":[65.536,65.536],""0"":[65.536,65.536],""1"":[65.536,65.536],""2"":[65.536,65.536]}}",1.0516161919154379,0.03327236773531913,118,,0.039708705294694724,0.009639621840038304,118,,fail,"[""G0:nontrivial_service failed"",""G0:sampled_capacity failed"",""G0:request_error failed"",""G0:original_recommendation failed"",""G1:nontrivial_service failed"",""G1:sampled_capacity failed"",""G1:request_error failed"",""G1:original_recommendation failed""]"
w203,S5,5,5,5,30,516.7980193754341,658.7559785901047,346.899835946422,664.635427774819,True,,False,True,True,False,False,False,125,125,0,65,0.0,0,0.52,True,0.96875,65.536,2.048,1.0,True,0.96875,5,{},"{""E"":{""-2"":[2.048,2.048],""-1"":[2.048,2.048],""0"":[2.048,2.048],""1"":[2.048,2.048],""2"":[2.048,2.048]},""R"":{""-2"":[65.536,65.536],""-1"":[65.536,65.536],""0"":[65.536,65.536],""1"":[65.536,65.536],""2"":[65.536,65.536]}}",1.051183498889884,0.12086813105682263,125,,0.03358998168495183,0.00804483102749822,125,,False,True,True,False,False,False,155,155,0,90,0.0,0,0.5806451612903226,True,0.96875,65.536,2.048,1.0,True,0.96875,5,{},"{""E"":{""-2"":[2.048,2.048],""-1"":[2.048,2.048],""0"":[2.048,2.048],""1"":[2.048,2.048],""2"":[2.048,2.048]},""R"":{""-2"":[65.536,65.536],""-1"":[65.536,65.536],""0"":[65.536,65.536],""1"":[65.536,65.536],""2"":[65.536,65.536]}}",1.0485133863338474,0.034353865727276535,155,,0.033839678654672786,0.01359676488886306,155,,fail,"[""G0:nontrivial_service failed"",""G0:sampled_capacity failed"",""G0:request_error failed"",""G0:original_recommendation failed"",""G1:nontrivial_service failed"",""G1:sampled_capacity failed"",""G1:request_error failed"",""G1:original_recommendation failed""]"
w203,S6,5,5,5,30,516.7980193754341,658.7559785901047,346.899835946422,664.635427774819,True,,False,True,True,False,False,False,125,125,0,65,0.0,0,0.52,True,0.96875,65.536,2.048,1.0,True,0.96875,5,{},"{""E"":{""-2"":[2.048,2.048],""-1"":[2.048,2.048],""0"":[2.048,2.048],""1"":[2.048,2.048],""2"":[2.048,2.048]},""R"":{""-2"":[65.536,65.536],""-1"":[65.536,65.536],""0"":[65.536,65.536],""1"":[65.536,65.536],""2"":[65.536,65.536]}}",1.051183498889884,0.12086813105682263,125,,0.020153989010971096,0.004826898616498931,125,,False,True,True,False,False,False,155,155,0,90,0.0,0,0.5806451612903226,True,0.96875,65.536,2.048,1.0,True,0.96875,5,{},"{""E"":{""-2"":[2.048,2.048],""-1"":[2.048,2.048],""0"":[2.048,2.048],""1"":[2.048,2.048],""2"":[2.048,2.048]},""R"":{""-2"":[65.536,65.536],""-1"":[65.536,65.536],""0"":[65.536,65.536],""1"":[65.536,65.536],""2"":[65.536,65.536]}}",1.0485133863338474,0.034353865727276535,155,,0.02030380719280367,0.008158058933317835,155,,fail,"[""G0:nontrivial_service failed"",""G0:sampled_capacity failed"",""G0:request_error failed"",""G0:original_recommendation failed"",""G1:nontrivial_service failed"",""G1:sampled_capacity failed"",""G1:request_error failed"",""G1:original_recommendation failed""]"
w204,S1,44,40,5,30,598.77977347933,748.7580790427659,371.89236977288414,794.6935316884848,True,,False,,True,,,,0,0,0,0,,0,0.0,False,,0,0,,,,0,"{""paired_relevant_coverage"":""no applicable or identifiable evidence"",""sampled_capacity"":""no applicable or identifiable evidence"",""request_error"":""no applicable or identifiable evidence"",""original_recommendation"":""no applicable or identifiable evidence""}","{""E"":{""-2"":[0,65.536],""-1"":[0,65.536],""0"":[0,65.536],""1"":[0,65.536],""2"":[0,65.536]},""R"":{""-2"":[0,0],""-1"":[0,0],""0"":[0,0],""1"":[0,0],""2"":[0,0]}}",,,0,empty applicable subset,,,0,empty applicable subset,False,,True,,,,0,0,0,0,,0,0.0,False,,0,0,,,,0,"{""paired_relevant_coverage"":""no applicable or identifiable evidence"",""sampled_capacity"":""no applicable or identifiable evidence"",""request_error"":""no applicable or identifiable evidence"",""original_recommendation"":""no applicable or identifiable evidence""}","{""E"":{""-2"":[0,65.536],""-1"":[0,65.536],""0"":[0,65.536],""1"":[0,65.536],""2"":[0,65.536]},""R"":{""-2"":[0,0],""-1"":[0,0],""0"":[0,0],""1"":[0,0],""2"":[0,0]}}",,,0,empty applicable subset,,,0,empty applicable subset,fail,"[""G0:nontrivial_service failed"",""G0:paired_relevant_coverage not-assessable"",""G0:sampled_capacity not-assessable"",""G0:request_error not-assessable"",""G0:original_recommendation not-assessable"",""G1:nontrivial_service failed"",""G1:paired_relevant_coverage not-assessable"",""G1:sampled_capacity not-assessable"",""G1:request_error not-assessable"",""G1:original_recommendation not-assessable""]"
w204,S2,44,40,5,30,598.77977347933,748.7580790427659,371.89236977288414,794.6935316884848,True,,False,,True,,,,0,0,0,0,,0,0.0,False,,0,0,,,,0,"{""paired_relevant_coverage"":""no applicable or identifiable evidence"",""sampled_capacity"":""no applicable or identifiable evidence"",""request_error"":""no applicable or identifiable evidence"",""original_recommendation"":""no applicable or identifiable evidence""}","{""E"":{""-2"":[0,65.536],""-1"":[0,65.536],""0"":[0,65.536],""1"":[0,65.536],""2"":[0,65.536]},""R"":{""-2"":[0,0],""-1"":[0,0],""0"":[0,0],""1"":[0,0],""2"":[0,0]}}",,,0,empty applicable subset,,,0,empty applicable subset,False,,True,,,,0,0,0,0,,0,0.0,False,,0,0,,,,0,"{""paired_relevant_coverage"":""no applicable or identifiable evidence"",""sampled_capacity"":""no applicable or identifiable evidence"",""request_error"":""no applicable or identifiable evidence"",""original_recommendation"":""no applicable or identifiable evidence""}","{""E"":{""-2"":[0,65.536],""-1"":[0,65.536],""0"":[0,65.536],""1"":[0,65.536],""2"":[0,65.536]},""R"":{""-2"":[0,0],""-1"":[0,0],""0"":[0,0],""1"":[0,0],""2"":[0,0]}}",,,0,empty applicable subset,,,0,empty applicable subset,fail,"[""G0:nontrivial_service failed"",""G0:paired_relevant_coverage not-assessable"",""G0:sampled_capacity not-assessable"",""G0:request_error not-assessable"",""G0:original_recommendation not-assessable"",""G1:nontrivial_service failed"",""G1:paired_relevant_coverage not-assessable"",""G1:sampled_capacity not-assessable"",""G1:request_error not-assessable"",""G1:original_recommendation not-assessable""]"
w204,S3,44,40,5,30,598.77977347933,748.7580790427659,371.89236977288414,794.6935316884848,True,,False,,True,,,,0,0,0,0,,0,0.0,False,,0,0,,,,0,"{""paired_relevant_coverage"":""no applicable or identifiable evidence"",""sampled_capacity"":""no applicable or identifiable evidence"",""request_error"":""no applicable or identifiable evidence"",""original_recommendation"":""no applicable or identifiable evidence""}","{""E"":{""-2"":[0,65.536],""-1"":[0,65.536],""0"":[0,65.536],""1"":[0,65.536],""2"":[0,65.536]},""R"":{""-2"":[0,0],""-1"":[0,0],""0"":[0,0],""1"":[0,0],""2"":[0,0]}}",,,0,empty applicable subset,,,0,empty applicable subset,False,,True,,,,0,0,0,0,,0,0.0,False,,0,0,,,,0,"{""paired_relevant_coverage"":""no applicable or identifiable evidence"",""sampled_capacity"":""no applicable or identifiable evidence"",""request_error"":""no applicable or identifiable evidence"",""original_recommendation"":""no applicable or identifiable evidence""}","{""E"":{""-2"":[0,65.536],""-1"":[0,65.536],""0"":[0,65.536],""1"":[0,65.536],""2"":[0,65.536]},""R"":{""-2"":[0,0],""-1"":[0,0],""0"":[0,0],""1"":[0,0],""2"":[0,0]}}",,,0,empty applicable subset,,,0,empty applicable subset,fail,"[""G0:nontrivial_service failed"",""G0:paired_relevant_coverage not-assessable"",""G0:sampled_capacity not-assessable"",""G0:request_error not-assessable"",""G0:original_recommendation not-assessable"",""G1:nontrivial_service failed"",""G1:paired_relevant_coverage not-assessable"",""G1:sampled_capacity not-assessable"",""G1:request_error not-assessable"",""G1:original_recommendation not-assessable""]"
w204,S4,44,40,5,30,598.77977347933,748.7580790427659,371.89236977288414,794.6935316884848,True,,True,True,True,,True,True,44,44,0,43,0.0,0,0.344,False,,0.064,0.064,1.0,True,0.0,0,"{""sampled_capacity"":""no applicable or identifiable evidence""}","{""E"":{""-2"":[0.064,65.536],""-1"":[0.064,65.536],""0"":[0.064,65.536],""1"":[0.016,65.536],""2"":[0.016,65.536]},""R"":{""-2"":[0.064,0.064],""-1"":[0.064,0.064],""0"":[0.064,0.064],""1"":[0.064,0.064],""2"":[0.016,0.016]}}",0.01823885565602268,-0.004434352512210656,44,,0.00023597454861468137,-0.00023597445760970004,44,,True,True,True,,True,False,63,63,0,58,0.0,0,0.3741935483870968,False,,0.128,0.090509668,1.0,True,0.29289321874999996,0,"{""sampled_capacity"":""no applicable or identifiable evidence""}","{""E"":{""-2"":[0.090509668,65.536],""-1"":[0.090509668,65.536],""0"":[0.064,65.536],""1"":[0.045254834,65.536],""2"":[0.032,65.536]},""R"":{""-2"":[0.128,0.128],""-1"":[0.128,0.128],""0"":[0.090509668,0.090509668],""1"":[0.064,0.064],""2"":[0.0380546277,0.0380546277]}}",0.027241463390964782,-0.003972235958220456,63,,0.008961186101023921,-0.00023597441242406703,63,,fail,"[""G0:sampled_capacity not-assessable"",""G1:sampled_capacity not-assessable"",""G1:original_recommendation failed""]"
w204,S5,44,40,5,30,598.77977347933,748.7580790427659,371.89236977288414,794.6935316884848,True,,True,True,True,,True,True,46,46,0,46,0.0,0,0.368,False,,0.256,0.256,0.9318181818181818,True,0.0,0,"{""sampled_capacity"":""no applicable or identifiable evidence""}","{""E"":{""-2"":[0.256,65.536],""-1"":[0.064,65.536],""0"":[0.064,65.536],""1"":[0.064,65.536],""2"":[0.064,65.536]},""R"":{""-2"":[0.256,0.256],""-1"":[0.064,0.064],""0"":[0.064,0.064],""1"":[0.064,0.064],""2"":[0.064,0.064]}}",0.0240414633913133,-0.00443435250746423,46,,0.0016601849264852309,-0.0001966453813414167,46,,True,True,False,,True,True,75,75,1,75,0.013333333333333334,0,0.4838709677419355,False,,0.256,0.256,0.9318181818181818,True,0.0,0,"{""sampled_capacity"":""no applicable or identifiable evidence""}","{""E"":{""-2"":[0.256,65.536],""-1"":[0.181019336,65.536],""0"":[0.181019336,65.536],""1"":[0.181019336,65.536],""2"":[0.128,65.536]},""R"":{""-2"":[0.256,0.256],""-1"":[0.181019336,0.181019336],""0"":[0.181019336,0.181019336],""1"":[0.128,0.128],""2"":[0.128,0.128]}}",0.030890761769294766,-0.0039034100780099834,75,,0.02428476654296898,-0.00019664533965624287,75,,fail,"[""G0:sampled_capacity not-assessable"",""G1:zero_observed_optimistic failed"",""G1:sampled_capacity not-assessable""]"
w204,S6,44,40,5,30,598.77977347933,748.7580790427659,371.89236977288414,794.6935316884848,True,,True,True,True,,True,False,64,64,0,60,0.0,0,0.48,False,,0.512,0.362038672,1.0,True,0.29289321874999996,0,"{""sampled_capacity"":""no applicable or identifiable evidence""}","{""E"":{""-2"":[0.362038672,65.536],""-1"":[0.362038672,65.536],""0"":[0.362038672,65.536],""1"":[0.362038672,65.536],""2"":[0.362038672,65.536]},""R"":{""-2"":[0.512,0.512],""-1"":[0.512,0.512],""0"":[0.512,0.512],""1"":[0.512,0.512],""2"":[0.362038672,0.362038672]}}",0.034232385648981754,-0.0037657583370294865,64,,0.0921190639354249,-0.00011798723199152317,64,,True,True,True,,True,False,94,94,0,90,0.0,0,0.5806451612903226,False,,0.512,0.362038672,1.0,True,0.29289321874999996,0,"{""sampled_capacity"":""no applicable or identifiable evidence""}","{""E"":{""-2"":[0.362038672,65.536],""-1"":[0.362038672,65.536],""0"":[0.362038672,65.536],""1"":[0.362038672,65.536],""2"":[0.362038672,65.536]},""R"":{""-2"":[0.512,0.512],""-1"":[0.512,0.512],""0"":[0.512,0.512],""1"":[0.512,0.512],""2"":[0.362038672,0.362038672]}}",0.03437988171590215,-0.0019541558626722613,94,,0.06622388196996953,-0.00011798720568123588,94,,fail,"[""G0:sampled_capacity not-assessable"",""G0:original_recommendation failed"",""G1:sampled_capacity not-assessable"",""G1:original_recommendation failed""]"
