physical_id,workload,candidate,reference_wall_s,evaluator_median_s,ratio,environment_id,E_status,R_status,scope
1898046addcc9c28751c687de622c957736e0f6dd8878445bfda9e79438e2297,h101,-2,11.226818499999354,0.021280100001604296,527.5735780918778,b06437ad135abb6fe0e0d909f127a74a97b33ff7675acc2e3e1b2b8254ea6179,complete,complete,matched simulator-execution runtime ratio; boundary-selected subset; single R vs median five E; wrappers differ
b0f7b421732450f82161a234754b55c618857b33b1d0a24b745a2b3146e5bcb7,h101,-1,10.20046060000459,0.02147710000281222,474.94590045531925,b06437ad135abb6fe0e0d909f127a74a97b33ff7675acc2e3e1b2b8254ea6179,complete,complete,matched simulator-execution runtime ratio; boundary-selected subset; single R vs median five E; wrappers differ
6d9fae8c141158e4824f13a336f2506d2930faa95e1aaff9038c65c336a95dae,h101,0,10.142735499997798,0.021886900001845788,463.4158103314051,b06437ad135abb6fe0e0d909f127a74a97b33ff7675acc2e3e1b2b8254ea6179,complete,complete,matched simulator-execution runtime ratio; boundary-selected subset; single R vs median five E; wrappers differ
1d5b1ca4e7a17af518d5f21fb2aa5d40405ce6dbb5ef1aca88c9f1c974d84c20,h101,1,10.254077700003108,0.022122900001704693,463.5051326549853,b06437ad135abb6fe0e0d909f127a74a97b33ff7675acc2e3e1b2b8254ea6179,complete,complete,matched simulator-execution runtime ratio; boundary-selected subset; single R vs median five E; wrappers differ
263eb4d6a6796b83e987e69626fbe918fd9e9100bab3985313bb015878d28fa6,h101,2,10.198998300002131,0.02296329999808222,444.14340712588785,b06437ad135abb6fe0e0d909f127a74a97b33ff7675acc2e3e1b2b8254ea6179,complete,complete,matched simulator-execution runtime ratio; boundary-selected subset; single R vs median five E; wrappers differ
cac15bf22ba3143704cbf7000deb1714fd6d0c67cc3916217035751ef482cc32,h102,-2,39.750882499996806,0.05404050000652205,735.5757717859632,b06437ad135abb6fe0e0d909f127a74a97b33ff7675acc2e3e1b2b8254ea6179,complete,complete,matched simulator-execution runtime ratio; boundary-selected subset; single R vs median five E; wrappers differ
b367c9c9ab45f4b262d237b4c2402ae0a14b5ae932d6d02845355756ccafb962,h102,-1,40.12560559999838,0.05457670000032522,735.2149470334277,b06437ad135abb6fe0e0d909f127a74a97b33ff7675acc2e3e1b2b8254ea6179,complete,complete,matched simulator-execution runtime ratio; boundary-selected subset; single R vs median five E; wrappers differ
cebc1571252c8d12ed7924fd6908d4f9ebe2db769b10a2b6e75d8f00b70f2875,h102,0,40.5266602000047,0.055985799997870345,723.8739144844997,b06437ad135abb6fe0e0d909f127a74a97b33ff7675acc2e3e1b2b8254ea6179,complete,complete,matched simulator-execution runtime ratio; boundary-selected subset; single R vs median five E; wrappers differ
7bff84fd1338766ae043b5f283309c330fa475a5becd927a51fef53a9edbd18a,h102,1,39.91014339999674,0.05663430000277003,704.6991557774123,b06437ad135abb6fe0e0d909f127a74a97b33ff7675acc2e3e1b2b8254ea6179,complete,complete,matched simulator-execution runtime ratio; boundary-selected subset; single R vs median five E; wrappers differ
682b279e8576283a88bc053290095b0cb597cb089b62e29beabddd5c419045c9,h102,2,39.739606600000116,0.055639600002905354,714.2324279456541,b06437ad135abb6fe0e0d909f127a74a97b33ff7675acc2e3e1b2b8254ea6179,complete,complete,matched simulator-execution runtime ratio; boundary-selected subset; single R vs median five E; wrappers differ
2fddc07fabce45cb3abf4ddd4f07ed742cf127bf5d1a9ded7d2a09093be92406,h103,-2,12.172970200001146,0.0168885999955819,720.7803016937831,b06437ad135abb6fe0e0d909f127a74a97b33ff7675acc2e3e1b2b8254ea6179,complete,complete,matched simulator-execution runtime ratio; boundary-selected subset; single R vs median five E; wrappers differ
27a31c081ee3b0d22537863fa0576886c73fa621f988449da6130cde98b146b1,h103,-1,12.166545000000042,0.01755320000665961,693.1240454950726,b06437ad135abb6fe0e0d909f127a74a97b33ff7675acc2e3e1b2b8254ea6179,complete,complete,matched simulator-execution runtime ratio; boundary-selected subset; single R vs median five E; wrappers differ
c4441486fd67b83b31119041457e2ab432e1538c7ac9d59dc98019f4dca78f45,h103,0,12.198018600000069,0.017324399996141437,704.0947220519535,b06437ad135abb6fe0e0d909f127a74a97b33ff7675acc2e3e1b2b8254ea6179,complete,complete,matched simulator-execution runtime ratio; boundary-selected subset; single R vs median five E; wrappers differ
b7dd9b0bb752e3c820ccac422c8460046b59849c96733764e9e3652297b7ff84,h103,1,12.134506900001725,0.017322100000455976,700.5216976972945,b06437ad135abb6fe0e0d909f127a74a97b33ff7675acc2e3e1b2b8254ea6179,complete,complete,matched simulator-execution runtime ratio; boundary-selected subset; single R vs median five E; wrappers differ
fb68ff830db8a00ce1d3a855f736b7274555db09f9fbce0222d525473686277e,h103,2,11.942759600002319,0.017203299998072907,694.2132963640773,b06437ad135abb6fe0e0d909f127a74a97b33ff7675acc2e3e1b2b8254ea6179,complete,complete,matched simulator-execution runtime ratio; boundary-selected subset; single R vs median five E; wrappers differ
a59e22f91b0dd6e05ac1debe117ed375dac671336a73977e95b4bf889a10c107,h104,-2,57.65042119999998,0.08468829999765148,680.7365504042318,b06437ad135abb6fe0e0d909f127a74a97b33ff7675acc2e3e1b2b8254ea6179,complete,complete,matched simulator-execution runtime ratio; boundary-selected subset; single R vs median five E; wrappers differ
07c5fcdef4688ef1de90c1bc5cf62f17d808e2e3b663e55403272a3c81ce343a,h104,-1,58.094336699999985,0.0850021000005654,683.4458995673467,b06437ad135abb6fe0e0d909f127a74a97b33ff7675acc2e3e1b2b8254ea6179,complete,complete,matched simulator-execution runtime ratio; boundary-selected subset; single R vs median five E; wrappers differ
767b5d6351eb1fe601891cfc47fe43c413a08c436ef0d9f26611610d6fde636a,h104,0,57.309443800004374,0.08622589999868069,664.6430341797678,b06437ad135abb6fe0e0d909f127a74a97b33ff7675acc2e3e1b2b8254ea6179,complete,complete,matched simulator-execution runtime ratio; boundary-selected subset; single R vs median five E; wrappers differ
f15e510b5408c7de2036bdd74a331d1d26a846f5a3e0063223b9a2b9111dceca,h104,1,58.24233030000323,0.08727080000244314,667.3747725284144,b06437ad135abb6fe0e0d909f127a74a97b33ff7675acc2e3e1b2b8254ea6179,complete,complete,matched simulator-execution runtime ratio; boundary-selected subset; single R vs median five E; wrappers differ
2cc9a5be07799f851c48b5683218b2ea45527033a099ad0464246b0e1684aaa8,h104,2,58.24165869999706,0.08891230000153882,655.0461375871399,b06437ad135abb6fe0e0d909f127a74a97b33ff7675acc2e3e1b2b8254ea6179,complete,complete,matched simulator-execution runtime ratio; boundary-selected subset; single R vs median five E; wrappers differ
3a890328a6c4510a3d90f33d77e3701578f5d5570be96400c82eff99e4c74c05,h105,-2,11.013337700002012,0.021176199996261857,520.0809258481762,b06437ad135abb6fe0e0d909f127a74a97b33ff7675acc2e3e1b2b8254ea6179,complete,complete,matched simulator-execution runtime ratio; boundary-selected subset; single R vs median five E; wrappers differ
a580290fdedaf0167235aa35de9ddd206263b4249fda4779b585a17d10abd08c,h105,-1,11.359639199996309,0.02118740000150865,536.1506932982549,b06437ad135abb6fe0e0d909f127a74a97b33ff7675acc2e3e1b2b8254ea6179,complete,complete,matched simulator-execution runtime ratio; boundary-selected subset; single R vs median five E; wrappers differ
10f47e1cffcee3bbab53662be9568a15fae135b27d6ef088f4ae4d7a44de60c9,h105,0,11.096978300003684,0.021573499994701706,514.3800636303345,b06437ad135abb6fe0e0d909f127a74a97b33ff7675acc2e3e1b2b8254ea6179,complete,complete,matched simulator-execution runtime ratio; boundary-selected subset; single R vs median five E; wrappers differ
e912b56d93f4a8617d8b68cf970975096549b6249badc6c57d8f4c6bef7c94e4,h105,1,11.125941699996474,0.02098439999826951,530.2006109735795,b06437ad135abb6fe0e0d909f127a74a97b33ff7675acc2e3e1b2b8254ea6179,complete,complete,matched simulator-execution runtime ratio; boundary-selected subset; single R vs median five E; wrappers differ
f5d50b952240cc20010db2138374560d3b17ea5ff1298496a4d345a87cc0339e,h105,2,11.147087099998316,0.021856500003195833,510.01244931111574,b06437ad135abb6fe0e0d909f127a74a97b33ff7675acc2e3e1b2b8254ea6179,complete,complete,matched simulator-execution runtime ratio; boundary-selected subset; single R vs median five E; wrappers differ
7598c288755af09403fba675d730df5b54b1ee8792f65c952ddafe040de1a1a9,h106,-2,36.99630789999355,0.04890049999812618,756.5629779125206,b06437ad135abb6fe0e0d909f127a74a97b33ff7675acc2e3e1b2b8254ea6179,complete,complete,matched simulator-execution runtime ratio; boundary-selected subset; single R vs median five E; wrappers differ
c09fd185f69c78c60c5ca58bfa5fc9efd07d38420ff51e47218b78dfff7e6be6,h106,-1,37.17073209999944,0.05206170000019483,713.9746128124963,b06437ad135abb6fe0e0d909f127a74a97b33ff7675acc2e3e1b2b8254ea6179,complete,complete,matched simulator-execution runtime ratio; boundary-selected subset; single R vs median five E; wrappers differ
9bc16d3705727e289c0635548f2acb93391cdeb54ebc1726f039654b4945b491,h106,0,37.207169400004204,0.049718800000846386,748.3521203120512,b06437ad135abb6fe0e0d909f127a74a97b33ff7675acc2e3e1b2b8254ea6179,complete,complete,matched simulator-execution runtime ratio; boundary-selected subset; single R vs median five E; wrappers differ
13723e3fef6a2f82acb6bdacab23c93059dbf5e8f38ea5c04fc2d4b454073890,h106,1,36.869682500000636,0.050769000001309905,726.2243199403051,b06437ad135abb6fe0e0d909f127a74a97b33ff7675acc2e3e1b2b8254ea6179,complete,complete,matched simulator-execution runtime ratio; boundary-selected subset; single R vs median five E; wrappers differ
4e9063f144d132125c1bde582cf9bc23592cdc20a4df21932ef3bbce82e0dc0a,h106,2,37.08527250000043,0.04944010000326671,750.1051271649947,b06437ad135abb6fe0e0d909f127a74a97b33ff7675acc2e3e1b2b8254ea6179,complete,complete,matched simulator-execution runtime ratio; boundary-selected subset; single R vs median five E; wrappers differ
61ac72fef4b1736ad96749c5bcf816d0752b2820f3d8cc3f27c1e479eb46bcd2,w201,-2,8.93396479999501,0.017251999997824896,517.8509622722809,b06437ad135abb6fe0e0d909f127a74a97b33ff7675acc2e3e1b2b8254ea6179,complete,complete,matched simulator-execution runtime ratio; boundary-selected subset; single R vs median five E; wrappers differ
65a1306dd8aa6a5b99a12c940a801acb6d1050947669557552a7f89f4b265907,w201,-1,8.884066500002518,0.01781200000550598,498.7686108946951,b06437ad135abb6fe0e0d909f127a74a97b33ff7675acc2e3e1b2b8254ea6179,complete,complete,matched simulator-execution runtime ratio; boundary-selected subset; single R vs median five E; wrappers differ
9d75c1a19f741a09494cffa508414b093876b0cc614aaaabf6d6067cb444b227,w201,0,8.87312799999927,0.017829900003562216,497.65438943721034,b06437ad135abb6fe0e0d909f127a74a97b33ff7675acc2e3e1b2b8254ea6179,complete,complete,matched simulator-execution runtime ratio; boundary-selected subset; single R vs median five E; wrappers differ
c874da750a892a62f96452bd9e6b1560de0219003292e869b7deb748f0be58c5,w201,1,8.951186499994947,0.017571099997439887,509.42664382418496,b06437ad135abb6fe0e0d909f127a74a97b33ff7675acc2e3e1b2b8254ea6179,complete,complete,matched simulator-execution runtime ratio; boundary-selected subset; single R vs median five E; wrappers differ
c52d696e9656641f9ac2077a0c49017f7cf05608ea759e3fce2dfe1c7c8fb614,w201,2,8.856368300002941,0.01777159999619471,498.3438914841255,b06437ad135abb6fe0e0d909f127a74a97b33ff7675acc2e3e1b2b8254ea6179,complete,complete,matched simulator-execution runtime ratio; boundary-selected subset; single R vs median five E; wrappers differ
c9677ea1e86d5dff263be7ae48b89eac1de3feb581997c2d1cdd39b7a032e456,w202,-2,34.523170300002676,0.045044899998174515,766.4168485533713,b06437ad135abb6fe0e0d909f127a74a97b33ff7675acc2e3e1b2b8254ea6179,complete,complete,matched simulator-execution runtime ratio; boundary-selected subset; single R vs median five E; wrappers differ
bb23fb5ee071783dbd05f6c0b68994ff553b6f1c9be1b91b159fb98de2b5345f,w202,-1,35.082016100001056,0.04462250000506174,786.1956657744756,b06437ad135abb6fe0e0d909f127a74a97b33ff7675acc2e3e1b2b8254ea6179,complete,complete,matched simulator-execution runtime ratio; boundary-selected subset; single R vs median five E; wrappers differ
65dc3fa70b7a640b0028c4452ee204edcae123e783672397204b9a5aa4865bf4,w202,0,34.51049079999939,0.045068899999023415,765.727381869697,b06437ad135abb6fe0e0d909f127a74a97b33ff7675acc2e3e1b2b8254ea6179,complete,complete,matched simulator-execution runtime ratio; boundary-selected subset; single R vs median five E; wrappers differ
e23970910f56b7a9d2ecb21141ac5ba5113d5c04424d6d570e744269c861f1ba,w202,1,34.71219449999626,0.04606729999795789,753.51050531581,b06437ad135abb6fe0e0d909f127a74a97b33ff7675acc2e3e1b2b8254ea6179,complete,complete,matched simulator-execution runtime ratio; boundary-selected subset; single R vs median five E; wrappers differ
3c986eacb635e79f51ac8853d45089a442fa7f8c8895564cbe710f54ab1f9de1,w202,2,34.76117599999998,0.045577199998660944,762.6878351680502,b06437ad135abb6fe0e0d909f127a74a97b33ff7675acc2e3e1b2b8254ea6179,complete,complete,matched simulator-execution runtime ratio; boundary-selected subset; single R vs median five E; wrappers differ
b33b8e586ba5758514ee549d18e281ddb3b8851238f4b7b5794d0c22a0305cf7,w203,-2,2.4724248999991687,0.004825399999390356,512.3771915927252,b06437ad135abb6fe0e0d909f127a74a97b33ff7675acc2e3e1b2b8254ea6179,complete,complete,matched simulator-execution runtime ratio; boundary-selected subset; single R vs median five E; wrappers differ
786d4ecbe6ab6b41a2d4a4697906a14dc5d767153d166540bd7e15233764940d,w203,-1,2.4698910000006435,0.005083800002466887,485.83559518512567,b06437ad135abb6fe0e0d909f127a74a97b33ff7675acc2e3e1b2b8254ea6179,complete,complete,matched simulator-execution runtime ratio; boundary-selected subset; single R vs median five E; wrappers differ
16e2b4d1cb49648a01ad0300489b5d8f4ab847d39540aaf77f1b3f865d7f2dad,w203,0,2.459954400001152,0.004898400002275594,502.1954921726194,b06437ad135abb6fe0e0d909f127a74a97b33ff7675acc2e3e1b2b8254ea6179,complete,complete,matched simulator-execution runtime ratio; boundary-selected subset; single R vs median five E; wrappers differ
7b33c7e5c6253291a4c6c56d902c72197c8e4a29de1a5a7fcb411759fb381f33,w203,1,2.4754870000033407,0.004854600003454834,509.926049157836,b06437ad135abb6fe0e0d909f127a74a97b33ff7675acc2e3e1b2b8254ea6179,complete,complete,matched simulator-execution runtime ratio; boundary-selected subset; single R vs median five E; wrappers differ
20a0e5c6f9727cd7c67ab863ff13b9a0a5687f17e0668a64edd38215bc9eb8ef,w203,2,2.471196200000122,0.004803999996511266,514.4038721471151,b06437ad135abb6fe0e0d909f127a74a97b33ff7675acc2e3e1b2b8254ea6179,complete,complete,matched simulator-execution runtime ratio; boundary-selected subset; single R vs median five E; wrappers differ
2383464a22c07bab324a36bfca2134e1bab0eed2b82b19611c36f5e7b06b182e,w204,-2,28.096744700000272,0.037698899999668356,745.2934886759944,b06437ad135abb6fe0e0d909f127a74a97b33ff7675acc2e3e1b2b8254ea6179,complete,complete,matched simulator-execution runtime ratio; boundary-selected subset; single R vs median five E; wrappers differ
db8a64383e175e05326121baa5f2762268aabb9dd411e9ee110e7df7aa5728b5,w204,-1,28.100646899998537,0.038560599998163525,728.7398770075375,b06437ad135abb6fe0e0d909f127a74a97b33ff7675acc2e3e1b2b8254ea6179,complete,complete,matched simulator-execution runtime ratio; boundary-selected subset; single R vs median five E; wrappers differ
d43f8432436ce09443aa6bd46fc845cb9263dc3e5e1eb5551e026000671a57a8,w204,0,28.099717700002657,0.038940599995839875,721.6046415053856,b06437ad135abb6fe0e0d909f127a74a97b33ff7675acc2e3e1b2b8254ea6179,complete,complete,matched simulator-execution runtime ratio; boundary-selected subset; single R vs median five E; wrappers differ
b152ac15361f9d2ce992141274663ef1887281323444d7107b91291cdcddef75,w204,1,28.304202500003157,0.03844389999721898,736.2469078852738,b06437ad135abb6fe0e0d909f127a74a97b33ff7675acc2e3e1b2b8254ea6179,complete,complete,matched simulator-execution runtime ratio; boundary-selected subset; single R vs median five E; wrappers differ
bcd6420e02d51c337f07639c8968e7ed5bb4d9d624bb1674722ae72614c1cd85,w204,2,28.046509799998603,0.039559600001666695,708.9684880235636,b06437ad135abb6fe0e0d909f127a74a97b33ff7675acc2e3e1b2b8254ea6179,complete,complete,matched simulator-execution runtime ratio; boundary-selected subset; single R vs median five E; wrappers differ
cace9e39e22397005a4d862652d89d12d2f0fcec2b2e3900b0cb16b8a05094df,h101,-2,10.089279599997099,0.014706900001328904,686.0235399088482,b06437ad135abb6fe0e0d909f127a74a97b33ff7675acc2e3e1b2b8254ea6179,complete,complete,matched simulator-execution runtime ratio; boundary-selected subset; single R vs median five E; wrappers differ
5a0059a8e3dd01f028f51b2567f1c085abffcf6dcc911d3c68b2bc98558fa482,h101,-1,10.18689070000255,0.014876799999910872,684.7501277199116,b06437ad135abb6fe0e0d909f127a74a97b33ff7675acc2e3e1b2b8254ea6179,complete,complete,matched simulator-execution runtime ratio; boundary-selected subset; single R vs median five E; wrappers differ
46ab30b58932b7455c6b1ebf4924baf8e81ea12ed188868226f9f0d645e7d622,h101,0,10.046005900003365,0.015438499998708721,650.7112673409732,b06437ad135abb6fe0e0d909f127a74a97b33ff7675acc2e3e1b2b8254ea6179,complete,complete,matched simulator-execution runtime ratio; boundary-selected subset; single R vs median five E; wrappers differ
c7f87efa933b7de0ba98382243f5ddb4e00d2daaebb241fe817e71b5211e512b,h101,1,10.207055399994715,0.015396899994811974,662.9292522153166,b06437ad135abb6fe0e0d909f127a74a97b33ff7675acc2e3e1b2b8254ea6179,complete,complete,matched simulator-execution runtime ratio; boundary-selected subset; single R vs median five E; wrappers differ
8028c9d6b5772861ef669bd1bdc3e49e354c6c35bb6f64b9dcaff295c4fb913d,h101,2,10.222637899998517,0.015908300003502518,642.5977570040675,b06437ad135abb6fe0e0d909f127a74a97b33ff7675acc2e3e1b2b8254ea6179,complete,complete,matched simulator-execution runtime ratio; boundary-selected subset; single R vs median five E; wrappers differ
32f91391f66364af569c9aeb0c3af4f489231255909c1790447b5cdbab4c3046,h102,-2,40.7226817999981,0.08981569999741623,453.40271022961,b06437ad135abb6fe0e0d909f127a74a97b33ff7675acc2e3e1b2b8254ea6179,complete,complete,matched simulator-execution runtime ratio; boundary-selected subset; single R vs median five E; wrappers differ
1197c5516335d1098260d3837f94c85bd42af19510a52ddf95aa43832e9a0666,h102,-1,41.01912740000262,0.09277020000445191,442.15844525541786,b06437ad135abb6fe0e0d909f127a74a97b33ff7675acc2e3e1b2b8254ea6179,complete,complete,matched simulator-execution runtime ratio; boundary-selected subset; single R vs median five E; wrappers differ
f62d4964724e48f0e1e5b4492334861ee25caf3754aa93a1aa7116fcaa8fcd03,h102,0,40.74576910000178,0.09354539999912959,435.5721296865576,b06437ad135abb6fe0e0d909f127a74a97b33ff7675acc2e3e1b2b8254ea6179,complete,complete,matched simulator-execution runtime ratio; boundary-selected subset; single R vs median five E; wrappers differ
2093e767c3a4cb312e0d19eb7967929b5884fc45478a57912ffb9894602dede9,h102,1,40.943334200004756,0.09398209999926621,435.6503440583306,b06437ad135abb6fe0e0d909f127a74a97b33ff7675acc2e3e1b2b8254ea6179,complete,complete,matched simulator-execution runtime ratio; boundary-selected subset; single R vs median five E; wrappers differ
175a6bf5728ac334952fd6008602672d67c81c91ac4f47c5408f25169ebb6b07,h102,2,40.45761990000028,0.09576519999973243,422.4668240667103,b06437ad135abb6fe0e0d909f127a74a97b33ff7675acc2e3e1b2b8254ea6179,complete,complete,matched simulator-execution runtime ratio; boundary-selected subset; single R vs median five E; wrappers differ
f95c7102cfc43594b7a3d18978795b57d49a37fe18f462f36a305ad7d111af57,h103,-2,12.424573000003875,0.026219100000162143,473.87488510006216,b06437ad135abb6fe0e0d909f127a74a97b33ff7675acc2e3e1b2b8254ea6179,complete,complete,matched simulator-execution runtime ratio; boundary-selected subset; single R vs median five E; wrappers differ
37196570c2abfb8a382a6ca6ac306eaf71103ddaae63894fb0edc4cf010af057,h103,-1,12.39467980000336,0.025597300002118573,484.2182495410652,b06437ad135abb6fe0e0d909f127a74a97b33ff7675acc2e3e1b2b8254ea6179,complete,complete,matched simulator-execution runtime ratio; boundary-selected subset; single R vs median five E; wrappers differ
b4a8d33e744d4293b444bb86dbd24bb1856571b9ca7378e093ff93b51dd86ba2,h103,0,12.257303400001547,0.026179899999988265,468.1951955510541,b06437ad135abb6fe0e0d909f127a74a97b33ff7675acc2e3e1b2b8254ea6179,complete,complete,matched simulator-execution runtime ratio; boundary-selected subset; single R vs median five E; wrappers differ
3f601df35aa86ce1263c85db7c411165efcdf15e3792ace5f879ebfc79b26b15,h103,1,12.219606699996802,0.026419199995871168,462.52750658258014,b06437ad135abb6fe0e0d909f127a74a97b33ff7675acc2e3e1b2b8254ea6179,complete,complete,matched simulator-execution runtime ratio; boundary-selected subset; single R vs median five E; wrappers differ
b107dcb1ba1c178d43acb0414c70ad905d61a37961bd565f4dc0e2fd9a0f5d13,h103,2,12.241940599997179,0.0266090000004624,460.06766882575226,b06437ad135abb6fe0e0d909f127a74a97b33ff7675acc2e3e1b2b8254ea6179,complete,complete,matched simulator-execution runtime ratio; boundary-selected subset; single R vs median five E; wrappers differ
ccfb049c849ecc6dc717d152ad607938723890e66e659711493fdb1a75fbb9d1,h104,-2,58.60631039999862,0.16561649999493966,353.8675820452027,b06437ad135abb6fe0e0d909f127a74a97b33ff7675acc2e3e1b2b8254ea6179,complete,complete,matched simulator-execution runtime ratio; boundary-selected subset; single R vs median five E; wrappers differ
191bf6522f9d8a02734fcc5479bfab117b639daaee3d91164b974c40d6b98e4b,h104,-1,58.64828500000294,0.1668647000042256,351.47209085275534,b06437ad135abb6fe0e0d909f127a74a97b33ff7675acc2e3e1b2b8254ea6179,complete,complete,matched simulator-execution runtime ratio; boundary-selected subset; single R vs median five E; wrappers differ
1ccefba6a948a7d9136a542b8846d9693202c07e87f5e1fb44274763ad71567a,h104,0,57.76683380000031,0.17115019999619108,337.52127547198836,b06437ad135abb6fe0e0d909f127a74a97b33ff7675acc2e3e1b2b8254ea6179,complete,complete,matched simulator-execution runtime ratio; boundary-selected subset; single R vs median five E; wrappers differ
4dfdc0e14169ae0f15d0226439eae9d0cca65fdcc79111716ed07283ad459c92,h104,1,57.32236100000591,0.17061850000027334,335.96802808554804,b06437ad135abb6fe0e0d909f127a74a97b33ff7675acc2e3e1b2b8254ea6179,complete,complete,matched simulator-execution runtime ratio; boundary-selected subset; single R vs median five E; wrappers differ
260d8a1f81032af7f85c0660071ce8f71b9294b733d87d1a25a9c1d6efaf1335,h104,2,56.516359100001864,0.17550150000170106,322.02778380500496,b06437ad135abb6fe0e0d909f127a74a97b33ff7675acc2e3e1b2b8254ea6179,complete,complete,matched simulator-execution runtime ratio; boundary-selected subset; single R vs median five E; wrappers differ
08baf02eaad3bb1e4e1cca6ffbfdabb9ccde929c8e01afa281968da978c082c3,h105,-2,10.840350000005856,0.018082599999615923,599.4906706024635,b06437ad135abb6fe0e0d909f127a74a97b33ff7675acc2e3e1b2b8254ea6179,complete,complete,matched simulator-execution runtime ratio; boundary-selected subset; single R vs median five E; wrappers differ
689c8811e77ebf237b9f57787dab164f7e51bcc7a9897c5b7ca6c7ad9c7f01dd,h105,-1,12.106658299999253,0.019257899999502115,628.659319048923,b06437ad135abb6fe0e0d909f127a74a97b33ff7675acc2e3e1b2b8254ea6179,complete,complete,matched simulator-execution runtime ratio; boundary-selected subset; single R vs median five E; wrappers differ
dbfb8ba3e76e0eb46417c239bf9c53db98ecf712be57e54d233731fe734b94ff,h105,0,12.377968100001453,0.02161340000020573,572.698793335784,b06437ad135abb6fe0e0d909f127a74a97b33ff7675acc2e3e1b2b8254ea6179,complete,complete,matched simulator-execution runtime ratio; boundary-selected subset; single R vs median five E; wrappers differ
e621f4f86abce0401f33cd6cd4a50fc6b0cc3b5addc733115b96c28820075ba5,h105,1,14.929502300001332,0.02242340000520926,665.8001149037615,b06437ad135abb6fe0e0d909f127a74a97b33ff7675acc2e3e1b2b8254ea6179,complete,complete,matched simulator-execution runtime ratio; boundary-selected subset; single R vs median five E; wrappers differ
8c5861564f20bcbc52133a9aa2a4d051a6353932b095bff13edee91d9975b6d3,h105,2,14.375452100000985,0.027946599999268074,514.390018835117,b06437ad135abb6fe0e0d909f127a74a97b33ff7675acc2e3e1b2b8254ea6179,complete,complete,matched simulator-execution runtime ratio; boundary-selected subset; single R vs median five E; wrappers differ
e5e014d771e26af65f0f805644ea283a18a67369c1f40b28f592465b42881bd9,h106,-2,47.306175599995186,0.06615609999425942,715.0689899208099,b06437ad135abb6fe0e0d909f127a74a97b33ff7675acc2e3e1b2b8254ea6179,complete,complete,matched simulator-execution runtime ratio; boundary-selected subset; single R vs median five E; wrappers differ
5ca8c4e28356b2cd633cd4a20f701ce72b9060447695db2a677e17e1c446c0a1,h106,-1,48.060308199994324,0.07399630000145407,649.4960991164411,b06437ad135abb6fe0e0d909f127a74a97b33ff7675acc2e3e1b2b8254ea6179,complete,complete,matched simulator-execution runtime ratio; boundary-selected subset; single R vs median five E; wrappers differ
118bb0e5b3d045f129df454f0690ec1092a6ecde78a977b46eede97b221a6325,h106,0,48.91660840000259,0.06683540000085486,731.8966954544585,b06437ad135abb6fe0e0d909f127a74a97b33ff7675acc2e3e1b2b8254ea6179,complete,complete,matched simulator-execution runtime ratio; boundary-selected subset; single R vs median five E; wrappers differ
279606eda2ccca0480e93fff32aab007f159b6c6b1710f6a0e8f323e68aaae49,h106,1,47.33976100000291,0.07570989999658195,625.2783453965748,b06437ad135abb6fe0e0d909f127a74a97b33ff7675acc2e3e1b2b8254ea6179,complete,complete,matched simulator-execution runtime ratio; boundary-selected subset; single R vs median five E; wrappers differ
41e35a54a86df4cb339ebb0e803df6d80ebfcb6f64cbf98cf3268caca00fed2a,h106,2,47.65552639999805,0.0680761999974493,700.0321169774992,b06437ad135abb6fe0e0d909f127a74a97b33ff7675acc2e3e1b2b8254ea6179,complete,complete,matched simulator-execution runtime ratio; boundary-selected subset; single R vs median five E; wrappers differ
8d1d9edf8b27ac165833a4831e83a0d467154d2c1207c74d0d3517fbbe8d088b,w201,-2,11.425076600004104,0.01435499999934109,795.8952699776056,b06437ad135abb6fe0e0d909f127a74a97b33ff7675acc2e3e1b2b8254ea6179,complete,complete,matched simulator-execution runtime ratio; boundary-selected subset; single R vs median five E; wrappers differ
e80eff2d7b4deb877307f0b6cad74bb6e6774d0a894bdee8e5e7a0a0ff9b2e74,w201,-1,11.112591700002667,0.01623449999897275,684.5047091506251,b06437ad135abb6fe0e0d909f127a74a97b33ff7675acc2e3e1b2b8254ea6179,complete,complete,matched simulator-execution runtime ratio; boundary-selected subset; single R vs median five E; wrappers differ
ae1867c2f887a032aa06e1410ff562e982125ee90c461c812f32d8daec1cd685,w201,0,11.185336700000335,0.015630599998985417,715.6050759872542,b06437ad135abb6fe0e0d909f127a74a97b33ff7675acc2e3e1b2b8254ea6179,complete,complete,matched simulator-execution runtime ratio; boundary-selected subset; single R vs median five E; wrappers differ
c9ecb5c9500e7ac3d432ce9ccc452cce8e8d13c9e0b9a8c2e9d3330c90403492,w201,1,11.219541300000856,0.015728299993497785,713.3346454886486,b06437ad135abb6fe0e0d909f127a74a97b33ff7675acc2e3e1b2b8254ea6179,complete,complete,matched simulator-execution runtime ratio; boundary-selected subset; single R vs median five E; wrappers differ
d1c7855f535ec3dd716c056446c1eca6a8599415729c053e8130a7840170118e,w201,2,11.062260099999548,0.013158899993868545,840.6675409915771,b06437ad135abb6fe0e0d909f127a74a97b33ff7675acc2e3e1b2b8254ea6179,complete,complete,matched simulator-execution runtime ratio; boundary-selected subset; single R vs median five E; wrappers differ
daffa23ffa5a1f2447594515e28b5781e7073b4615f98fdc47d8a57b2551e9c5,w202,-2,34.96895489999588,0.0486081999988528,719.4044400085003,b06437ad135abb6fe0e0d909f127a74a97b33ff7675acc2e3e1b2b8254ea6179,complete,complete,matched simulator-execution runtime ratio; boundary-selected subset; single R vs median five E; wrappers differ
244698b080c35e9d379a51b3707c75f8fe33a69fe13ca9c4fd4041dc29f7f6ca,w202,-1,35.931109999997716,0.049274299999524374,729.2058943575971,b06437ad135abb6fe0e0d909f127a74a97b33ff7675acc2e3e1b2b8254ea6179,complete,complete,matched simulator-execution runtime ratio; boundary-selected subset; single R vs median five E; wrappers differ
17e8d2233aab5ed48f708633bde1d5e01e4f8cbdd8e99e95fc9c6b5bfa9fe72b,w202,0,35.63486399999965,0.04989650000061374,714.1756235319377,b06437ad135abb6fe0e0d909f127a74a97b33ff7675acc2e3e1b2b8254ea6179,complete,complete,matched simulator-execution runtime ratio; boundary-selected subset; single R vs median five E; wrappers differ
fea8353f7c71177a28fa209ed87cd2ed2cf771878b6ac845b12dc92441986d3a,w202,1,35.4104914999989,0.04977839999628486,711.3625890474926,b06437ad135abb6fe0e0d909f127a74a97b33ff7675acc2e3e1b2b8254ea6179,complete,complete,matched simulator-execution runtime ratio; boundary-selected subset; single R vs median five E; wrappers differ
407987ad7848dc2f6954d9472266d911dca6e229bbfec8808193717e3a9694ff,w202,2,35.01875989999826,0.050147399997513276,698.3165608134176,b06437ad135abb6fe0e0d909f127a74a97b33ff7675acc2e3e1b2b8254ea6179,complete,complete,matched simulator-execution runtime ratio; boundary-selected subset; single R vs median five E; wrappers differ
301151c2edbe1774e0f46bb65cc584d428a8293a978897961b832794bb179bfd,w203,-2,2.4850796999962768,0.0042606999995769,583.256202089575,b06437ad135abb6fe0e0d909f127a74a97b33ff7675acc2e3e1b2b8254ea6179,complete,complete,matched simulator-execution runtime ratio; boundary-selected subset; single R vs median five E; wrappers differ
76ad1617e42141b591455a07636f57fc1b234abb264cb035cf2f017d89f151e0,w203,-1,2.4688911000048392,0.004314199999498669,572.2708961781411,b06437ad135abb6fe0e0d909f127a74a97b33ff7675acc2e3e1b2b8254ea6179,complete,complete,matched simulator-execution runtime ratio; boundary-selected subset; single R vs median five E; wrappers differ
3c1a8857a291ef97b469713958bf9a5e349f51317b7788ceb630c8d8b804da92,w203,0,2.452257600001758,0.00449559999833582,545.4794912602398,b06437ad135abb6fe0e0d909f127a74a97b33ff7675acc2e3e1b2b8254ea6179,complete,complete,matched simulator-execution runtime ratio; boundary-selected subset; single R vs median five E; wrappers differ
4ae7630b418187b02d848ef2c7a99eed120a6982a67be03e1bf641379b0ce25f,w203,1,2.4852212999976473,0.004354899996542372,570.6724154333785,b06437ad135abb6fe0e0d909f127a74a97b33ff7675acc2e3e1b2b8254ea6179,complete,complete,matched simulator-execution runtime ratio; boundary-selected subset; single R vs median five E; wrappers differ
fecf46fb3c8d475e0f946194a792efc428038614a75e3f57b7cc59692c3edc8d,w203,2,2.46905390000029,0.004318400002375711,571.7520143205753,b06437ad135abb6fe0e0d909f127a74a97b33ff7675acc2e3e1b2b8254ea6179,complete,complete,matched simulator-execution runtime ratio; boundary-selected subset; single R vs median five E; wrappers differ
2c08615c5fcd9386532ba95cdf572fd2f6dad6f2b7b1c75580abce49ab431cfd,w204,-2,28.43769049999537,0.05733880000479985,495.95894050128084,b06437ad135abb6fe0e0d909f127a74a97b33ff7675acc2e3e1b2b8254ea6179,complete,complete,matched simulator-execution runtime ratio; boundary-selected subset; single R vs median five E; wrappers differ
1d8536ff4c3a3395096ecbeb52f00dc8ee00c51dd25ecd6bef962e9689c403f5,w204,-1,28.8704859999998,0.05875489999743877,491.37154520317995,b06437ad135abb6fe0e0d909f127a74a97b33ff7675acc2e3e1b2b8254ea6179,complete,complete,matched simulator-execution runtime ratio; boundary-selected subset; single R vs median five E; wrappers differ
40afe6df425d9fa473cafd0de950e94345c6f3531ab61c1be50fd13a8eb794ab,w204,0,28.52237079999759,0.060321299999486655,472.8407842709013,b06437ad135abb6fe0e0d909f127a74a97b33ff7675acc2e3e1b2b8254ea6179,complete,complete,matched simulator-execution runtime ratio; boundary-selected subset; single R vs median five E; wrappers differ
dfb5206dae79ddd5e503fe7e97f37d1ce1bb3c85c393f8db3ec5403729760a92,w204,1,28.89985329999763,0.060488399998575915,477.77513210265147,b06437ad135abb6fe0e0d909f127a74a97b33ff7675acc2e3e1b2b8254ea6179,complete,complete,matched simulator-execution runtime ratio; boundary-selected subset; single R vs median five E; wrappers differ
89df5f6ab5d427ae6846e10c0bc4ab5dc79d23ed1df24d313695df3b873d4975,w204,2,30.00914759999432,0.06162659999972675,486.9512126277838,b06437ad135abb6fe0e0d909f127a74a97b33ff7675acc2e3e1b2b8254ea6179,complete,complete,matched simulator-execution runtime ratio; boundary-selected subset; single R vs median five E; wrappers differ
49981da485cd2c38ea0fc66a9520b689905896fe7dc28d5a4f37f867a68165b0,h101,-2,10.414824299994507,0.018522300000768155,562.2856934377795,b06437ad135abb6fe0e0d909f127a74a97b33ff7675acc2e3e1b2b8254ea6179,complete,complete,matched simulator-execution runtime ratio; boundary-selected subset; single R vs median five E; wrappers differ
6e06329930ecac3704d3284e2f1a57a66e751b293d3697c23e347b234143ded4,h101,-1,10.286344699998153,0.018757199999527074,548.3944672049935,b06437ad135abb6fe0e0d909f127a74a97b33ff7675acc2e3e1b2b8254ea6179,complete,complete,matched simulator-execution runtime ratio; boundary-selected subset; single R vs median five E; wrappers differ
b113db5b28d0ad07ae2d0cdef3231cd63fb85d960764f71b4c093239dcbcec37,h101,0,10.43909210000129,0.018969000004290137,550.3237965965694,b06437ad135abb6fe0e0d909f127a74a97b33ff7675acc2e3e1b2b8254ea6179,complete,complete,matched simulator-execution runtime ratio; boundary-selected subset; single R vs median five E; wrappers differ
e316f5cf0585b1b3e0fb49e2985cdc7b0d90165614bf4115ef11b1070002245a,h101,1,10.454568399996788,0.019768799997109454,528.8418316501471,b06437ad135abb6fe0e0d909f127a74a97b33ff7675acc2e3e1b2b8254ea6179,complete,complete,matched simulator-execution runtime ratio; boundary-selected subset; single R vs median five E; wrappers differ
0724de13d305235b33b9b8c1c865b339c6f29e68e3e6ca0a093ffe5eca96107d,h101,2,10.42012870000326,0.019472699998004828,535.1147350429528,b06437ad135abb6fe0e0d909f127a74a97b33ff7675acc2e3e1b2b8254ea6179,complete,complete,matched simulator-execution runtime ratio; boundary-selected subset; single R vs median five E; wrappers differ
0b13f88b2192fd9bcab2b9ae11fe32f5e7f832079f9af53735535303be3b5aae,h102,-2,40.636783699999796,0.05916290000459412,686.8626064111845,b06437ad135abb6fe0e0d909f127a74a97b33ff7675acc2e3e1b2b8254ea6179,complete,complete,matched simulator-execution runtime ratio; boundary-selected subset; single R vs median five E; wrappers differ
72df4c88c4f2b7a81b684164ecc7c15acc5f22e32765783c9f8ce3997edf1cbd,h102,-1,40.88919409999653,0.061334899997746106,666.654614281577,b06437ad135abb6fe0e0d909f127a74a97b33ff7675acc2e3e1b2b8254ea6179,complete,complete,matched simulator-execution runtime ratio; boundary-selected subset; single R vs median five E; wrappers differ
bd6b6d55bc683aa67e4c093245031e1a734013d0064218729bbcd650901653d5,h102,0,40.38811569999962,0.061789799998223316,653.6372621559048,b06437ad135abb6fe0e0d909f127a74a97b33ff7675acc2e3e1b2b8254ea6179,complete,complete,matched simulator-execution runtime ratio; boundary-selected subset; single R vs median five E; wrappers differ
6a78100f3afcd9c845d5d7836e986a2d42389377d3618245566c15586457c22d,h102,1,40.527398500002164,0.0623520999943139,649.9764804023921,b06437ad135abb6fe0e0d909f127a74a97b33ff7675acc2e3e1b2b8254ea6179,complete,complete,matched simulator-execution runtime ratio; boundary-selected subset; single R vs median five E; wrappers differ
57231b3beb63ec9fa1295c84abb651cc962edc3ce69595ba22945ef9e248977a,h102,2,40.48047140000563,0.0605954999991809,668.0441848083244,b06437ad135abb6fe0e0d909f127a74a97b33ff7675acc2e3e1b2b8254ea6179,complete,complete,matched simulator-execution runtime ratio; boundary-selected subset; single R vs median five E; wrappers differ
be05143ba154b8080b8fad807e897d62192f1e1feb4610ccb354c93c1b673755,h103,-2,12.25087429999985,0.018996599996171426,644.8982608713607,b06437ad135abb6fe0e0d909f127a74a97b33ff7675acc2e3e1b2b8254ea6179,complete,complete,matched simulator-execution runtime ratio; boundary-selected subset; single R vs median five E; wrappers differ
5b66dd9dda217db84e1c1423d76ccc2770209e82819003059721e2d9132cd084,h103,-1,12.252703699996346,0.019141000004310627,640.128713089023,b06437ad135abb6fe0e0d909f127a74a97b33ff7675acc2e3e1b2b8254ea6179,complete,complete,matched simulator-execution runtime ratio; boundary-selected subset; single R vs median five E; wrappers differ
8179d54bd41fa6ceaaf4f98002f46394abe8a0fde249beea3eed87451899c26d,h103,0,12.188934099998733,0.01906099999905564,639.4698127381891,b06437ad135abb6fe0e0d909f127a74a97b33ff7675acc2e3e1b2b8254ea6179,complete,complete,matched simulator-execution runtime ratio; boundary-selected subset; single R vs median five E; wrappers differ
b0b58ae6fe4e77ba7ac28682921d4762279bf7236fbb731ee2efe055b2b6bec3,h103,1,12.359081599999627,0.01957100000436185,631.4997494887906,b06437ad135abb6fe0e0d909f127a74a97b33ff7675acc2e3e1b2b8254ea6179,complete,complete,matched simulator-execution runtime ratio; boundary-selected subset; single R vs median five E; wrappers differ
c5557d2b9ba8c32b19002f7c95167ace0b2bef4652a47962bd0d623a41f1ad59,h103,2,12.219511000002967,0.018947799995657988,644.9039467802672,b06437ad135abb6fe0e0d909f127a74a97b33ff7675acc2e3e1b2b8254ea6179,complete,complete,matched simulator-execution runtime ratio; boundary-selected subset; single R vs median five E; wrappers differ
e1c67856df6b9f7f6436acf5ef9f9d329a0b5e07d7babf7619ddb17a5d0ff32c,h104,-2,58.00880280000274,0.07934220000606729,731.1216829829121,b06437ad135abb6fe0e0d909f127a74a97b33ff7675acc2e3e1b2b8254ea6179,complete,complete,matched simulator-execution runtime ratio; boundary-selected subset; single R vs median five E; wrappers differ
5be0553c06417f842767706fb1bbc31527969041d19dd1625b01d8bcc0b0e96b,h104,-1,58.08291119999922,0.07965420000255108,729.1883064312867,b06437ad135abb6fe0e0d909f127a74a97b33ff7675acc2e3e1b2b8254ea6179,complete,complete,matched simulator-execution runtime ratio; boundary-selected subset; single R vs median five E; wrappers differ
f91a6ebd833a49284613c0bfc9e603aa3c75d512d8db20baf9d42f817748cea3,h104,0,57.818878699996276,0.07824670000263723,738.9305708489629,b06437ad135abb6fe0e0d909f127a74a97b33ff7675acc2e3e1b2b8254ea6179,complete,complete,matched simulator-execution runtime ratio; boundary-selected subset; single R vs median five E; wrappers differ
62b22c188cd7d1ac28a0d8c3e5dfa4d076b2e0db5c6d23452d600a815e5ab791,h104,1,57.990447900003346,0.0797547999973176,727.1091884369811,b06437ad135abb6fe0e0d909f127a74a97b33ff7675acc2e3e1b2b8254ea6179,complete,complete,matched simulator-execution runtime ratio; boundary-selected subset; single R vs median five E; wrappers differ
0ae21079f64709c32a39e9f90d5fe254f96d95e82ea0a3c616632c1ae8bafc45,h104,2,57.547118099995714,0.08078329999989364,712.3640418263611,b06437ad135abb6fe0e0d909f127a74a97b33ff7675acc2e3e1b2b8254ea6179,complete,complete,matched simulator-execution runtime ratio; boundary-selected subset; single R vs median five E; wrappers differ
5c0ee9fda5bbca5b2392978da388ae27640fc518466a9e3c85530d95aa0faac6,h105,-2,11.045139000001654,0.02407120000134455,458.8528614852896,b06437ad135abb6fe0e0d909f127a74a97b33ff7675acc2e3e1b2b8254ea6179,complete,complete,matched simulator-execution runtime ratio; boundary-selected subset; single R vs median five E; wrappers differ
d706e347dd917a5088e02dc2c80bf41b87cb6c1b2d25af9db89a90d6d8243d14,h105,-1,11.19943780000176,0.024309800006449223,460.6964186061023,b06437ad135abb6fe0e0d909f127a74a97b33ff7675acc2e3e1b2b8254ea6179,complete,complete,matched simulator-execution runtime ratio; boundary-selected subset; single R vs median five E; wrappers differ
e9db092248c63aa2d9cf85e964f81191573aad675f3cc56181ba5a3d6c8a9253,h105,0,11.14571640000213,0.02480189999914728,449.3896193592157,b06437ad135abb6fe0e0d909f127a74a97b33ff7675acc2e3e1b2b8254ea6179,complete,complete,matched simulator-execution runtime ratio; boundary-selected subset; single R vs median five E; wrappers differ
3fb34ecbf4ea5db0791581be8a3b157332ea094c89d489ec373d13f5ed692fda,h105,1,11.147146499999508,0.024620299998787232,452.76241558992393,b06437ad135abb6fe0e0d909f127a74a97b33ff7675acc2e3e1b2b8254ea6179,complete,complete,matched simulator-execution runtime ratio; boundary-selected subset; single R vs median five E; wrappers differ
88d72c81a6246453c8f6bed30743b4b6f01d31c6e41c2f8a9abedda904f54b45,h105,2,11.276937499998894,0.02521310000156518,447.2650130011321,b06437ad135abb6fe0e0d909f127a74a97b33ff7675acc2e3e1b2b8254ea6179,complete,complete,matched simulator-execution runtime ratio; boundary-selected subset; single R vs median five E; wrappers differ
2734bb7ddee3392d2d59e7d0f15f8aec8728026a45315a78426be3c3a4b82aca,h106,-2,24.658776299998863,0.3247736999983317,75.92602572229687,b06437ad135abb6fe0e0d909f127a74a97b33ff7675acc2e3e1b2b8254ea6179,complete,complete,matched simulator-execution runtime ratio; boundary-selected subset; single R vs median five E; wrappers differ
221078a08ebfd688196114552687844ede150ef628614ebb06a4ca21f19939c9,h106,-1,24.608866199996555,0.33000670000183163,74.5708078043869,b06437ad135abb6fe0e0d909f127a74a97b33ff7675acc2e3e1b2b8254ea6179,complete,complete,matched simulator-execution runtime ratio; boundary-selected subset; single R vs median five E; wrappers differ
76671d19e5e44aee07356ed61651710b98db830984678e6214c3ca3561835523,h106,0,23.315722699997423,0.3267878000042401,71.34820424659334,b06437ad135abb6fe0e0d909f127a74a97b33ff7675acc2e3e1b2b8254ea6179,complete,complete,matched simulator-execution runtime ratio; boundary-selected subset; single R vs median five E; wrappers differ
b4cc9889c52ca7b8e8b78f99e2bcdb05e82a21606fec0cf2f45412dd20bd3e18,h106,1,23.349405300003127,0.32634970000071917,71.54719400677149,b06437ad135abb6fe0e0d909f127a74a97b33ff7675acc2e3e1b2b8254ea6179,complete,complete,matched simulator-execution runtime ratio; boundary-selected subset; single R vs median five E; wrappers differ
c677cb2184a846e6d6f7801a489244c377f9089ec4efcaf52bef92aa0649e784,h106,2,23.282634499999403,0.3299756000051275,70.55865494187333,b06437ad135abb6fe0e0d909f127a74a97b33ff7675acc2e3e1b2b8254ea6179,complete,complete,matched simulator-execution runtime ratio; boundary-selected subset; single R vs median five E; wrappers differ
73cb40b7ed613f722c5d46349694d8816274a47f6456789ca3f802682e1ef3b9,w201,-2,9.047565900000336,0.015479100002266932,584.5020639879134,b06437ad135abb6fe0e0d909f127a74a97b33ff7675acc2e3e1b2b8254ea6179,complete,complete,matched simulator-execution runtime ratio; boundary-selected subset; single R vs median five E; wrappers differ
2d4beb5daec4eeaa1af0452a4e43249848e3a5d2e751010aa10e09bc2615eecc,w201,-1,8.893651799997315,0.015118200004508253,588.2745166319552,b06437ad135abb6fe0e0d909f127a74a97b33ff7675acc2e3e1b2b8254ea6179,complete,complete,matched simulator-execution runtime ratio; boundary-selected subset; single R vs median five E; wrappers differ
e06eea797df707e691df96c567d4a6e967fb8c4e77fbe7a7e0f4892d2e7fda6d,w201,0,8.844424900002195,0.015687599996454082,563.7844477167527,b06437ad135abb6fe0e0d909f127a74a97b33ff7675acc2e3e1b2b8254ea6179,complete,complete,matched simulator-execution runtime ratio; boundary-selected subset; single R vs median five E; wrappers differ
ac2dd7ab9c8a49d580d06002de75c67d720e6635929b7031422d9efa9c4dee9b,w201,1,8.964668600005098,0.0156319000016083,573.4855391272181,b06437ad135abb6fe0e0d909f127a74a97b33ff7675acc2e3e1b2b8254ea6179,complete,complete,matched simulator-execution runtime ratio; boundary-selected subset; single R vs median five E; wrappers differ
7fbeb2ec7b1920a5d4555a4937b4d41131a34f28ef3ee682125a10bed143c292,w201,2,8.861865300001227,0.015780699999595527,561.5635111388192,b06437ad135abb6fe0e0d909f127a74a97b33ff7675acc2e3e1b2b8254ea6179,complete,complete,matched simulator-execution runtime ratio; boundary-selected subset; single R vs median five E; wrappers differ
5fec0ff87a5d84460193a63930260acb2c3b6ffeb68e19f00a5ff62bedc64e37,w202,-2,34.63507539999409,0.05669740000303136,610.8759025659432,b06437ad135abb6fe0e0d909f127a74a97b33ff7675acc2e3e1b2b8254ea6179,complete,complete,matched simulator-execution runtime ratio; boundary-selected subset; single R vs median five E; wrappers differ
ac58e09302d03b8c9c7ad5d8b242f64058a3d48c147726986cbe74ec9e36c53b,w202,-1,34.80004039999767,0.05688260000169976,611.7870912890371,b06437ad135abb6fe0e0d909f127a74a97b33ff7675acc2e3e1b2b8254ea6179,complete,complete,matched simulator-execution runtime ratio; boundary-selected subset; single R vs median five E; wrappers differ
c57747175ef25bd7449ecaacec52aab01c6acc028e928e9a8b5dd038dc467229,w202,0,35.00948819999758,0.0571570000029169,612.5144461432709,b06437ad135abb6fe0e0d909f127a74a97b33ff7675acc2e3e1b2b8254ea6179,complete,complete,matched simulator-execution runtime ratio; boundary-selected subset; single R vs median five E; wrappers differ
3d4dc73c14675950d3cefbd76ca3504e72b011963831006f6a984094217938f8,w202,1,36.24831719999929,0.05958719999762252,608.3238883761205,b06437ad135abb6fe0e0d909f127a74a97b33ff7675acc2e3e1b2b8254ea6179,complete,complete,matched simulator-execution runtime ratio; boundary-selected subset; single R vs median five E; wrappers differ
0bca49327c9870b47a640e790b8a76f428276d657eaf6d2af2956342c8e9f4a4,w202,2,35.1777860000002,0.05936340000334894,592.5837468543862,b06437ad135abb6fe0e0d909f127a74a97b33ff7675acc2e3e1b2b8254ea6179,complete,complete,matched simulator-execution runtime ratio; boundary-selected subset; single R vs median five E; wrappers differ
c9a0133ec484786edbb9d39c7864d776aaec19ed581ef2157311d5b5689f131d,w203,-2,2.48358520000329,0.0048976000034599565,507.1024988256978,b06437ad135abb6fe0e0d909f127a74a97b33ff7675acc2e3e1b2b8254ea6179,complete,complete,matched simulator-execution runtime ratio; boundary-selected subset; single R vs median five E; wrappers differ
9f18163319e8f8f9af856f8f70b5f93c3b498306b445ef72e1f547a74ba067ed,w203,-1,2.463214399998833,0.00476630000048317,516.7980193754341,b06437ad135abb6fe0e0d909f127a74a97b33ff7675acc2e3e1b2b8254ea6179,complete,complete,matched simulator-execution runtime ratio; boundary-selected subset; single R vs median five E; wrappers differ
84d938080ae505fa710f8b16932a24ec979e4061c1498e462f501241ab5736ac,w203,0,2.469445900002029,0.004877999999735039,506.24147194263287,b06437ad135abb6fe0e0d909f127a74a97b33ff7675acc2e3e1b2b8254ea6179,complete,complete,matched simulator-execution runtime ratio; boundary-selected subset; single R vs median five E; wrappers differ
e0d6c1b219017d4d03bda10eb8173c53ee27f2ae0764f30b9e56f45f779e04c5,w203,1,2.5310452000048826,0.004949200003466103,511.40491356831416,b06437ad135abb6fe0e0d909f127a74a97b33ff7675acc2e3e1b2b8254ea6179,complete,complete,matched simulator-execution runtime ratio; boundary-selected subset; single R vs median five E; wrappers differ
b9465bd77fd73e1a3247b3483979e7f352ce30169619337ed13445dbcf209eba,w203,2,2.5222797999958857,0.005118699999002274,492.75788784017874,b06437ad135abb6fe0e0d909f127a74a97b33ff7675acc2e3e1b2b8254ea6179,complete,complete,matched simulator-execution runtime ratio; boundary-selected subset; single R vs median five E; wrappers differ
4254db68f2b357d96f6d1d8d1b4c0e52a275b9c890dc15b31c5d85a91ce049f6,w204,-2,28.532316099997843,0.041224000000511296,692.1287623627974,b06437ad135abb6fe0e0d909f127a74a97b33ff7675acc2e3e1b2b8254ea6179,complete,complete,matched simulator-execution runtime ratio; boundary-selected subset; single R vs median five E; wrappers differ
b701ed41a70d5298f226ee588fbf4d58f403af1ef0771640087e4cd81bef58e9,w204,-1,28.1188664999936,0.04173820000141859,673.6961943504488,b06437ad135abb6fe0e0d909f127a74a97b33ff7675acc2e3e1b2b8254ea6179,complete,complete,matched simulator-execution runtime ratio; boundary-selected subset; single R vs median five E; wrappers differ
9094a6557477b4c345aa727d2719e8e9d8d19cfd6872d82282268e4ff8ccb405,w204,0,28.412448800001584,0.04278049999993527,664.1448510429885,b06437ad135abb6fe0e0d909f127a74a97b33ff7675acc2e3e1b2b8254ea6179,complete,complete,matched simulator-execution runtime ratio; boundary-selected subset; single R vs median five E; wrappers differ
c0877920e6c544d0573e260c3fc1e475742cc67394d9d7038cd95a543f3ffe08,w204,1,28.332056999999622,0.04187210000236519,676.63329516311,b06437ad135abb6fe0e0d909f127a74a97b33ff7675acc2e3e1b2b8254ea6179,complete,complete,matched simulator-execution runtime ratio; boundary-selected subset; single R vs median five E; wrappers differ
f4b2d9665537f8573d0527c05a1e5de30119f19444bbea459bf876b9228c12c5,w204,2,28.13868459999503,0.043007400003261864,654.2754176690726,b06437ad135abb6fe0e0d909f127a74a97b33ff7675acc2e3e1b2b8254ea6179,complete,complete,matched simulator-execution runtime ratio; boundary-selected subset; single R vs median five E; wrappers differ
b29527c1b6cda645b52d352a1476488ca8844ebbcf30b570acc564e8275da159,h101,-2,10.274743099995248,0.025712800001201686,399.59643055268424,b06437ad135abb6fe0e0d909f127a74a97b33ff7675acc2e3e1b2b8254ea6179,complete,complete,matched simulator-execution runtime ratio; boundary-selected subset; single R vs median five E; wrappers differ
b3a61a850d7634f591aef628ecc0af5f597fee805ba6c442e538f8fd362a1199,h101,-1,10.409823199996026,0.02647419999993872,393.2063367361477,b06437ad135abb6fe0e0d909f127a74a97b33ff7675acc2e3e1b2b8254ea6179,complete,complete,matched simulator-execution runtime ratio; boundary-selected subset; single R vs median five E; wrappers differ
620a68e67e2dda38a8b259505691306f8a02ff3f6d33d39e50d2c323520f1629,h101,0,10.381232400002773,0.026056900002004113,398.406272396345,b06437ad135abb6fe0e0d909f127a74a97b33ff7675acc2e3e1b2b8254ea6179,complete,complete,matched simulator-execution runtime ratio; boundary-selected subset; single R vs median five E; wrappers differ
d2ca8cd807b3be6083a093cc73c6f978fac2ce7aa5034e2a1bdacb5349f2b86f,h101,1,10.167753800000355,0.02639120000094408,385.27061291781456,b06437ad135abb6fe0e0d909f127a74a97b33ff7675acc2e3e1b2b8254ea6179,complete,complete,matched simulator-execution runtime ratio; boundary-selected subset; single R vs median five E; wrappers differ
0fb4ec99438208eecee225745f7fba1b77befc289b8deb87ba694e501cbf1834,h101,2,10.155871399998432,0.02646929999900749,383.6849255695936,b06437ad135abb6fe0e0d909f127a74a97b33ff7675acc2e3e1b2b8254ea6179,complete,complete,matched simulator-execution runtime ratio; boundary-selected subset; single R vs median five E; wrappers differ
350bbc2885e31720d67959ee4b5a083bf0f6ab128b90162c3b1e43e439024e64,h102,-2,40.637955899997905,0.0751384000031976,540.84137935155,b06437ad135abb6fe0e0d909f127a74a97b33ff7675acc2e3e1b2b8254ea6179,complete,complete,matched simulator-execution runtime ratio; boundary-selected subset; single R vs median five E; wrappers differ
16113362121edea8df61d4186a3e03e4a2c02be8ac76187842f4c31606c334e3,h102,-1,40.92341440000018,0.07724009999947157,529.8208365898045,b06437ad135abb6fe0e0d909f127a74a97b33ff7675acc2e3e1b2b8254ea6179,complete,complete,matched simulator-execution runtime ratio; boundary-selected subset; single R vs median five E; wrappers differ
01ec486a5236a935dac0c4d90b843c461e42986fdc7c5800ba9e0b5f1cc7bd72,h102,0,41.13930779999646,0.07631890000629937,539.0448210941303,b06437ad135abb6fe0e0d909f127a74a97b33ff7675acc2e3e1b2b8254ea6179,complete,complete,matched simulator-execution runtime ratio; boundary-selected subset; single R vs median five E; wrappers differ
f1cf66f375129ea45832ac6cb604a58fd6dfebe3b8764edfe6b339ead71caece,h102,1,41.01640000000043,0.07926779999979772,517.4408776338577,b06437ad135abb6fe0e0d909f127a74a97b33ff7675acc2e3e1b2b8254ea6179,complete,complete,matched simulator-execution runtime ratio; boundary-selected subset; single R vs median five E; wrappers differ
253c5b8bffe37ebe476a9ea60e94c29bfbb792070484a4c42a5f12e087f92866,h102,2,40.6658591000014,0.07839769999554846,518.7123997554835,b06437ad135abb6fe0e0d909f127a74a97b33ff7675acc2e3e1b2b8254ea6179,complete,complete,matched simulator-execution runtime ratio; boundary-selected subset; single R vs median five E; wrappers differ
dd5abc07d622c4733267285597d700e06d1affad8da6f6d07e23708b9fda46f7,h103,-2,12.324054500000784,0.02269450000312645,543.0414637160102,b06437ad135abb6fe0e0d909f127a74a97b33ff7675acc2e3e1b2b8254ea6179,complete,complete,matched simulator-execution runtime ratio; boundary-selected subset; single R vs median five E; wrappers differ
26ce83d16a25dc2543d56ed1136639a99aad9e84e79b85c611c06021ac82e0f9,h103,-1,12.342102300004626,0.022802300001785625,541.2656749116593,b06437ad135abb6fe0e0d909f127a74a97b33ff7675acc2e3e1b2b8254ea6179,complete,complete,matched simulator-execution runtime ratio; boundary-selected subset; single R vs median five E; wrappers differ
7f72d85758c56cc732342ffe343108214d6d7afe2f496725cdad3fc24311ea11,h103,0,12.198172999997041,0.02277909999975236,535.4984613145231,b06437ad135abb6fe0e0d909f127a74a97b33ff7675acc2e3e1b2b8254ea6179,complete,complete,matched simulator-execution runtime ratio; boundary-selected subset; single R vs median five E; wrappers differ
bbbf11328a37b980ada2d0b354e0bbb2b8fa97aac4db15d4b8690309edbc0112,h103,1,12.312416000000667,0.022872800000186544,538.2994648622054,b06437ad135abb6fe0e0d909f127a74a97b33ff7675acc2e3e1b2b8254ea6179,complete,complete,matched simulator-execution runtime ratio; boundary-selected subset; single R vs median five E; wrappers differ
c732347eefafa302325310a718d79f0d8416029feb0f9d5022561b77754bf5ba,h103,2,12.265326699998695,0.023472399996535387,522.5425053172706,b06437ad135abb6fe0e0d909f127a74a97b33ff7675acc2e3e1b2b8254ea6179,complete,complete,matched simulator-execution runtime ratio; boundary-selected subset; single R vs median five E; wrappers differ
e0a39b884dd4988b5e380e0037e9b267c444ddb5e82b10316479cdebf78dc10d,h104,-2,57.937833600000886,0.09546509999927366,606.9006747014532,b06437ad135abb6fe0e0d909f127a74a97b33ff7675acc2e3e1b2b8254ea6179,complete,complete,matched simulator-execution runtime ratio; boundary-selected subset; single R vs median five E; wrappers differ
8f5485dee99f45007163334606818269905e5d0e96309e99fb887d1f400b75f5,h104,-1,58.689775999999256,0.09543389999453211,614.9782834334748,b06437ad135abb6fe0e0d909f127a74a97b33ff7675acc2e3e1b2b8254ea6179,complete,complete,matched simulator-execution runtime ratio; boundary-selected subset; single R vs median five E; wrappers differ
585346e97f7b9129cabedfa592d4ed7a792b3c2bb7ab7cca30dc3def6039973c,h104,0,58.114675500000885,0.09829339999851072,591.2368022764641,b06437ad135abb6fe0e0d909f127a74a97b33ff7675acc2e3e1b2b8254ea6179,complete,complete,matched simulator-execution runtime ratio; boundary-selected subset; single R vs median five E; wrappers differ
75931015cc736d49172f4915eeed0073ed4220c58b91dd9397c728e3ff9fa48e,h104,1,58.58866940000007,0.09725480000633979,602.4244499621698,b06437ad135abb6fe0e0d909f127a74a97b33ff7675acc2e3e1b2b8254ea6179,complete,complete,matched simulator-execution runtime ratio; boundary-selected subset; single R vs median five E; wrappers differ
c870a3c4046b90387dd9518a33ddae542deb948b8ddfda8f7f58858eec0a203f,h104,2,58.226962799999455,0.1006517999994685,578.4989717054929,b06437ad135abb6fe0e0d909f127a74a97b33ff7675acc2e3e1b2b8254ea6179,complete,complete,matched simulator-execution runtime ratio; boundary-selected subset; single R vs median five E; wrappers differ
8291b4b7df13f0fdd6f0ebc8162f413a578f6e5a9762d08167ac125babc67e1b,h105,-2,11.024188099996536,0.03228330000274582,341.4826891630932,b06437ad135abb6fe0e0d909f127a74a97b33ff7675acc2e3e1b2b8254ea6179,complete,complete,matched simulator-execution runtime ratio; boundary-selected subset; single R vs median five E; wrappers differ
ac3f7c2adbd1eedc6fbe4e9c68f5a90373a3c0de3b1f414a97ef00061006bbe0,h105,-1,11.289269900000363,0.032854800003406126,343.61097613834147,b06437ad135abb6fe0e0d909f127a74a97b33ff7675acc2e3e1b2b8254ea6179,complete,complete,matched simulator-execution runtime ratio; boundary-selected subset; single R vs median five E; wrappers differ
e39f37e533f2cdc470b9db35753ba11be52101667702028e258ac809572185c1,h105,0,11.238583099999232,0.03273379999882309,343.33267449557655,b06437ad135abb6fe0e0d909f127a74a97b33ff7675acc2e3e1b2b8254ea6179,complete,complete,matched simulator-execution runtime ratio; boundary-selected subset; single R vs median five E; wrappers differ
ea0b43e33c139ab4f158d8a00ef5f2be3a04931eacea3c9fd9219a5c7b9c08cc,h105,1,10.687961800002086,0.03300979999767151,323.78147703881905,b06437ad135abb6fe0e0d909f127a74a97b33ff7675acc2e3e1b2b8254ea6179,complete,complete,matched simulator-execution runtime ratio; boundary-selected subset; single R vs median five E; wrappers differ
23a3472dbd735a5826479bd80acee5a980825d10f73bfcd1ea1f028a00f6cf76,h105,2,10.659470300000976,0.03304779999598395,322.547047043868,b06437ad135abb6fe0e0d909f127a74a97b33ff7675acc2e3e1b2b8254ea6179,complete,complete,matched simulator-execution runtime ratio; boundary-selected subset; single R vs median five E; wrappers differ
954035223b3d6897ea5dfecec869072943dc6cef4b40f7758c5ac51e9991f79d,h106,-2,37.17035020000185,0.060858400000142865,610.7677855466885,b06437ad135abb6fe0e0d909f127a74a97b33ff7675acc2e3e1b2b8254ea6179,complete,complete,matched simulator-execution runtime ratio; boundary-selected subset; single R vs median five E; wrappers differ
4d82a7e67caa217c87d87f74b664db5e8eb0d89eb1044cb938e9bb7499979eea,h106,-1,37.3319135999991,0.062346500002604444,598.7812242618207,b06437ad135abb6fe0e0d909f127a74a97b33ff7675acc2e3e1b2b8254ea6179,complete,complete,matched simulator-execution runtime ratio; boundary-selected subset; single R vs median five E; wrappers differ
155085cf3e8ef0b95d1cdf79c529db03dd69c855121bc0f88f7aa6c04b65671a,h106,0,37.527751000001444,0.06298080000124173,595.8601827741398,b06437ad135abb6fe0e0d909f127a74a97b33ff7675acc2e3e1b2b8254ea6179,complete,complete,matched simulator-execution runtime ratio; boundary-selected subset; single R vs median five E; wrappers differ
91f7472eb3b5f6b5dfcdc773d1a512addad1aa9f1783d948dbf3f2d2df2118b0,h106,1,37.70906630000536,0.06378630000108387,591.178141691313,b06437ad135abb6fe0e0d909f127a74a97b33ff7675acc2e3e1b2b8254ea6179,complete,complete,matched simulator-execution runtime ratio; boundary-selected subset; single R vs median five E; wrappers differ
c4faf6853a28dfc19464d2a54e0402117b89876a6059fc9b32c5ec426aa73e2e,h106,2,37.72047790000215,0.06512790000124369,579.1754056139049,b06437ad135abb6fe0e0d909f127a74a97b33ff7675acc2e3e1b2b8254ea6179,complete,complete,matched simulator-execution runtime ratio; boundary-selected subset; single R vs median five E; wrappers differ
9e46e329607f877a24a4e03c0aec6c0caf7848c1c23bbeb99df4049cc5fd7523,w201,-2,9.14851120000094,0.01948100000299746,469.6119910986754,b06437ad135abb6fe0e0d909f127a74a97b33ff7675acc2e3e1b2b8254ea6179,complete,complete,matched simulator-execution runtime ratio; boundary-selected subset; single R vs median five E; wrappers differ
3794c50851cad01d1b78b96e0cb6583fd7ac91d2118874a12288676f402cbdb6,w201,-1,8.957297999993898,0.019429200001468416,461.02248159043734,b06437ad135abb6fe0e0d909f127a74a97b33ff7675acc2e3e1b2b8254ea6179,complete,complete,matched simulator-execution runtime ratio; boundary-selected subset; single R vs median five E; wrappers differ
db43efed0a88e56afb44582c08126848f7d644c761ba6db1c82228bafea271c8,w201,0,8.924645400002191,0.019241199996031355,463.8299795149454,b06437ad135abb6fe0e0d909f127a74a97b33ff7675acc2e3e1b2b8254ea6179,complete,complete,matched simulator-execution runtime ratio; boundary-selected subset; single R vs median five E; wrappers differ
5a86271008829ee5b3f490743d589bffcfe3f0b975e84e4ebf52d0bc8f1f32f0,w201,1,8.965716799997608,0.019677900003443938,455.6236589487938,b06437ad135abb6fe0e0d909f127a74a97b33ff7675acc2e3e1b2b8254ea6179,complete,complete,matched simulator-execution runtime ratio; boundary-selected subset; single R vs median five E; wrappers differ
992ac8d2c781709bc65dd46ef7c98b8b8788fb6251229e38057c95f5491b9e4c,w201,2,8.966745099998661,0.019923899999412242,450.04969409920653,b06437ad135abb6fe0e0d909f127a74a97b33ff7675acc2e3e1b2b8254ea6179,complete,complete,matched simulator-execution runtime ratio; boundary-selected subset; single R vs median five E; wrappers differ
b4fc3416b8901afcd0fd1c0fbb7d33ae03b10e93a3009e8ca019f294f076de4d,w202,-2,35.43521669999609,0.07861160000175005,450.7632041480803,b06437ad135abb6fe0e0d909f127a74a97b33ff7675acc2e3e1b2b8254ea6179,complete,complete,matched simulator-execution runtime ratio; boundary-selected subset; single R vs median five E; wrappers differ
b865f1ca351b9b95e24f44155a832cd1b81267c57070576fcace7ab5e68f716b,w202,-1,37.92193450000195,0.11068109999905573,342.6233973128699,b06437ad135abb6fe0e0d909f127a74a97b33ff7675acc2e3e1b2b8254ea6179,complete,complete,matched simulator-execution runtime ratio; boundary-selected subset; single R vs median five E; wrappers differ
f6289b8b33d3613a698bcd235632ad205dc0744fbb604de7fe7d43dd3c579982,w202,0,44.279934699996375,0.10138379999989411,436.75552405850465,b06437ad135abb6fe0e0d909f127a74a97b33ff7675acc2e3e1b2b8254ea6179,complete,complete,matched simulator-execution runtime ratio; boundary-selected subset; single R vs median five E; wrappers differ
c02babecd85b2182306032717ae145dce697e4207735ed82b54f5957466c51d2,w202,1,44.96561590000056,0.09605069999815896,468.14459343724127,b06437ad135abb6fe0e0d909f127a74a97b33ff7675acc2e3e1b2b8254ea6179,complete,complete,matched simulator-execution runtime ratio; boundary-selected subset; single R vs median five E; wrappers differ
6cfa6f78f6c276c8dfccae261910720d9f30f8ad2bf342b929605ffc89a55a95,w202,2,44.7864402999985,0.09502279999287566,471.32309617645836,b06437ad135abb6fe0e0d909f127a74a97b33ff7675acc2e3e1b2b8254ea6179,complete,complete,matched simulator-execution runtime ratio; boundary-selected subset; single R vs median five E; wrappers differ
8ceacc1ec91d1bcd8a23ea0e4ed04f98a778d8a48a82445cd09f4131648284e5,w203,-2,3.229551199998241,0.005681000002368819,568.4828724963224,b06437ad135abb6fe0e0d909f127a74a97b33ff7675acc2e3e1b2b8254ea6179,complete,complete,matched simulator-execution runtime ratio; boundary-selected subset; single R vs median five E; wrappers differ
cadbb5d79b8eb9dfd7f1146bf1dabe351b4ac35d04cb908d29492c03432fcfa0,w203,-1,3.049326200001815,0.005206500005442649,585.6767880177051,b06437ad135abb6fe0e0d909f127a74a97b33ff7675acc2e3e1b2b8254ea6179,complete,complete,matched simulator-execution runtime ratio; boundary-selected subset; single R vs median five E; wrappers differ
30120e20f9f84274c44a3ccd454f0e735f7916c5ab6a80e0544b838a1ecc6e55,w203,0,3.134173999998893,0.0059915999954682775,523.094666261001,b06437ad135abb6fe0e0d909f127a74a97b33ff7675acc2e3e1b2b8254ea6179,complete,complete,matched simulator-execution runtime ratio; boundary-selected subset; single R vs median five E; wrappers differ
ce5c07029735ba5e4726c6e0bbd1936c29a39c88a8b0a2abdc3d2c95a2012a6f,w203,1,3.2084266999954707,0.005244899999524932,611.723140629198,b06437ad135abb6fe0e0d909f127a74a97b33ff7675acc2e3e1b2b8254ea6179,complete,complete,matched simulator-execution runtime ratio; boundary-selected subset; single R vs median five E; wrappers differ
b5853cf83d8906556031c279f83a3e805388aaa5b96a3b64b29d833efbc6ec78,w203,2,3.094277599993802,0.007008300002780743,441.51614496612007,b06437ad135abb6fe0e0d909f127a74a97b33ff7675acc2e3e1b2b8254ea6179,complete,complete,matched simulator-execution runtime ratio; boundary-selected subset; single R vs median five E; wrappers differ
bbd08e45a926f22ef54c97dbd7ce1c636f61cb0f9cbc32f428a1020b450d269d,w204,-2,36.43134480000299,0.07174929999746382,507.75888825801445,b06437ad135abb6fe0e0d909f127a74a97b33ff7675acc2e3e1b2b8254ea6179,complete,complete,matched simulator-execution runtime ratio; boundary-selected subset; single R vs median five E; wrappers differ
97726ae10dfb2eec05d0941baae24a30137a0bbe27abc73887203d175781dc16,w204,-1,37.22673729999951,0.06217100000503706,598.77977347933,b06437ad135abb6fe0e0d909f127a74a97b33ff7675acc2e3e1b2b8254ea6179,complete,complete,matched simulator-execution runtime ratio; boundary-selected subset; single R vs median five E; wrappers differ
6696a0e44b6ce0264301901848674138f2f9c3ba8cc7bc610d2e5c622ea883cc,w204,0,37.09510559999762,0.06601979999686591,561.8784910247925,b06437ad135abb6fe0e0d909f127a74a97b33ff7675acc2e3e1b2b8254ea6179,complete,complete,matched simulator-execution runtime ratio; boundary-selected subset; single R vs median five E; wrappers differ
c01fb5d6639d5b9a0e77aa03a697732cb1f4aa8f7a1991b0ab53f8bcf5bab6cb,w204,1,38.15267860000313,0.07059360000130255,540.4552055611155,b06437ad135abb6fe0e0d909f127a74a97b33ff7675acc2e3e1b2b8254ea6179,complete,complete,matched simulator-execution runtime ratio; boundary-selected subset; single R vs median five E; wrappers differ
29943f2fa5041e6684636971e1a4788f0097ee1c9571554a926170b54a9c9e19,w204,2,35.81472280000162,0.06541920000017853,547.4650072135379,b06437ad135abb6fe0e0d909f127a74a97b33ff7675acc2e3e1b2b8254ea6179,complete,complete,matched simulator-execution runtime ratio; boundary-selected subset; single R vs median five E; wrappers differ
9fdef55a92a87278ab29e1959bd2fabf040e235ed36181253d8773684c4915d3,h101,-2,12.79737419999583,0.048080900000059046,266.1633663259239,b06437ad135abb6fe0e0d909f127a74a97b33ff7675acc2e3e1b2b8254ea6179,complete,complete,matched simulator-execution runtime ratio; boundary-selected subset; single R vs median five E; wrappers differ
1d42cd92b692d4b2de5e64e528e43e789445086f6aac2a294d7f00d5667a8717,h101,-1,13.027346199996828,0.05420829999638954,240.32013918282797,b06437ad135abb6fe0e0d909f127a74a97b33ff7675acc2e3e1b2b8254ea6179,complete,complete,matched simulator-execution runtime ratio; boundary-selected subset; single R vs median five E; wrappers differ
dc161e8fd7530a9cf97fa6b0724058d521cfa0b826892ea4195d2656addc8443,h101,0,12.329148400000122,0.04119830000126967,299.26352300022467,b06437ad135abb6fe0e0d909f127a74a97b33ff7675acc2e3e1b2b8254ea6179,complete,complete,matched simulator-execution runtime ratio; boundary-selected subset; single R vs median five E; wrappers differ
a5745fb20d25cbe2025227106199e22959ce77485e52b64288b4494ac05ad477,h101,1,12.714282599998114,0.046484099999361206,273.51895809906694,b06437ad135abb6fe0e0d909f127a74a97b33ff7675acc2e3e1b2b8254ea6179,complete,complete,matched simulator-execution runtime ratio; boundary-selected subset; single R vs median five E; wrappers differ
1a1ca80c418aabe177c0b9bce552bf8d633d3ba39acca1b9e5dcbd26b9c4e394,h101,2,12.296688900001755,0.039126300005591474,314.2819254119213,b06437ad135abb6fe0e0d909f127a74a97b33ff7675acc2e3e1b2b8254ea6179,complete,complete,matched simulator-execution runtime ratio; boundary-selected subset; single R vs median five E; wrappers differ
9c6cd17967492ea5e3fd76f460f8e10fe7836df039facc65691b0df04daab2d2,h102,-2,50.92547469999408,0.15396180000243476,330.7669480298928,b06437ad135abb6fe0e0d909f127a74a97b33ff7675acc2e3e1b2b8254ea6179,complete,complete,matched simulator-execution runtime ratio; boundary-selected subset; single R vs median five E; wrappers differ
7e422c0404a167cd6dcc5d2a0ac383896a351b85876f7537e432a49283cf1bb2,h102,-1,51.73705660000269,0.15492610000364948,333.9466790862479,b06437ad135abb6fe0e0d909f127a74a97b33ff7675acc2e3e1b2b8254ea6179,complete,complete,matched simulator-execution runtime ratio; boundary-selected subset; single R vs median five E; wrappers differ
c3cf99ab25fb589fdb695b4d4820aebcf221b22934b9d30821b02b2127136568,h102,0,51.98745549999876,0.15235730000131298,341.22064055710325,b06437ad135abb6fe0e0d909f127a74a97b33ff7675acc2e3e1b2b8254ea6179,complete,complete,matched simulator-execution runtime ratio; boundary-selected subset; single R vs median five E; wrappers differ
85f3f2766c7a74cd8feed6180d29ddd92f635fa23d6fbc8f0bdf1d1baae9f9c5,h102,1,52.177168000001984,0.16060100000322564,324.8869434122703,b06437ad135abb6fe0e0d909f127a74a97b33ff7675acc2e3e1b2b8254ea6179,complete,complete,matched simulator-execution runtime ratio; boundary-selected subset; single R vs median five E; wrappers differ
38033cf01b22650a5bb3ad3174df342f5027d255e5cae3037d555aaaa7360d87,h102,2,51.818036500000744,0.15147499999875436,342.08969467190536,b06437ad135abb6fe0e0d909f127a74a97b33ff7675acc2e3e1b2b8254ea6179,complete,complete,matched simulator-execution runtime ratio; boundary-selected subset; single R vs median five E; wrappers differ
b51406affa82a20c90f7782ed680ee0bda9be3669792d0cc95472a85c59ae030,h103,-2,15.941506800001662,0.042826699995202944,372.23290147938746,b06437ad135abb6fe0e0d909f127a74a97b33ff7675acc2e3e1b2b8254ea6179,complete,complete,matched simulator-execution runtime ratio; boundary-selected subset; single R vs median five E; wrappers differ
16b1e62ef79150f32994a1f44e69795f97e159d104533684c8a62c879e1ea906,h103,-1,15.084819100004097,0.03022680000140099,499.05445165564754,b06437ad135abb6fe0e0d909f127a74a97b33ff7675acc2e3e1b2b8254ea6179,complete,complete,matched simulator-execution runtime ratio; boundary-selected subset; single R vs median five E; wrappers differ
f377846f00a16a678df6b04320cfabec21b1fa5db75b581f8602f61bd4e79458,h103,0,14.362552899998263,0.03419500000018161,420.0190934324312,b06437ad135abb6fe0e0d909f127a74a97b33ff7675acc2e3e1b2b8254ea6179,complete,complete,matched simulator-execution runtime ratio; boundary-selected subset; single R vs median five E; wrappers differ
d5a204f70f6b1bd45cbcd59a1108bcd530324b2eca277439e905523ad25833df,h103,1,16.097023400005128,0.03818239999964135,421.5822839883383,b06437ad135abb6fe0e0d909f127a74a97b33ff7675acc2e3e1b2b8254ea6179,complete,complete,matched simulator-execution runtime ratio; boundary-selected subset; single R vs median five E; wrappers differ
31f5e0e62537462ae6d343516d2069ea0967445bf691079115ee954b002cec90,h103,2,16.128574799993658,0.038189800005056895,422.3267678243404,b06437ad135abb6fe0e0d909f127a74a97b33ff7675acc2e3e1b2b8254ea6179,complete,complete,matched simulator-execution runtime ratio; boundary-selected subset; single R vs median five E; wrappers differ
26992a73844f6f05f08ceeb6caf14051721894376a663e725be04f545cfe14ab,h104,-2,73.28594829999929,0.16536590000032447,443.1744894192545,b06437ad135abb6fe0e0d909f127a74a97b33ff7675acc2e3e1b2b8254ea6179,complete,complete,matched simulator-execution runtime ratio; boundary-selected subset; single R vs median five E; wrappers differ
d9e2249a6c39a20ea684cdd1ab64ef69148cf72f0a11777415cc999e721ea926,h104,-1,75.39540810000472,0.1631245000025956,462.1954893275078,b06437ad135abb6fe0e0d909f127a74a97b33ff7675acc2e3e1b2b8254ea6179,complete,complete,matched simulator-execution runtime ratio; boundary-selected subset; single R vs median five E; wrappers differ
21730c6c0fdd5502779d3277ba7f21f773c93a7587e69d0edf3a680c60979752,h104,0,76.10144570000557,0.17396680000092601,437.44809756574523,b06437ad135abb6fe0e0d909f127a74a97b33ff7675acc2e3e1b2b8254ea6179,complete,complete,matched simulator-execution runtime ratio; boundary-selected subset; single R vs median five E; wrappers differ
d62b423a73943d04904129585b802b6b353407fb566a08b940def42830634bc1,h104,1,74.03910500000347,0.18269470000086585,405.2613732070639,b06437ad135abb6fe0e0d909f127a74a97b33ff7675acc2e3e1b2b8254ea6179,complete,complete,matched simulator-execution runtime ratio; boundary-selected subset; single R vs median five E; wrappers differ
fb699b06976b5051d20edc5a3f8e10587a26576a5e210125a07ba81009eb340c,h104,2,75.05196949999663,0.17143460000079358,437.787759878398,b06437ad135abb6fe0e0d909f127a74a97b33ff7675acc2e3e1b2b8254ea6179,complete,complete,matched simulator-execution runtime ratio; boundary-selected subset; single R vs median five E; wrappers differ
4510f0cd83fa47f6f8ca372fddb2ba9569aff36eb4e77177fd8ede87babc2539,h105,-2,13.665070399998513,0.05646069999784231,242.028001787451,b06437ad135abb6fe0e0d909f127a74a97b33ff7675acc2e3e1b2b8254ea6179,complete,complete,matched simulator-execution runtime ratio; boundary-selected subset; single R vs median five E; wrappers differ
73637433657fa3b8280974eea8fc5606f0e0c8cece369407ed77d6163e57f190,h105,-1,12.901808499998879,0.05539670000143815,232.89850297335286,b06437ad135abb6fe0e0d909f127a74a97b33ff7675acc2e3e1b2b8254ea6179,complete,complete,matched simulator-execution runtime ratio; boundary-selected subset; single R vs median five E; wrappers differ
8dacb5afd9aa45a869ca122c40325d05a4c6679bcbb34a06513a863bde1b239a,h105,0,13.396697699994547,0.0635995999982697,210.64122573662445,b06437ad135abb6fe0e0d909f127a74a97b33ff7675acc2e3e1b2b8254ea6179,complete,complete,matched simulator-execution runtime ratio; boundary-selected subset; single R vs median five E; wrappers differ
3bccb97ebbd093f501617bba92e501cbabb78f8a555e6cdb3386090bf8413501,h105,1,12.887509100000898,0.05883419999736361,219.0479194172504,b06437ad135abb6fe0e0d909f127a74a97b33ff7675acc2e3e1b2b8254ea6179,complete,complete,matched simulator-execution runtime ratio; boundary-selected subset; single R vs median five E; wrappers differ
f516a0270e3836b3269749a277866689b20ae15f206c4604483c379bebf9dadd,h105,2,12.760916100000031,0.053150100000493694,240.0920430983479,b06437ad135abb6fe0e0d909f127a74a97b33ff7675acc2e3e1b2b8254ea6179,complete,complete,matched simulator-execution runtime ratio; boundary-selected subset; single R vs median five E; wrappers differ
82eed6688fe58a3ea79b110a4774e3bd1940e0681368b0eb65754f89eb24c2eb,h106,-2,32.84274880000157,0.4013749000005191,81.82561689821435,b06437ad135abb6fe0e0d909f127a74a97b33ff7675acc2e3e1b2b8254ea6179,complete,complete,matched simulator-execution runtime ratio; boundary-selected subset; single R vs median five E; wrappers differ
55c4976cdf966f2f6a9d20e716b82c28ab151217c2ea12a0b5a5047e67090f35,h106,-1,33.39883689999988,0.43730450000293786,76.37432704162775,b06437ad135abb6fe0e0d909f127a74a97b33ff7675acc2e3e1b2b8254ea6179,complete,complete,matched simulator-execution runtime ratio; boundary-selected subset; single R vs median five E; wrappers differ
601dd1773d8a5d0251c61f4a02a35ec9a7366e7b716a5cb47a541f944fbf5987,h106,0,32.289984499999264,0.38032010000461014,84.90212455141827,b06437ad135abb6fe0e0d909f127a74a97b33ff7675acc2e3e1b2b8254ea6179,complete,complete,matched simulator-execution runtime ratio; boundary-selected subset; single R vs median five E; wrappers differ
96ecc9c4f1a3126dbe2a99e570aa15631a428841d36a7fcbbd999a9014574acc,h106,1,30.5056184999994,0.367625599996245,82.98012570482304,b06437ad135abb6fe0e0d909f127a74a97b33ff7675acc2e3e1b2b8254ea6179,complete,complete,matched simulator-execution runtime ratio; boundary-selected subset; single R vs median five E; wrappers differ
c0c69faa36e7684a15b505e893132aad1095660e25ab250d12416f5b1b021dc3,h106,2,29.711023699994257,0.39500659999612253,75.21652473727251,b06437ad135abb6fe0e0d909f127a74a97b33ff7675acc2e3e1b2b8254ea6179,complete,complete,matched simulator-execution runtime ratio; boundary-selected subset; single R vs median five E; wrappers differ
3741a0c803c6f2dd44242095c44b6719a54f66944946b0b4bb1e4a96503db51e,w201,-2,11.682778999995207,0.025756699993507937,453.58213602440884,b06437ad135abb6fe0e0d909f127a74a97b33ff7675acc2e3e1b2b8254ea6179,complete,complete,matched simulator-execution runtime ratio; boundary-selected subset; single R vs median five E; wrappers differ
0948cf32dc72d649a7946c2ddf0a1fa64ed2575cbcf7f46c26e1f4f246fb7c2b,w201,-1,11.75759939999989,0.035160500003257766,334.3979579047653,b06437ad135abb6fe0e0d909f127a74a97b33ff7675acc2e3e1b2b8254ea6179,complete,complete,matched simulator-execution runtime ratio; boundary-selected subset; single R vs median five E; wrappers differ
ef12a22c832e88f00a74ed6d02abb830cbc2701064be8600fd44aec6ee78e11f,w201,0,11.439113599997654,0.03480449999915436,328.6676607989079,b06437ad135abb6fe0e0d909f127a74a97b33ff7675acc2e3e1b2b8254ea6179,complete,complete,matched simulator-execution runtime ratio; boundary-selected subset; single R vs median five E; wrappers differ
064dbc10dc3861f4d3090a5a433f49abc3b9bbeb41efa858cbdf94c4e933f9b1,w201,1,11.73485979999532,0.03198390000034124,366.89896478760005,b06437ad135abb6fe0e0d909f127a74a97b33ff7675acc2e3e1b2b8254ea6179,complete,complete,matched simulator-execution runtime ratio; boundary-selected subset; single R vs median five E; wrappers differ
4b4024f06d1b7e4e660e02ed4cb92674d7becb83025a4aee28a00ad56bb290aa,w201,2,11.03410520000034,0.03423750000365544,322.2812763438411,b06437ad135abb6fe0e0d909f127a74a97b33ff7675acc2e3e1b2b8254ea6179,complete,complete,matched simulator-execution runtime ratio; boundary-selected subset; single R vs median five E; wrappers differ
d21df9d3b18699e60707e1605626c4329e517abea0ffa4ad03b792c714dc801f,w202,-2,41.591631200004485,0.15415909999865107,269.79679565052226,b06437ad135abb6fe0e0d909f127a74a97b33ff7675acc2e3e1b2b8254ea6179,complete,complete,matched simulator-execution runtime ratio; boundary-selected subset; single R vs median five E; wrappers differ
9a8c431364318ff4d4d482a6891f42ddfb63835b116df6db44aef54616681bf8,w202,-1,41.79345189999731,0.17387669999880018,240.36257819642137,b06437ad135abb6fe0e0d909f127a74a97b33ff7675acc2e3e1b2b8254ea6179,complete,complete,matched simulator-execution runtime ratio; boundary-selected subset; single R vs median five E; wrappers differ
9e31c44ca0b2a9592b4a902655d5d02c169b12ed34be76d72b915b1481354d11,w202,0,40.36550629999692,0.16509989999758545,244.49140369308074,b06437ad135abb6fe0e0d909f127a74a97b33ff7675acc2e3e1b2b8254ea6179,complete,complete,matched simulator-execution runtime ratio; boundary-selected subset; single R vs median five E; wrappers differ
9984f6e86d12b2120cc46e747e7e6e878f2816b70eabd360b8417dce579fe0cc,w202,1,39.9478311999992,0.17819949999829987,224.17476592459758,b06437ad135abb6fe0e0d909f127a74a97b33ff7675acc2e3e1b2b8254ea6179,complete,complete,matched simulator-execution runtime ratio; boundary-selected subset; single R vs median five E; wrappers differ
ebae404a874c1bc15685d39b6ec425b8092952a08aac18b56fe28af24bbddf16,w202,2,39.45946740000363,0.17465050000464544,225.93389311198118,b06437ad135abb6fe0e0d909f127a74a97b33ff7675acc2e3e1b2b8254ea6179,complete,complete,matched simulator-execution runtime ratio; boundary-selected subset; single R vs median five E; wrappers differ
421de6d538fe460a2cdec3424e1075234776cd5c7479c479f6931d0aea2e4806,w203,-2,3.065042499998526,0.006422700003895443,477.22024976093263,b06437ad135abb6fe0e0d909f127a74a97b33ff7675acc2e3e1b2b8254ea6179,complete,complete,matched simulator-execution runtime ratio; boundary-selected subset; single R vs median five E; wrappers differ
6f0424873c627b0132f2f3e86fb7dec920970ed22799a340f2139a449a11fd72,w203,-1,3.3055133999951067,0.005165700000361539,639.8965096238185,b06437ad135abb6fe0e0d909f127a74a97b33ff7675acc2e3e1b2b8254ea6179,complete,complete,matched simulator-execution runtime ratio; boundary-selected subset; single R vs median five E; wrappers differ
0109599b128db19e954c8a9aaaa214e3e5271a8e22453a58ee1df1442d92eb14,w203,0,3.2286888000016916,0.006388200003129896,505.4144827055817,b06437ad135abb6fe0e0d909f127a74a97b33ff7675acc2e3e1b2b8254ea6179,complete,complete,matched simulator-execution runtime ratio; boundary-selected subset; single R vs median five E; wrappers differ
37dd18ae31d4e10800261348d3f565c41348bf5c4ca771883143373b034e6bce,w203,1,3.2020828000022448,0.0070837000021128915,452.0353486239032,b06437ad135abb6fe0e0d909f127a74a97b33ff7675acc2e3e1b2b8254ea6179,complete,complete,matched simulator-execution runtime ratio; boundary-selected subset; single R vs median five E; wrappers differ
a227dd109b22d9ffacec4495fd9b88531e3400c56749b2cd605f04de6a455dc3,w203,2,3.097950600000331,0.005158399995707441,600.5642452268704,b06437ad135abb6fe0e0d909f127a74a97b33ff7675acc2e3e1b2b8254ea6179,complete,complete,matched simulator-execution runtime ratio; boundary-selected subset; single R vs median five E; wrappers differ
75b156825c43ef53b3d9b9d431e9e77199628517566fbd82bac2481154e91f20,w204,-2,35.82052430000476,0.09631960000115214,371.89236977288414,b06437ad135abb6fe0e0d909f127a74a97b33ff7675acc2e3e1b2b8254ea6179,complete,complete,matched simulator-execution runtime ratio; boundary-selected subset; single R vs median five E; wrappers differ
f19661eb108c97fe764a028e09b11f9f227dd42e0c658245e154a86db5d8560f,w204,-1,37.174529999996594,0.08985450000182027,413.7191793315139,b06437ad135abb6fe0e0d909f127a74a97b33ff7675acc2e3e1b2b8254ea6179,complete,complete,matched simulator-execution runtime ratio; boundary-selected subset; single R vs median five E; wrappers differ
220a30746f0b2c71638fef4c307b14647cb1f9d0d55ffd26464bb586d2e059d3,w204,0,36.39002420000179,0.08337010000104783,436.48771201599163,b06437ad135abb6fe0e0d909f127a74a97b33ff7675acc2e3e1b2b8254ea6179,complete,complete,matched simulator-execution runtime ratio; boundary-selected subset; single R vs median five E; wrappers differ
f2bd4afb9b0761edf91fbcadc2db8d08f5e3e11c471bedd845f689e4323e827f,w204,1,35.16086020000512,0.09096010000212118,386.55256754538715,b06437ad135abb6fe0e0d909f127a74a97b33ff7675acc2e3e1b2b8254ea6179,complete,complete,matched simulator-execution runtime ratio; boundary-selected subset; single R vs median five E; wrappers differ
0e3c466d8d95c02f3844eaac8f81fc3a48ebcb73df18a283bd7a3f86ee2c66bb,w204,2,36.889055800005735,0.09899900000164052,372.62048908973264,b06437ad135abb6fe0e0d909f127a74a97b33ff7675acc2e3e1b2b8254ea6179,complete,complete,matched simulator-execution runtime ratio; boundary-selected subset; single R vs median five E; wrappers differ
e57e5c82640645a905555ca3ccafa3e5b51046aca3bcd90bb7ed54e19eee0f14,h101,-2,13.111251000002085,0.023412299997289665,560.0155047355413,b06437ad135abb6fe0e0d909f127a74a97b33ff7675acc2e3e1b2b8254ea6179,complete,complete,matched simulator-execution runtime ratio; boundary-selected subset; single R vs median five E; wrappers differ
329635d0361b2121b35f958a1dbd6c58c33331c09375599e0fdbf5fb6b79409d,h101,-1,13.1754254999978,0.019567099996493198,673.3458459536207,b06437ad135abb6fe0e0d909f127a74a97b33ff7675acc2e3e1b2b8254ea6179,complete,complete,matched simulator-execution runtime ratio; boundary-selected subset; single R vs median five E; wrappers differ
aff2aa10287aa3ab27c9f9cc8547bff78c839a29a11e78d096690d04f7a910a9,h101,0,12.936755200003972,0.018703599998843856,691.6719348576554,b06437ad135abb6fe0e0d909f127a74a97b33ff7675acc2e3e1b2b8254ea6179,complete,complete,matched simulator-execution runtime ratio; boundary-selected subset; single R vs median five E; wrappers differ
fab832ae8bd9243d73ab516ce92bcd558d210d4950e1c9ca09c60365f19d3fcd,h101,1,12.943387000006624,0.020709299998998176,625.0035974481401,b06437ad135abb6fe0e0d909f127a74a97b33ff7675acc2e3e1b2b8254ea6179,complete,complete,matched simulator-execution runtime ratio; boundary-selected subset; single R vs median five E; wrappers differ
7d371322c575b1e9fc392c4c425078f50308827f5635ffa14788fe57410be267,h101,2,13.188778899995668,0.019591700001910795,673.1819545373478,b06437ad135abb6fe0e0d909f127a74a97b33ff7675acc2e3e1b2b8254ea6179,complete,complete,matched simulator-execution runtime ratio; boundary-selected subset; single R vs median five E; wrappers differ
594c8b854727556015679c41a10cac983fdaa468f27c8e2a0c9587ed048c771b,h102,-2,52.96089840000059,0.07627209999918705,694.3679064895955,b06437ad135abb6fe0e0d909f127a74a97b33ff7675acc2e3e1b2b8254ea6179,complete,complete,matched simulator-execution runtime ratio; boundary-selected subset; single R vs median five E; wrappers differ
c39d81b0e7b6e86371fa92627f93a78fd50180e555903e3d9be3cc01091eb145,h102,-1,50.86942249999993,0.07415680000121938,685.9711112017168,b06437ad135abb6fe0e0d909f127a74a97b33ff7675acc2e3e1b2b8254ea6179,complete,complete,matched simulator-execution runtime ratio; boundary-selected subset; single R vs median five E; wrappers differ
b9a99566a547a560ef7cf90329a4b709199a3938ecfe331d503a31ef3195cbef,h102,0,51.022498799997265,0.06881450000219047,741.4498223248464,b06437ad135abb6fe0e0d909f127a74a97b33ff7675acc2e3e1b2b8254ea6179,complete,complete,matched simulator-execution runtime ratio; boundary-selected subset; single R vs median five E; wrappers differ
8ef06bfcca18558f0fce9619d429ee263d3191fee47abaad3e4c5f0aff7d669b,h102,1,51.71047670000553,0.07670809999399353,674.1201607660028,b06437ad135abb6fe0e0d909f127a74a97b33ff7675acc2e3e1b2b8254ea6179,complete,complete,matched simulator-execution runtime ratio; boundary-selected subset; single R vs median five E; wrappers differ
8bb74652f16fff88f80fc7002356297a5eeecc48b16a079c5fdcf0a0061ba149,h102,2,51.39098329999979,0.08132049999403534,631.9560664748641,b06437ad135abb6fe0e0d909f127a74a97b33ff7675acc2e3e1b2b8254ea6179,complete,complete,matched simulator-execution runtime ratio; boundary-selected subset; single R vs median five E; wrappers differ
2c4919c381d3b6ac60b2ecc7fa7935fa07a0358e4ab6531c17f4ca382ad92cef,h103,-2,16.105962600006023,0.053055000003951136,303.5710601980317,b06437ad135abb6fe0e0d909f127a74a97b33ff7675acc2e3e1b2b8254ea6179,complete,complete,matched simulator-execution runtime ratio; boundary-selected subset; single R vs median five E; wrappers differ
bdc94ba705b2da53b4e77df82bd0189c40c4f26d692548a068c896d51dba8e82,h103,-1,15.926129899999069,0.042339599996921606,376.1521105810403,b06437ad135abb6fe0e0d909f127a74a97b33ff7675acc2e3e1b2b8254ea6179,complete,complete,matched simulator-execution runtime ratio; boundary-selected subset; single R vs median five E; wrappers differ
2e28a4150c32406858f1caeb8eb78fdd2de75dd874af173fee009511e2cd8702,h103,0,15.501099700006307,0.04863389999809442,318.73034448427273,b06437ad135abb6fe0e0d909f127a74a97b33ff7675acc2e3e1b2b8254ea6179,complete,complete,matched simulator-execution runtime ratio; boundary-selected subset; single R vs median five E; wrappers differ
11141577cce678c680e9348f4113244c4660e177e2afa1ff60a960d6ecf2471e,h103,1,15.520721599998069,0.051872799995180685,299.20732255517424,b06437ad135abb6fe0e0d909f127a74a97b33ff7675acc2e3e1b2b8254ea6179,complete,complete,matched simulator-execution runtime ratio; boundary-selected subset; single R vs median five E; wrappers differ
48768faa064e40e3b5f6dfa32732830178b7a613c9f64b0b5a06a26ebfd067be,h103,2,15.53387980000116,0.06140610000147717,252.9696528460117,b06437ad135abb6fe0e0d909f127a74a97b33ff7675acc2e3e1b2b8254ea6179,complete,complete,matched simulator-execution runtime ratio; boundary-selected subset; single R vs median five E; wrappers differ
89f275af1c45c8ff6531d0255460ae3d236ede624cd4246b45be4e1158fdef04,h104,-2,73.87200400000438,0.28412090000347234,260.0020061850486,b06437ad135abb6fe0e0d909f127a74a97b33ff7675acc2e3e1b2b8254ea6179,complete,complete,matched simulator-execution runtime ratio; boundary-selected subset; single R vs median five E; wrappers differ
a8ebd7e778c41ee548cd2871bf0e08bd569717119fec9f578fc7be8318ca18ce,h104,-1,67.78432940000494,0.28503440000349656,237.8110480670874,b06437ad135abb6fe0e0d909f127a74a97b33ff7675acc2e3e1b2b8254ea6179,complete,complete,matched simulator-execution runtime ratio; boundary-selected subset; single R vs median five E; wrappers differ
c18bc6ec70f0a1fa3252ef26ecfa299392e78b15cdb85c65c2f41db607dcf999,h104,0,65.77935560000333,0.26199300000007497,251.07295080396997,b06437ad135abb6fe0e0d909f127a74a97b33ff7675acc2e3e1b2b8254ea6179,complete,complete,matched simulator-execution runtime ratio; boundary-selected subset; single R vs median five E; wrappers differ
15a3c7c90e89be5b73b0d1daa8a10129c25da894ed4e395e85dbf02be8fba2ed,h104,1,63.989578400003666,0.2861364999989746,223.63305066020231,b06437ad135abb6fe0e0d909f127a74a97b33ff7675acc2e3e1b2b8254ea6179,complete,complete,matched simulator-execution runtime ratio; boundary-selected subset; single R vs median five E; wrappers differ
a1704473e38d5c85dd519904b3412adc043d58211fde18187a501e24346ae254,h104,2,64.9501311999993,0.34740530000271974,186.95780173615898,b06437ad135abb6fe0e0d909f127a74a97b33ff7675acc2e3e1b2b8254ea6179,complete,complete,matched simulator-execution runtime ratio; boundary-selected subset; single R vs median five E; wrappers differ
6e87b130f08a6dee2500b2aa1705a9ce05771118265768773ee03059609eff09,h105,-2,14.506241799994314,0.022570199995243456,642.7165821770043,b06437ad135abb6fe0e0d909f127a74a97b33ff7675acc2e3e1b2b8254ea6179,complete,complete,matched simulator-execution runtime ratio; boundary-selected subset; single R vs median five E; wrappers differ
d6756f90c9c63a225b9cd44d034f3117d0d1d2e851083c7a8aebb416f7ac2fc7,h105,-1,14.429852199995366,0.020375599997350946,708.1927502439883,b06437ad135abb6fe0e0d909f127a74a97b33ff7675acc2e3e1b2b8254ea6179,complete,complete,matched simulator-execution runtime ratio; boundary-selected subset; single R vs median five E; wrappers differ
13ba7a901f01346a8be4f77ba3507798a4e61aa2b48989e607f410fd26ecf7b3,h105,0,13.917746099999931,0.018950999998196494,734.4069495712331,b06437ad135abb6fe0e0d909f127a74a97b33ff7675acc2e3e1b2b8254ea6179,complete,complete,matched simulator-execution runtime ratio; boundary-selected subset; single R vs median five E; wrappers differ
82930fa21bfcc90460e708e44620e80263d758716eccf25d0c1f3b8e69257278,h105,1,14.393750499999442,0.024611200002254918,584.8455377503195,b06437ad135abb6fe0e0d909f127a74a97b33ff7675acc2e3e1b2b8254ea6179,complete,complete,matched simulator-execution runtime ratio; boundary-selected subset; single R vs median five E; wrappers differ
1871f10c92b333d158a38ea904624fc3657c1a7c8a446ea1495146fd76d57900,h105,2,14.192019900001469,0.02065769999899203,687.0087134915287,b06437ad135abb6fe0e0d909f127a74a97b33ff7675acc2e3e1b2b8254ea6179,complete,complete,matched simulator-execution runtime ratio; boundary-selected subset; single R vs median five E; wrappers differ
fb5648775c3825525678d5766fd61c5f6eec00c7e296241d48dba0bad80397ff,h106,-2,48.3079621999932,0.06707959999766899,720.158769606138,b06437ad135abb6fe0e0d909f127a74a97b33ff7675acc2e3e1b2b8254ea6179,complete,complete,matched simulator-execution runtime ratio; boundary-selected subset; single R vs median five E; wrappers differ
771b90e15771765625d14eede91e11fad70ac6b9a0ee2e12ba3e6b2ae4ec096e,h106,-1,46.79440030000114,0.06911099999706494,677.0904820070386,b06437ad135abb6fe0e0d909f127a74a97b33ff7675acc2e3e1b2b8254ea6179,complete,complete,matched simulator-execution runtime ratio; boundary-selected subset; single R vs median five E; wrappers differ
fdc168dcfc69aed4f99f60ea2a1589ea0af0dbf0b2f04be120b096ff24ffe472,h106,0,46.73886560000392,0.07648590000462718,611.0781934601848,b06437ad135abb6fe0e0d909f127a74a97b33ff7675acc2e3e1b2b8254ea6179,complete,complete,matched simulator-execution runtime ratio; boundary-selected subset; single R vs median five E; wrappers differ
3ba1ae954c36bdd329f8bfe3f33a1c648125e349565b9304c93f20a0f09b0908,h106,1,47.98082249999425,0.07001049999962561,685.3375208040342,b06437ad135abb6fe0e0d909f127a74a97b33ff7675acc2e3e1b2b8254ea6179,complete,complete,matched simulator-execution runtime ratio; boundary-selected subset; single R vs median five E; wrappers differ
eb73233552dcbf2f10ce932db9224ca8ea8d56a30a3b127c7c7d56abcafdddc8,h106,2,47.58892290000222,0.071607199999562,664.5829316087392,b06437ad135abb6fe0e0d909f127a74a97b33ff7675acc2e3e1b2b8254ea6179,complete,complete,matched simulator-execution runtime ratio; boundary-selected subset; single R vs median five E; wrappers differ
dde41350e688602039b42d7722df8f644bd84be43f36fd03dcaa52f879ac972d,w202,-2,32.416391400001885,0.2977394000045024,108.8750477750398,b06437ad135abb6fe0e0d909f127a74a97b33ff7675acc2e3e1b2b8254ea6179,complete,complete,matched simulator-execution runtime ratio; boundary-selected subset; single R vs median five E; wrappers differ
a5d3bbd83b5c5c9ed5735c02690c5b97dbcf08d330f6998b43f013b2bc150b1b,w202,-1,31.625621400002274,0.3335097000017413,94.82669139709326,b06437ad135abb6fe0e0d909f127a74a97b33ff7675acc2e3e1b2b8254ea6179,complete,complete,matched simulator-execution runtime ratio; boundary-selected subset; single R vs median five E; wrappers differ
72b64201905634e7d97aeec66be6ff98f7c614bc0de80b40a95f45d2b08ddc98,w202,0,31.25239739999961,0.33851619999768445,92.32171872487457,b06437ad135abb6fe0e0d909f127a74a97b33ff7675acc2e3e1b2b8254ea6179,complete,complete,matched simulator-execution runtime ratio; boundary-selected subset; single R vs median five E; wrappers differ
5872529b801d1387965a3fd4b7829a36b97fcac3dcacacddbf2cea432927b8fc,w202,1,29.718980600002396,0.3397305999969831,87.47807998533635,b06437ad135abb6fe0e0d909f127a74a97b33ff7675acc2e3e1b2b8254ea6179,complete,complete,matched simulator-execution runtime ratio; boundary-selected subset; single R vs median five E; wrappers differ
56745f5f8a50af644915c71e41257975bd1f368239205748111321dc359c6995,w202,2,29.04402200000186,0.3286238999935449,88.38073554775646,b06437ad135abb6fe0e0d909f127a74a97b33ff7675acc2e3e1b2b8254ea6179,complete,complete,matched simulator-execution runtime ratio; boundary-selected subset; single R vs median five E; wrappers differ
38f65b36aba34431b221e36bc287070c14068459ba27eec082882cfd94a1475a,w203,-2,3.2060952999963774,0.005641399999149144,568.3155423263609,b06437ad135abb6fe0e0d909f127a74a97b33ff7675acc2e3e1b2b8254ea6179,complete,complete,matched simulator-execution runtime ratio; boundary-selected subset; single R vs median five E; wrappers differ
78b22f6dfb8a7d3298d900f0385da394e889434abd559cd9afdddad74e7668d2,w203,-1,3.4573490000038873,0.005248299996310379,658.7559785901047,b06437ad135abb6fe0e0d909f127a74a97b33ff7675acc2e3e1b2b8254ea6179,complete,complete,matched simulator-execution runtime ratio; boundary-selected subset; single R vs median five E; wrappers differ
99d2553550c28a55fc007b2b30fb7c9a28158b3feee9aece9bb37b65c9ea77f1,w203,0,3.1959534999987227,0.00921290000405861,346.899835946422,b06437ad135abb6fe0e0d909f127a74a97b33ff7675acc2e3e1b2b8254ea6179,complete,complete,matched simulator-execution runtime ratio; boundary-selected subset; single R vs median five E; wrappers differ
558f7a31bbef669ae9410a79513f6e3fc8ab5c59b0ebf43f50fd6a4d4777018a,w203,1,3.2885026000003563,0.005379900001571514,611.2571979106967,b06437ad135abb6fe0e0d909f127a74a97b33ff7675acc2e3e1b2b8254ea6179,complete,complete,matched simulator-execution runtime ratio; boundary-selected subset; single R vs median five E; wrappers differ
4bbe8ef1ad1f13e8c2f5e920250b69828ae7452ab3675022ead93b77c359ff0f,w203,2,3.2012830000021495,0.004816599997866433,664.635427774819,b06437ad135abb6fe0e0d909f127a74a97b33ff7675acc2e3e1b2b8254ea6179,complete,complete,matched simulator-execution runtime ratio; boundary-selected subset; single R vs median five E; wrappers differ
4015b52fcf4c6b789074b3973432daa036dd7bbb8e1ca18ddbfbf0ac785c7c51,w204,-2,35.97339210000064,0.045267000001331326,794.6935316884848,b06437ad135abb6fe0e0d909f127a74a97b33ff7675acc2e3e1b2b8254ea6179,complete,complete,matched simulator-execution runtime ratio; boundary-selected subset; single R vs median five E; wrappers differ
86002f0469de80e5f32ac8e217df76613d86fcd9f312a5b77524b50cb3f90807,w204,-1,36.38802030000079,0.05308789999980945,685.4296421619879,b06437ad135abb6fe0e0d909f127a74a97b33ff7675acc2e3e1b2b8254ea6179,complete,complete,matched simulator-execution runtime ratio; boundary-selected subset; single R vs median five E; wrappers differ
a115c11a85a8f3172a757f9fb32ee6d231ab2e58d519d4125028baccb0fd340e,w204,0,38.395905199999106,0.05911109999578912,649.5549093610896,b06437ad135abb6fe0e0d909f127a74a97b33ff7675acc2e3e1b2b8254ea6179,complete,complete,matched simulator-execution runtime ratio; boundary-selected subset; single R vs median five E; wrappers differ
96c6e1f317f8b21c93afd6e4af467b9a29cd410a67789d2f900019372cbb1087,w204,1,35.82491730000038,0.058765699999639764,609.6229143908774,b06437ad135abb6fe0e0d909f127a74a97b33ff7675acc2e3e1b2b8254ea6179,complete,complete,matched simulator-execution runtime ratio; boundary-selected subset; single R vs median five E; wrappers differ
a7547d2f10b56c268d4ee015769bbed3e8bf2791a3cab6905774f5e4e6f39f7f,w204,2,36.15887539999676,0.048291799997969065,748.7580790427659,b06437ad135abb6fe0e0d909f127a74a97b33ff7675acc2e3e1b2b8254ea6179,complete,complete,matched simulator-execution runtime ratio; boundary-selected subset; single R vs median five E; wrappers differ
