grid_version,workload,scope,SLA,metric,error_kind,median_signed,median_absolute,p90_absolute,p95_absolute,mean_signed,MAE,min,max,na_reason,valid_workloads,valid_candidates,valid_points,valid_requests,inapplicable_or_small_reference_requests,weighting
G0,h101,full_grid,,TTFT,seconds,-0.02330247326233348,0.06147133454533105,0.22604802913593858,0.7254305058184904,0.19032683698204697,0.25658467327370377,-0.29688984073384894,8.52408141594642,,1,5,175,2800,0,equal workload/candidate/point/request
G0,h101,full_grid,,TTFT,relative,-0.019729802896976623,0.023918507917293528,0.2773937829900629,0.44100293450776806,0.11313130209302034,0.14386090278194782,-0.07021450677020138,10.43963618712527,,1,5,175,2800,0,equal workload/candidate/point/request
G0,h101,full_grid,,TPOT,seconds,-5.8993602111839794e-05,5.899360318328828e-05,0.018467783697167672,0.038488254003707145,-0.003951500866388066,0.005177301130899175,-0.11300532596046003,0.05836700574997861,,1,5,175,2800,0,equal workload/candidate/point/request
G0,h101,full_grid,,TPOT,relative,-0.0002631871776890447,0.00027092261729283896,0.057794294939561536,0.10922992156215137,-0.01114539069388499,0.01501169366140127,-0.2619072692066084,0.14874606380127747,,1,5,175,2800,0,equal workload/candidate/point/request
G0,h101,full_grid,S1,TTFT,SLA_budget_normalized,-0.009320989304933391,0.02458853381813242,0.09041921165437543,0.29017220232739616,0.07613073479281879,0.10263386930948151,-0.11875593629353957,3.409632566378568,,1,5,175,2800,0,equal workload/candidate/point/request
G0,h101,full_grid,S1,TPOT,SLA_budget_normalized,-0.00039329068074559864,0.00039329068788858856,0.12311855798111782,0.2565883600247143,-0.026343339109253773,0.03451534087266117,-0.7533688397364002,0.38911337166652404,,1,5,175,2800,0,equal workload/candidate/point/request
G0,h101,service_relevant,S1,TTFT,SLA_budget_normalized,,,,,,,,,empty applicable subset,0,0,0,0,0,equal workload/candidate/point/request
G0,h101,service_relevant,S1,TTFT,seconds,,,,,,,,,empty applicable subset,0,0,0,0,0,equal workload/candidate/point/request
G0,h101,service_relevant,S1,TPOT,SLA_budget_normalized,,,,,,,,,empty applicable subset,0,0,0,0,0,equal workload/candidate/point/request
G0,h101,service_relevant,S1,TPOT,seconds,,,,,,,,,empty applicable subset,0,0,0,0,0,equal workload/candidate/point/request
G0,h101,full_grid,S2,TTFT,SLA_budget_normalized,-0.009320989304933391,0.02458853381813242,0.09041921165437543,0.29017220232739616,0.07613073479281879,0.10263386930948151,-0.11875593629353957,3.409632566378568,,1,5,175,2800,0,equal workload/candidate/point/request
G0,h101,full_grid,S2,TPOT,SLA_budget_normalized,-0.00019664534037279932,0.00019664534394429428,0.06155927899055891,0.12829418001235715,-0.013171669554626887,0.017257670436330586,-0.3766844198682001,0.19455668583326202,,1,5,175,2800,0,equal workload/candidate/point/request
G0,h101,service_relevant,S2,TTFT,SLA_budget_normalized,,,,,,,,,empty applicable subset,0,0,0,0,0,equal workload/candidate/point/request
G0,h101,service_relevant,S2,TTFT,seconds,,,,,,,,,empty applicable subset,0,0,0,0,0,equal workload/candidate/point/request
G0,h101,service_relevant,S2,TPOT,SLA_budget_normalized,,,,,,,,,empty applicable subset,0,0,0,0,0,equal workload/candidate/point/request
G0,h101,service_relevant,S2,TPOT,seconds,,,,,,,,,empty applicable subset,0,0,0,0,0,equal workload/candidate/point/request
G0,h101,full_grid,S3,TTFT,SLA_budget_normalized,-0.0038837455437222466,0.010245222424221842,0.03767467152265643,0.12090508430308174,0.031721139497007826,0.04276411221228396,-0.04948164012230816,1.42068023599107,,1,5,175,2800,0,equal workload/candidate/point/request
G0,h101,full_grid,S3,TPOT,SLA_budget_normalized,-0.00029496801055919897,0.0002949680159164414,0.09233891848583836,0.19244127001853573,-0.019757504331940328,0.025886505654495875,-0.5650266298023001,0.29183502874989303,,1,5,175,2800,0,equal workload/candidate/point/request
G0,h101,service_relevant,S3,TTFT,SLA_budget_normalized,,,,,,,,,empty applicable subset,0,0,0,0,0,equal workload/candidate/point/request
G0,h101,service_relevant,S3,TTFT,seconds,,,,,,,,,empty applicable subset,0,0,0,0,0,equal workload/candidate/point/request
G0,h101,service_relevant,S3,TPOT,SLA_budget_normalized,,,,,,,,,empty applicable subset,0,0,0,0,0,equal workload/candidate/point/request
G0,h101,service_relevant,S3,TPOT,seconds,,,,,,,,,empty applicable subset,0,0,0,0,0,equal workload/candidate/point/request
G0,h101,full_grid,S4,TTFT,SLA_budget_normalized,-0.0038837455437222466,0.010245222424221842,0.03767467152265643,0.12090508430308174,0.031721139497007826,0.04276411221228396,-0.04948164012230816,1.42068023599107,,1,5,175,2800,0,equal workload/candidate/point/request
G0,h101,full_grid,S4,TPOT,SLA_budget_normalized,-0.00023597440844735917,0.00023597441273315312,0.07387113478867069,0.15395301601482858,-0.015806003465552262,0.0207092045235967,-0.45202130384184014,0.23346802299991443,,1,5,175,2800,0,equal workload/candidate/point/request
G0,h101,service_relevant,S4,TTFT,SLA_budget_normalized,-0.005692882708027962,0.008593401532799009,0.02408114272346514,0.031991816173814414,-0.003358787539949049,0.009985769296045539,-0.019595708543420187,0.03757995803198355,,1,5,143,2288,0,equal workload/candidate/point/request
G0,h101,service_relevant,S4,TTFT,seconds,-0.03415729624816777,0.051560409196794055,0.14448685634079084,0.19195089704288648,-0.020152725239694292,0.05991461577627323,-0.11757425126052112,0.2254797481919013,,1,5,143,2288,0,equal workload/candidate/point/request
G0,h101,service_relevant,S4,TPOT,SLA_budget_normalized,-0.00023597440761546906,0.00023597441053868629,0.001272323912479112,0.002621112423598193,0.00028024287079858037,0.0006824078142453083,-0.0033926618936915842,0.0343323680797567,,1,5,143,2288,0,equal workload/candidate/point/request
G0,h101,service_relevant,S4,TPOT,seconds,-5.8993601903867265e-05,5.899360263467157e-05,0.000318080978119778,0.0006552781058995483,7.006071769964509e-05,0.00017060195356132708,-0.0008481654734228961,0.008583092019939176,,1,5,143,2288,0,equal workload/candidate/point/request
G0,h101,full_grid,S5,TTFT,SLA_budget_normalized,-0.0038837455437222466,0.010245222424221842,0.03767467152265643,0.12090508430308174,0.031721139497007826,0.04276411221228396,-0.04948164012230816,1.42068023599107,,1,5,175,2800,0,equal workload/candidate/point/request
G0,h101,full_grid,S5,TPOT,SLA_budget_normalized,-0.00019664534037279932,0.00019664534394429428,0.06155927899055891,0.12829418001235715,-0.013171669554626887,0.017257670436330586,-0.3766844198682001,0.19455668583326202,,1,5,175,2800,0,equal workload/candidate/point/request
G0,h101,service_relevant,S5,TTFT,SLA_budget_normalized,-0.005692882707990066,0.010078073879967064,0.025698066091517074,0.033313291363015196,-0.0027695329209361393,0.010360010475187104,-0.019595708543420187,0.039552634557807664,,1,5,146,2336,0,equal workload/candidate/point/request
G0,h101,service_relevant,S5,TTFT,seconds,-0.034157296247940394,0.060468443279802386,0.15418839654910244,0.19987974817809118,-0.016617197525616835,0.062160062851122626,-0.11757425126052112,0.23731580734684599,,1,5,146,2336,0,equal workload/candidate/point/request
G0,h101,service_relevant,S5,TPOT,SLA_budget_normalized,-0.00019664533966373687,0.0001966453421164971,0.0015669102845736194,0.002665838782160794,0.0007353187182929736,0.0010637111232555973,-0.002827218244742987,0.08200254031238549,,1,5,146,2336,0,equal workload/candidate/point/request
G0,h101,service_relevant,S5,TPOT,seconds,-5.899360189912106e-05,5.899360263494913e-05,0.0004700730853720858,0.0007997516346482381,0.00022059561548789207,0.00031911333697667914,-0.0008481654734228961,0.024600762093715645,,1,5,146,2336,0,equal workload/candidate/point/request
G0,h101,full_grid,S6,TTFT,SLA_budget_normalized,-0.0038837455437222466,0.010245222424221842,0.03767467152265643,0.12090508430308174,0.031721139497007826,0.04276411221228396,-0.04948164012230816,1.42068023599107,,1,5,175,2800,0,equal workload/candidate/point/request
G0,h101,full_grid,S6,TPOT,SLA_budget_normalized,-0.00011798720422367959,0.00011798720636657656,0.036935567394335345,0.07697650800741429,-0.007903001732776131,0.01035460226179835,-0.22601065192092007,0.11673401149995721,,1,5,175,2800,0,equal workload/candidate/point/request
G0,h101,service_relevant,S6,TTFT,SLA_budget_normalized,-0.0038837455438169854,0.01024522242414605,0.03704485001621075,0.11807348496434263,0.030235161513858237,0.041411517904824835,-0.04948164012230816,1.42068023599107,,1,5,173,2768,0,equal workload/candidate/point/request
G0,h101,service_relevant,S6,TTFT,seconds,-0.023302473262901913,0.0614713345448763,0.22226910009726453,0.7084409097860558,0.1814109690831494,0.248469107428949,-0.29688984073384894,8.52408141594642,,1,5,173,2768,0,equal workload/candidate/point/request
G0,h101,service_relevant,S6,TPOT,SLA_budget_normalized,-0.0001179872042232355,0.00011798720636657656,0.03311176893118217,0.07370167127401006,-0.007281351121381808,0.009698675232416545,-0.22601065192092007,0.11673401149995721,,1,5,173,2768,0,equal workload/candidate/point/request
G0,h101,service_relevant,S6,TPOT,seconds,-5.899360211161775e-05,5.899360318328828e-05,0.016555884465591086,0.03685083563700503,-0.003640675560690904,0.004849337616208272,-0.11300532596046003,0.05836700574997861,,1,5,173,2768,0,equal workload/candidate/point/request
G0,h102,full_grid,,TTFT,seconds,-0.02384699040749183,0.06103412897300586,0.22689349800083392,0.6809833554046989,0.22609614313697593,0.29577187966606583,-0.22729519900894957,18.69895966350211,,1,5,150,8100,0,equal workload/candidate/point/request
G0,h102,full_grid,,TTFT,relative,-0.018268017553870183,0.021526955733099276,0.2186538420818208,0.35931554782012726,0.1092496256086753,0.1394610541930511,-0.28489703011159595,24.247554700048926,,1,5,150,8100,0,equal workload/candidate/point/request
G0,h102,full_grid,,TPOT,seconds,-5.902721550990475e-05,5.9027217156698564e-05,0.025138127678419997,0.045199334267418234,0.0006645075604280931,0.010419860376994265,-0.24626525626320206,2.3493683838872585,,1,5,150,8100,0,equal workload/candidate/point/request
G0,h102,full_grid,,TPOT,relative,-0.00026301413187452833,0.0002707346684153929,0.06413528965669418,0.11509418677086551,-0.004293993124314871,0.02096184550086115,-0.44302408233590623,3.412106392867303,,1,5,150,8100,0,equal workload/candidate/point/request
G0,h102,full_grid,S1,TTFT,SLA_budget_normalized,-0.009538796162996733,0.024413651589202345,0.09075739920033357,0.27239334216187955,0.09043845725479037,0.11830875186642634,-0.09091807960357982,7.479583865400843,,1,5,150,8100,0,equal workload/candidate/point/request
G0,h102,full_grid,S1,TPOT,SLA_budget_normalized,-0.0003935147700660317,0.0003935147810446571,0.16758751785613332,0.3013288951161216,0.004430050402853954,0.06946573584662843,-1.6417683750880139,15.662455892581724,,1,5,150,8100,0,equal workload/candidate/point/request
G0,h102,service_relevant,S1,TTFT,SLA_budget_normalized,,,,,,,,,empty applicable subset,0,0,0,0,0,equal workload/candidate/point/request
G0,h102,service_relevant,S1,TTFT,seconds,,,,,,,,,empty applicable subset,0,0,0,0,0,equal workload/candidate/point/request
G0,h102,service_relevant,S1,TPOT,SLA_budget_normalized,,,,,,,,,empty applicable subset,0,0,0,0,0,equal workload/candidate/point/request
G0,h102,service_relevant,S1,TPOT,seconds,,,,,,,,,empty applicable subset,0,0,0,0,0,equal workload/candidate/point/request
G0,h102,full_grid,S2,TTFT,SLA_budget_normalized,-0.009538796162996733,0.024413651589202345,0.09075739920033357,0.27239334216187955,0.09043845725479037,0.11830875186642634,-0.09091807960357982,7.479583865400843,,1,5,150,8100,0,equal workload/candidate/point/request
G0,h102,full_grid,S2,TPOT,SLA_budget_normalized,-0.00019675738503301585,0.00019675739052232855,0.08379375892806666,0.1506644475580608,0.002215025201426977,0.03473286792331422,-0.8208841875440069,7.831227946290862,,1,5,150,8100,0,equal workload/candidate/point/request
G0,h102,service_relevant,S2,TTFT,SLA_budget_normalized,,,,,,,,,empty applicable subset,0,0,0,0,0,equal workload/candidate/point/request
G0,h102,service_relevant,S2,TTFT,seconds,,,,,,,,,empty applicable subset,0,0,0,0,0,equal workload/candidate/point/request
G0,h102,service_relevant,S2,TPOT,SLA_budget_normalized,,,,,,,,,empty applicable subset,0,0,0,0,0,equal workload/candidate/point/request
G0,h102,service_relevant,S2,TPOT,seconds,,,,,,,,,empty applicable subset,0,0,0,0,0,equal workload/candidate/point/request
G0,h102,full_grid,S3,TTFT,SLA_budget_normalized,-0.003974498401248638,0.01017235482883431,0.037815583000138986,0.11349722590078315,0.03768269052282932,0.04929531327767764,-0.03788253316815826,3.1164932772503513,,1,5,150,8100,0,equal workload/candidate/point/request
G0,h102,full_grid,S3,TPOT,SLA_budget_normalized,-0.00029513607754952376,0.0002951360857834928,0.12569063839209998,0.22599667133709117,0.0033225378021404643,0.052099301884971326,-1.2313262813160102,11.746841919436292,,1,5,150,8100,0,equal workload/candidate/point/request
G0,h102,service_relevant,S3,TTFT,SLA_budget_normalized,,,,,,,,,empty applicable subset,0,0,0,0,0,equal workload/candidate/point/request
G0,h102,service_relevant,S3,TTFT,seconds,,,,,,,,,empty applicable subset,0,0,0,0,0,equal workload/candidate/point/request
G0,h102,service_relevant,S3,TPOT,SLA_budget_normalized,,,,,,,,,empty applicable subset,0,0,0,0,0,equal workload/candidate/point/request
G0,h102,service_relevant,S3,TPOT,seconds,,,,,,,,,empty applicable subset,0,0,0,0,0,equal workload/candidate/point/request
G0,h102,full_grid,S4,TTFT,SLA_budget_normalized,-0.003974498401248638,0.01017235482883431,0.037815583000138986,0.11349722590078315,0.03768269052282932,0.04929531327767764,-0.03788253316815826,3.1164932772503513,,1,5,150,8100,0,equal workload/candidate/point/request
G0,h102,full_grid,S4,TPOT,SLA_budget_normalized,-0.000236108862039619,0.00023610886862679425,0.10055251071367999,0.18079733706967294,0.0026580302417123724,0.04167944150797706,-0.9850610250528082,9.397473535549034,,1,5,150,8100,0,equal workload/candidate/point/request
G0,h102,service_relevant,S4,TTFT,SLA_budget_normalized,-0.009542731314013508,0.009946083822190607,0.01279906540154722,0.02501224890102094,-0.005076359800779028,0.008789629528993627,-0.01881984021383687,0.039195485843871815,,1,5,124,6696,0,equal workload/candidate/point/request
G0,h102,service_relevant,S4,TTFT,seconds,-0.05725638788408105,0.05967650293314364,0.07679439240928332,0.15007349340612564,-0.03045815880467417,0.05273777717396177,-0.11291904128302122,0.2351729150632309,,1,5,124,6696,0,equal workload/candidate/point/request
G0,h102,service_relevant,S4,TPOT,SLA_budget_normalized,-0.00023610886180602808,0.0002361088620504992,0.00023610891183856175,0.0017735801837495124,0.00025058720871994956,0.0006820764094371856,-0.008036716554319923,0.047548331158093315,,1,5,124,6696,0,equal workload/candidate/point/request
G0,h102,service_relevant,S4,TPOT,seconds,-5.902721545150702e-05,5.90272155126248e-05,5.902722795964044e-05,0.0004433950459373781,6.264680217998739e-05,0.0001705191023592964,-0.0020091791385799807,0.011887082789523329,,1,5,124,6696,0,equal workload/candidate/point/request
G0,h102,full_grid,S5,TTFT,SLA_budget_normalized,-0.003974498401248638,0.01017235482883431,0.037815583000138986,0.11349722590078315,0.03768269052282932,0.04929531327767764,-0.03788253316815826,3.1164932772503513,,1,5,150,8100,0,equal workload/candidate/point/request
G0,h102,full_grid,S5,TPOT,SLA_budget_normalized,-0.00019675738503301585,0.00019675739052232855,0.08379375892806666,0.1506644475580608,0.002215025201426977,0.03473286792331422,-0.8208841875440069,7.831227946290862,,1,5,150,8100,0,equal workload/candidate/point/request
G0,h102,service_relevant,S5,TTFT,SLA_budget_normalized,-0.009542731313975613,0.009946083873804431,0.012799065402608297,0.026736568802183076,-0.004818370235923218,0.008951027009200528,-0.01881984021383687,0.039195485843871815,,1,5,125,6750,0,equal workload/candidate/point/request
G0,h102,service_relevant,S5,TTFT,seconds,-0.05725638788385368,0.059676503242826584,0.07679439241564978,0.16041941281309846,-0.028910221415539308,0.05370616205520317,-0.11291904128302122,0.2351729150632309,,1,5,125,6750,0,equal workload/candidate/point/request
G0,h102,service_relevant,S5,TPOT,SLA_budget_normalized,-0.00019675738483835675,0.00019675738504458068,0.00019675743187212252,0.0018821412319374362,0.00029918067079052135,0.0006560025926339986,-0.006697263795266603,0.057282408405619586,,1,5,125,6750,0,equal workload/candidate/point/request
G0,h102,service_relevant,S5,TPOT,seconds,-5.902721545150702e-05,5.90272155133742e-05,5.902722956163675e-05,0.0005646423695812308,8.97542012371564e-05,0.00019680077779019956,-0.0020091791385799807,0.017184722521685875,,1,5,125,6750,0,equal workload/candidate/point/request
G0,h102,full_grid,S6,TTFT,SLA_budget_normalized,-0.003974498401248638,0.01017235482883431,0.037815583000138986,0.11349722590078315,0.03768269052282932,0.04929531327767764,-0.03788253316815826,3.1164932772503513,,1,5,150,8100,0,equal workload/candidate/point/request
G0,h102,full_grid,S6,TPOT,SLA_budget_normalized,-0.0001180544310198095,0.00011805443431339713,0.050276255356839994,0.09039866853483647,0.0013290151208561862,0.02083972075398853,-0.4925305125264041,4.698736767774517,,1,5,150,8100,0,equal workload/candidate/point/request
G0,h102,service_relevant,S6,TTFT,SLA_budget_normalized,-0.004328661629187991,0.010113327616636525,0.03099994116284203,0.037490390123277706,0.0016419197597841487,0.014053302842104093,-0.03788253316815826,0.8434283991075328,,1,5,140,7560,0,equal workload/candidate/point/request
G0,h102,service_relevant,S6,TTFT,seconds,-0.025971969775127945,0.06067996569981915,0.18599964697705218,0.22494234073966624,0.009851518558704893,0.08431981705262455,-0.22729519900894957,5.060570394645197,,1,5,140,7560,0,equal workload/candidate/point/request
G0,h102,service_relevant,S6,TPOT,SLA_budget_normalized,-0.00011805443092061108,0.00011805443420964679,0.014579982831767924,0.07268121924126147,-0.006975313474111849,0.008023628847491445,-0.4925305125264041,0.06826269635656523,,1,5,140,7560,0,equal workload/candidate/point/request
G0,h102,service_relevant,S6,TPOT,seconds,-5.902721546030554e-05,5.902721710482339e-05,0.007289991415883962,0.03634060962063074,-0.0034876567370559245,0.004011814423745722,-0.24626525626320206,0.03413134817828262,,1,5,140,7560,0,equal workload/candidate/point/request
G0,h103,full_grid,,TTFT,seconds,-0.008795053401627229,0.09373519995216384,13.38533703575531,15.344029168543905,3.0094624728572663,3.068283081644186,-0.10483231434773188,22.63690421704335,,1,5,140,2100,0,equal workload/candidate/point/request
G0,h103,full_grid,,TTFT,relative,-0.013326680644362985,0.02189310685147767,3.4161056305530777,5.287341151341445,1.3049589383556786,1.3264944315584672,-0.02226388093083984,33.022949983829456,,1,5,140,2100,0,equal workload/candidate/point/request
G0,h103,full_grid,,TPOT,seconds,-5.902720400224881e-05,5.902721869821548e-05,0.09156899278254993,0.11347818423586747,-0.021374673983134574,0.022415137997186748,-0.21288967937973996,0.046180762720730684,,1,5,140,2100,0,equal workload/candidate/point/request
G0,h103,full_grid,,TPOT,relative,-0.00027073465955794685,0.0002789222305773972,0.21261381286951966,0.25495935206136555,-0.05396659784497855,0.057605924971572714,-0.46010214576562264,0.16340939978284358,,1,5,140,2100,0,equal workload/candidate/point/request
G0,h103,full_grid,S1,TTFT,SLA_budget_normalized,-0.0035180213606508916,0.037494079980865534,5.354134814302124,6.137611667417562,1.2037849891429067,1.2273132326576746,-0.041932925739092755,9.05476168681734,,1,5,140,2100,0,equal workload/candidate/point/request
G0,h103,full_grid,S1,TPOT,SLA_budget_normalized,-0.00039351469334832545,0.0003935147913214365,0.6104599518836662,0.7565212282391165,-0.14249782655423052,0.14943425331457832,-1.4192645291982664,0.3078717514715379,,1,5,140,2100,0,equal workload/candidate/point/request
G0,h103,service_relevant,S1,TTFT,SLA_budget_normalized,,,,,,,,,empty applicable subset,0,0,0,0,0,equal workload/candidate/point/request
G0,h103,service_relevant,S1,TTFT,seconds,,,,,,,,,empty applicable subset,0,0,0,0,0,equal workload/candidate/point/request
G0,h103,service_relevant,S1,TPOT,SLA_budget_normalized,,,,,,,,,empty applicable subset,0,0,0,0,0,equal workload/candidate/point/request
G0,h103,service_relevant,S1,TPOT,seconds,,,,,,,,,empty applicable subset,0,0,0,0,0,equal workload/candidate/point/request
G0,h103,full_grid,S2,TTFT,SLA_budget_normalized,-0.0035180213606508916,0.037494079980865534,5.354134814302124,6.137611667417562,1.2037849891429067,1.2273132326576746,-0.041932925739092755,9.05476168681734,,1,5,140,2100,0,equal workload/candidate/point/request
G0,h103,full_grid,S2,TPOT,SLA_budget_normalized,-0.00019675734667416272,0.00019675739566071826,0.3052299759418331,0.37826061411955825,-0.07124891327711526,0.07471712665728916,-0.7096322645991332,0.15393587573576895,,1,5,140,2100,0,equal workload/candidate/point/request
G0,h103,service_relevant,S2,TTFT,SLA_budget_normalized,,,,,,,,,empty applicable subset,0,0,0,0,0,equal workload/candidate/point/request
G0,h103,service_relevant,S2,TTFT,seconds,,,,,,,,,empty applicable subset,0,0,0,0,0,equal workload/candidate/point/request
G0,h103,service_relevant,S2,TPOT,SLA_budget_normalized,,,,,,,,,empty applicable subset,0,0,0,0,0,equal workload/candidate/point/request
G0,h103,service_relevant,S2,TPOT,seconds,,,,,,,,,empty applicable subset,0,0,0,0,0,equal workload/candidate/point/request
G0,h103,full_grid,S3,TTFT,SLA_budget_normalized,-0.001465842233604538,0.01562253332536064,2.2308895059592184,2.5573381947573175,0.5015770788095444,0.5113805136073644,-0.017472052391288646,3.772817369507225,,1,5,140,2100,0,equal workload/candidate/point/request
G0,h103,full_grid,S3,TPOT,SLA_budget_normalized,-0.00029513602001124406,0.0002951360934910774,0.45784496391274965,0.5673909211793373,-0.10687336991567287,0.11207568998593373,-1.0644483968986997,0.23090381360365342,,1,5,140,2100,0,equal workload/candidate/point/request
G0,h103,service_relevant,S3,TTFT,SLA_budget_normalized,,,,,,,,,empty applicable subset,0,0,0,0,0,equal workload/candidate/point/request
G0,h103,service_relevant,S3,TTFT,seconds,,,,,,,,,empty applicable subset,0,0,0,0,0,equal workload/candidate/point/request
G0,h103,service_relevant,S3,TPOT,SLA_budget_normalized,,,,,,,,,empty applicable subset,0,0,0,0,0,equal workload/candidate/point/request
G0,h103,service_relevant,S3,TPOT,seconds,,,,,,,,,empty applicable subset,0,0,0,0,0,equal workload/candidate/point/request
G0,h103,full_grid,S4,TTFT,SLA_budget_normalized,-0.001465842233604538,0.01562253332536064,2.2308895059592184,2.5573381947573175,0.5015770788095444,0.5113805136073644,-0.017472052391288646,3.772817369507225,,1,5,140,2100,0,equal workload/candidate/point/request
G0,h103,full_grid,S4,TPOT,SLA_budget_normalized,-0.00023610881600899525,0.0002361088747928619,0.3662759711301997,0.4539127369434699,-0.0854986959325383,0.08966055198874699,-0.8515587175189598,0.18472305088292273,,1,5,140,2100,0,equal workload/candidate/point/request
G0,h103,service_relevant,S4,TTFT,SLA_budget_normalized,-0.009946083873766534,0.01059538311838537,0.017472052383766368,0.027867923544439083,-0.00524739183517112,0.010905532746756761,-0.017472052391288646,0.03829040204436751,,1,5,83,1245,0,equal workload/candidate/point/request
G0,h103,service_relevant,S4,TTFT,seconds,-0.05967650324259921,0.06357229871031223,0.1048323143025982,0.1672075412666345,-0.03148435101102672,0.06543319648054056,-0.10483231434773188,0.22974241226620506,,1,5,83,1245,0,equal workload/candidate/point/request
G0,h103,service_relevant,S4,TPOT,SLA_budget_normalized,-0.00023610881010149853,0.00023610881112168247,0.0010861735182184917,0.002909889225325868,0.0006402374905858772,0.001043939422362028,-0.00023610892479641876,0.07232509146620536,,1,5,83,1245,0,equal workload/candidate/point/request
G0,h103,service_relevant,S4,TPOT,seconds,-5.9027202525374634e-05,5.902720278042062e-05,0.00027154337955462293,0.000727472306331467,0.0001600593726464693,0.000260984855590507,-5.902723119910469e-05,0.01808127286655134,,1,5,83,1245,0,equal workload/candidate/point/request
G0,h103,full_grid,S5,TTFT,SLA_budget_normalized,-0.001465842233604538,0.01562253332536064,2.2308895059592184,2.5573381947573175,0.5015770788095444,0.5113805136073644,-0.017472052391288646,3.772817369507225,,1,5,140,2100,0,equal workload/candidate/point/request
G0,h103,full_grid,S5,TPOT,SLA_budget_normalized,-0.00019675734667416272,0.00019675739566071826,0.3052299759418331,0.37826061411955825,-0.07124891327711526,0.07471712665728916,-0.7096322645991332,0.15393587573576895,,1,5,140,2100,0,equal workload/candidate/point/request
G0,h103,service_relevant,S5,TTFT,SLA_budget_normalized,-0.009946083873577058,0.01059538311838537,0.02450488193165275,0.02893459021106537,-0.004590432150854745,0.011263811885335163,-0.017472052391288646,0.04086273479607172,,1,5,85,1275,0,equal workload/candidate/point/request
G0,h103,service_relevant,S5,TTFT,seconds,-0.05967650324146234,0.06357229871031223,0.1470292915899165,0.17360754126639222,-0.027542592905128466,0.06758287131201098,-0.10483231434773188,0.24517640877643032,,1,5,85,1275,0,equal workload/candidate/point/request
G0,h103,service_relevant,S5,TPOT,SLA_budget_normalized,-0.0001967573417497685,0.00019675734298479908,0.001195879450156164,0.00520154151892179,0.0009136088611724854,0.0012427331175372846,-0.00019675743733034898,0.060270909555171136,,1,5,85,1275,0,equal workload/candidate/point/request
G0,h103,service_relevant,S5,TPOT,seconds,-5.9027202524930544e-05,5.902720289543972e-05,0.00035876383504684917,0.0015604624556765367,0.0002740826583517456,0.0003728199352611853,-5.902723119910469e-05,0.01808127286655134,,1,5,85,1275,0,equal workload/candidate/point/request
G0,h103,full_grid,S6,TTFT,SLA_budget_normalized,-0.001465842233604538,0.01562253332536064,2.2308895059592184,2.5573381947573175,0.5015770788095444,0.5113805136073644,-0.017472052391288646,3.772817369507225,,1,5,140,2100,0,equal workload/candidate/point/request
G0,h103,full_grid,S6,TPOT,SLA_budget_normalized,-0.00011805440800449762,0.00011805443739643096,0.18313798556509986,0.22695636847173495,-0.04274934796626915,0.044830275994373496,-0.4257793587594799,0.09236152544146137,,1,5,140,2100,0,equal workload/candidate/point/request
G0,h103,service_relevant,S6,TTFT,SLA_budget_normalized,-0.009700137189990224,0.011136465820072772,0.03645479949464914,0.17371577974371158,0.02940460312404693,0.043129411840994905,-0.017472052391288646,1.2353319919906796,,1,5,100,1500,0,equal workload/candidate/point/request
G0,h103,service_relevant,S6,TTFT,seconds,-0.05820082313994135,0.06681879492043663,0.21872879696789482,1.0422946784622695,0.1764276187442816,0.2587764710459694,-0.10483231434773188,7.411991951944077,,1,5,100,1500,0,equal workload/candidate/point/request
G0,h103,service_relevant,S6,TPOT,SLA_budget_normalized,-0.00011805440510748166,0.00011805440664147682,0.024192929820346043,0.05540613283298379,-0.005517647510286734,0.007891685540378673,-0.21989950793658397,0.09236152544146137,,1,5,100,1500,0,equal workload/candidate/point/request
G0,h103,service_relevant,S6,TPOT,seconds,-5.902720255374083e-05,5.902720332073841e-05,0.012096464910173022,0.027703066416491895,-0.002758823755143367,0.0039458427701893365,-0.10994975396829199,0.046180762720730684,,1,5,100,1500,0,equal workload/candidate/point/request
G0,h104,full_grid,,TTFT,seconds,-0.01433544557676214,0.0660138421371812,0.25649883783546557,0.5003070929782325,0.10843652322609429,0.16368025394690128,-0.7032892927994112,6.892311539450844,,1,5,110,8910,0,equal workload/candidate/point/request
G0,h104,full_grid,,TTFT,relative,-0.016306149978230332,0.024005423776306697,0.24031401530443822,0.34222823213848563,0.06659476078231569,0.09397599830990364,-0.2246705322391143,4.931012706190813,,1,5,110,8910,0,equal workload/candidate/point/request
G0,h104,full_grid,,TPOT,seconds,-5.899363075312358e-05,5.899363395020507e-05,0.04842062586778001,0.06171406216197667,-0.008859367474636467,0.013183591473704457,-0.29711753240619293,0.25258277758997094,,1,5,110,8910,0,equal workload/candidate/point/request
G0,h104,full_grid,,TPOT,relative,-0.000270922173424445,0.0002709227738655008,0.11733103158741527,0.14970666033881225,-0.021390211158165622,0.03197057503819168,-0.5270626859691836,0.40964928977887943,,1,5,110,8910,0,equal workload/candidate/point/request
G0,h104,full_grid,S1,TTFT,SLA_budget_normalized,-0.005734178230704856,0.02640553685487248,0.10259953513418622,0.200122837191293,0.04337460929043772,0.06547210157876052,-0.2813157171197645,2.7569246157803375,,1,5,110,8910,0,equal workload/candidate/point/request
G0,h104,full_grid,S1,TPOT,SLA_budget_normalized,-0.00039329087168749055,0.00039329089300136716,0.32280417245186677,0.4114270810798445,-0.05906244983090979,0.08789060982469638,-1.9807835493746195,1.6838851839331397,,1,5,110,8910,0,equal workload/candidate/point/request
G0,h104,service_relevant,S1,TTFT,SLA_budget_normalized,,,,,,,,,empty applicable subset,0,0,0,0,0,equal workload/candidate/point/request
G0,h104,service_relevant,S1,TTFT,seconds,,,,,,,,,empty applicable subset,0,0,0,0,0,equal workload/candidate/point/request
G0,h104,service_relevant,S1,TPOT,SLA_budget_normalized,,,,,,,,,empty applicable subset,0,0,0,0,0,equal workload/candidate/point/request
G0,h104,service_relevant,S1,TPOT,seconds,,,,,,,,,empty applicable subset,0,0,0,0,0,equal workload/candidate/point/request
G0,h104,full_grid,S2,TTFT,SLA_budget_normalized,-0.005734178230704856,0.02640553685487248,0.10259953513418622,0.200122837191293,0.04337460929043772,0.06547210157876052,-0.2813157171197645,2.7569246157803375,,1,5,110,8910,0,equal workload/candidate/point/request
G0,h104,full_grid,S2,TPOT,SLA_budget_normalized,-0.00019664543584374528,0.00019664544650068358,0.16140208622593338,0.20571354053992225,-0.029531224915454894,0.04394530491234819,-0.9903917746873098,0.8419425919665698,,1,5,110,8910,0,equal workload/candidate/point/request
G0,h104,service_relevant,S2,TTFT,SLA_budget_normalized,,,,,,,,,empty applicable subset,0,0,0,0,0,equal workload/candidate/point/request
G0,h104,service_relevant,S2,TTFT,seconds,,,,,,,,,empty applicable subset,0,0,0,0,0,equal workload/candidate/point/request
G0,h104,service_relevant,S2,TPOT,SLA_budget_normalized,,,,,,,,,empty applicable subset,0,0,0,0,0,equal workload/candidate/point/request
G0,h104,service_relevant,S2,TPOT,seconds,,,,,,,,,empty applicable subset,0,0,0,0,0,equal workload/candidate/point/request
G0,h104,full_grid,S3,TTFT,SLA_budget_normalized,-0.0023892409294603567,0.011002307022863533,0.04274980630591093,0.08338451549637209,0.018072753871015715,0.027280042324483545,-0.11721488213323521,1.148718589908474,,1,5,110,8910,0,equal workload/candidate/point/request
G0,h104,full_grid,S3,TPOT,SLA_budget_normalized,-0.0002949681537656179,0.00029496816975102536,0.24210312933890005,0.30857031080988334,-0.04429683737318234,0.06591795736852228,-1.4855876620309645,1.2629138879498547,,1,5,110,8910,0,equal workload/candidate/point/request
G0,h104,service_relevant,S3,TTFT,SLA_budget_normalized,,,,,,,,,empty applicable subset,0,0,0,0,0,equal workload/candidate/point/request
G0,h104,service_relevant,S3,TTFT,seconds,,,,,,,,,empty applicable subset,0,0,0,0,0,equal workload/candidate/point/request
G0,h104,service_relevant,S3,TPOT,SLA_budget_normalized,,,,,,,,,empty applicable subset,0,0,0,0,0,equal workload/candidate/point/request
G0,h104,service_relevant,S3,TPOT,seconds,,,,,,,,,empty applicable subset,0,0,0,0,0,equal workload/candidate/point/request
G0,h104,full_grid,S4,TTFT,SLA_budget_normalized,-0.0023892409294603567,0.011002307022863533,0.04274980630591093,0.08338451549637209,0.018072753871015715,0.027280042324483545,-0.11721488213323521,1.148718589908474,,1,5,110,8910,0,equal workload/candidate/point/request
G0,h104,full_grid,S4,TPOT,SLA_budget_normalized,-0.00023597452301249433,0.00023597453580082028,0.19368250347112004,0.24685624864790667,-0.03543746989854587,0.05273436589481783,-1.1884701296247717,1.0103311103598838,,1,5,110,8910,0,equal workload/candidate/point/request
G0,h104,service_relevant,S4,TTFT,SLA_budget_normalized,-0.004326197568540617,0.009085014816567613,0.012791779652009913,0.02428642923530333,-0.004803906481447717,0.008355870686777008,-0.018700972226118513,0.03866619457058581,,1,5,73,5913,0,equal workload/candidate/point/request
G0,h104,service_relevant,S4,TTFT,seconds,-0.0259571854112437,0.05451008889940567,0.07675067791205947,0.14571857541181998,-0.028823438888686298,0.05013522412066204,-0.11220583335671108,0.23199716742351484,,1,5,73,5913,0,equal workload/candidate/point/request
G0,h104,service_relevant,S4,TPOT,SLA_budget_normalized,-0.00023597447036405317,0.00023597447674383876,0.00023597454859825007,0.0016112036339479552,0.000825086578252882,0.0012619046489239665,-0.0002359745492206411,0.17457428426279686,,1,5,73,5913,0,equal workload/candidate/point/request
G0,h104,service_relevant,S4,TPOT,seconds,-5.899361759101329e-05,5.899361918595969e-05,5.899363714956252e-05,0.0004028009084869888,0.0002062716445632205,0.00031547616223099163,-5.8993637305160274e-05,0.043643571065699216,,1,5,73,5913,0,equal workload/candidate/point/request
G0,h104,full_grid,S5,TTFT,SLA_budget_normalized,-0.0023892409294603567,0.011002307022863533,0.04274980630591093,0.08338451549637209,0.018072753871015715,0.027280042324483545,-0.11721488213323521,1.148718589908474,,1,5,110,8910,0,equal workload/candidate/point/request
G0,h104,full_grid,S5,TPOT,SLA_budget_normalized,-0.00019664543584374528,0.00019664544650068358,0.16140208622593338,0.20571354053992225,-0.029531224915454894,0.04394530491234819,-0.9903917746873098,0.8419425919665698,,1,5,110,8910,0,equal workload/candidate/point/request
G0,h104,service_relevant,S5,TTFT,SLA_budget_normalized,-0.0042573717055347515,0.009635621855219748,0.01746210655498241,0.02815334902129507,-0.0038541039744200254,0.00896588738028335,-0.018700972226118513,0.04042806095405164,,1,5,75,6075,0,equal workload/candidate/point/request
G0,h104,service_relevant,S5,TTFT,seconds,-0.02554423023320851,0.05781373113131849,0.10477263932989445,0.16892009412777043,-0.023124623846520153,0.0537953242817001,-0.11220583335671108,0.24256836572430984,,1,5,75,6075,0,equal workload/candidate/point/request
G0,h104,service_relevant,S5,TPOT,SLA_budget_normalized,-0.00019664539196107,0.00019664539742531018,0.000196645457242924,0.01290214188403573,0.0012537022156962725,0.001607745026740175,-0.0001966454576838676,0.1454785702189974,,1,5,75,6075,0,equal workload/candidate/point/request
G0,h104,service_relevant,S5,TPOT,seconds,-5.8993617588321e-05,5.899361922759305e-05,5.89936371728772e-05,0.003870642565210719,0.00037611066470888166,0.0004823235080220525,-5.8993637305160274e-05,0.043643571065699216,,1,5,75,6075,0,equal workload/candidate/point/request
G0,h104,full_grid,S6,TTFT,SLA_budget_normalized,-0.0023892409294603567,0.011002307022863533,0.04274980630591093,0.08338451549637209,0.018072753871015715,0.027280042324483545,-0.11721488213323521,1.148718589908474,,1,5,110,8910,0,equal workload/candidate/point/request
G0,h104,full_grid,S6,TPOT,SLA_budget_normalized,-0.00011798726150624717,0.00011798726790041014,0.09684125173556002,0.12342812432395334,-0.017718734949272934,0.026367182947408915,-0.5942350648123859,0.5051655551799419,,1,5,110,8910,0,equal workload/candidate/point/request
G0,h104,service_relevant,S6,TTFT,SLA_budget_normalized,-0.003854248750333985,0.010510693636799795,0.03664111083600119,0.042514086497808044,0.007179374743319561,0.01716994718084991,-0.11721488213323521,0.5752857635450445,,1,5,100,8100,0,equal workload/candidate/point/request
G0,h104,service_relevant,S6,TTFT,seconds,-0.023125492502003908,0.06306416182079877,0.21984666501600714,0.25508451898684825,0.043076248459917366,0.10301968308509946,-0.7032892927994112,3.4517145812702665,,1,5,100,8100,0,equal workload/candidate/point/request
G0,h104,service_relevant,S6,TPOT,SLA_budget_normalized,-0.00011798724164990837,0.00011798726473333243,0.08716385041940677,0.11422282006343809,-0.017930770876855778,0.020725148783557933,-0.5942350648123859,0.1481093595401169,,1,5,100,8100,0,equal workload/candidate/point/request
G0,h104,service_relevant,S6,TPOT,seconds,-5.8993620824954185e-05,5.8993632366666215e-05,0.04358192520970339,0.057111410031719045,-0.008965385438427889,0.010362574391778966,-0.29711753240619293,0.07405467977005845,,1,5,100,8100,0,equal workload/candidate/point/request
G0,h105,full_grid,,TTFT,seconds,-0.02206360759691961,0.06135334733176023,0.22135218068272877,0.6975964853105481,0.09731408170540526,0.16180271621525494,-0.07751759471284458,3.8239243100193967,,1,5,135,1890,0,equal workload/candidate/point/request
G0,h105,full_grid,,TTFT,relative,-0.019407527242067173,0.024033404813657153,0.2488455511624815,0.34930415799388287,0.054570276259424205,0.08389033491193572,-0.02423540791972535,1.4878814936354279,,1,5,135,1890,0,equal workload/candidate/point/request
G0,h105,full_grid,,TPOT,seconds,-5.899360211017446e-05,5.899360326225289e-05,0.022395395976522292,0.03482968576020018,-0.002775399857531517,0.0052198846726741795,-0.17782914779887743,0.09622779119863867,,1,5,135,1890,0,equal workload/candidate/point/request
G0,h105,full_grid,,TPOT,relative,-0.000255881335845345,0.0002709226235079869,0.06914370075586347,0.10900404259078213,-0.008814556454232922,0.01566194978180184,-0.42264197162201644,0.17705560800450243,,1,5,135,1890,0,equal workload/candidate/point/request
G0,h105,full_grid,S1,TTFT,SLA_budget_normalized,-0.008825443038767844,0.024541338932704094,0.08854087227309151,0.2790385941242192,0.0389256326821621,0.06472108648610198,-0.031007037885137832,1.5295697240077586,,1,5,135,1890,0,equal workload/candidate/point/request
G0,h105,full_grid,S1,TPOT,SLA_budget_normalized,-0.0003932906807344964,0.0003932906884150193,0.14930263984348197,0.2321979050680012,-0.01850266571687678,0.0347992311511612,-1.1855276519925162,0.6415186079909245,,1,5,135,1890,0,equal workload/candidate/point/request
G0,h105,service_relevant,S1,TTFT,SLA_budget_normalized,,,,,,,,,empty applicable subset,0,0,0,0,0,equal workload/candidate/point/request
G0,h105,service_relevant,S1,TTFT,seconds,,,,,,,,,empty applicable subset,0,0,0,0,0,equal workload/candidate/point/request
G0,h105,service_relevant,S1,TPOT,SLA_budget_normalized,,,,,,,,,empty applicable subset,0,0,0,0,0,equal workload/candidate/point/request
G0,h105,service_relevant,S1,TPOT,seconds,,,,,,,,,empty applicable subset,0,0,0,0,0,equal workload/candidate/point/request
G0,h105,full_grid,S2,TTFT,SLA_budget_normalized,-0.008825443038767844,0.024541338932704094,0.08854087227309151,0.2790385941242192,0.0389256326821621,0.06472108648610198,-0.031007037885137832,1.5295697240077586,,1,5,135,1890,0,equal workload/candidate/point/request
G0,h105,full_grid,S2,TPOT,SLA_budget_normalized,-0.0001966453403672482,0.00019664534420750965,0.07465131992174098,0.1160989525340006,-0.00925133285843839,0.0173996155755806,-0.5927638259962581,0.32075930399546226,,1,5,135,1890,0,equal workload/candidate/point/request
G0,h105,service_relevant,S2,TTFT,SLA_budget_normalized,,,,,,,,,empty applicable subset,0,0,0,0,0,equal workload/candidate/point/request
G0,h105,service_relevant,S2,TTFT,seconds,,,,,,,,,empty applicable subset,0,0,0,0,0,equal workload/candidate/point/request
G0,h105,service_relevant,S2,TPOT,SLA_budget_normalized,,,,,,,,,empty applicable subset,0,0,0,0,0,equal workload/candidate/point/request
G0,h105,service_relevant,S2,TPOT,seconds,,,,,,,,,empty applicable subset,0,0,0,0,0,equal workload/candidate/point/request
G0,h105,full_grid,S3,TTFT,SLA_budget_normalized,-0.003677267932819935,0.010225557888626705,0.03689203011378813,0.11626608088509134,0.016219013617567543,0.026967119369209154,-0.012919599118807431,0.6373207183365661,,1,5,135,1890,0,equal workload/candidate/point/request
G0,h105,full_grid,S3,TPOT,SLA_budget_normalized,-0.0002949680105508723,0.00029496801631126446,0.11197697988261146,0.1741484288010009,-0.013876999287657586,0.026099423363370896,-0.8891457389943871,0.48113895599319334,,1,5,135,1890,0,equal workload/candidate/point/request
G0,h105,service_relevant,S3,TTFT,SLA_budget_normalized,,,,,,,,,empty applicable subset,0,0,0,0,0,equal workload/candidate/point/request
G0,h105,service_relevant,S3,TTFT,seconds,,,,,,,,,empty applicable subset,0,0,0,0,0,equal workload/candidate/point/request
G0,h105,service_relevant,S3,TPOT,SLA_budget_normalized,,,,,,,,,empty applicable subset,0,0,0,0,0,equal workload/candidate/point/request
G0,h105,service_relevant,S3,TPOT,seconds,,,,,,,,,empty applicable subset,0,0,0,0,0,equal workload/candidate/point/request
G0,h105,full_grid,S4,TTFT,SLA_budget_normalized,-0.003677267932819935,0.010225557888626705,0.03689203011378813,0.11626608088509134,0.016219013617567543,0.026967119369209154,-0.012919599118807431,0.6373207183365661,,1,5,135,1890,0,equal workload/candidate/point/request
G0,h105,full_grid,S4,TPOT,SLA_budget_normalized,-0.00023597440844069784,0.00023597441304901157,0.08958158390608917,0.13931874304080072,-0.011101599430126069,0.020879538690696718,-0.7113165911955097,0.38491116479455467,,1,5,135,1890,0,equal workload/candidate/point/request
G0,h105,service_relevant,S4,TTFT,SLA_budget_normalized,-0.009547131450517554,0.01009773841377637,0.02776678317458921,0.03243316912370039,-0.0014989078090016806,0.011620056471123696,-0.012919599118807431,0.037707777503034855,,1,5,110,1540,0,equal workload/candidate/point/request
G0,h105,service_relevant,S4,TTFT,seconds,-0.057282788703105325,0.060586430482658216,0.16660069904753527,0.19459901474220231,-0.008993446854010084,0.06972033882674218,-0.07751759471284458,0.22624666501820911,,1,5,110,1540,0,equal workload/candidate/point/request
G0,h105,service_relevant,S4,TPOT,SLA_budget_normalized,-0.00023597440758749144,0.00023597441134903807,0.0025856815608698014,0.004520425018601282,0.0004768020314880212,0.0008330107205652548,-0.0002359745489871612,0.03497567799975043,,1,5,110,1540,0,equal workload/candidate/point/request
G0,h105,service_relevant,S4,TPOT,seconds,-5.899360189687286e-05,5.899360283725952e-05,0.0006464203902174503,0.0011301062546503204,0.0001192005078720053,0.0002082526801413137,-5.89936372467903e-05,0.008743919499937608,,1,5,110,1540,0,equal workload/candidate/point/request
G0,h105,full_grid,S5,TTFT,SLA_budget_normalized,-0.003677267932819935,0.010225557888626705,0.03689203011378813,0.11626608088509134,0.016219013617567543,0.026967119369209154,-0.012919599118807431,0.6373207183365661,,1,5,135,1890,0,equal workload/candidate/point/request
G0,h105,full_grid,S5,TPOT,SLA_budget_normalized,-0.0001966453403672482,0.00019664534420750965,0.07465131992174098,0.1160989525340006,-0.00925133285843839,0.0173996155755806,-0.5927638259962581,0.32075930399546226,,1,5,135,1890,0,equal workload/candidate/point/request
G0,h105,service_relevant,S5,TTFT,SLA_budget_normalized,-0.00954713145029018,0.010097738413871108,0.028205025578851444,0.03331807317137723,-0.0007335285739005086,0.012075612694536867,-0.012919599118807431,0.03866619456961532,,1,5,113,1582,0,equal workload/candidate/point/request
G0,h105,service_relevant,S5,TTFT,seconds,-0.05728278870174108,0.06058643048322665,0.16923015347310866,0.19990843902826338,-0.004401171443403052,0.0724536761672212,-0.07751759471284458,0.23199716741769194,,1,5,113,1582,0,equal workload/candidate/point/request
G0,h105,service_relevant,S5,TPOT,SLA_budget_normalized,-0.00019664533965624287,0.00019664534353499205,0.0026745281367104856,0.004984798435949863,0.0014958621034412245,0.001839365338200691,-0.03993505725672188,0.10680327756307238,,1,5,113,1582,0,equal workload/candidate/point/request
G0,h105,service_relevant,S5,TPOT,seconds,-5.899360189687286e-05,5.899360306049761e-05,0.0008023584410131457,0.0014954395307849588,0.0004487586310323673,0.0005518096014602073,-0.011980517177016564,0.03204098326892171,,1,5,113,1582,0,equal workload/candidate/point/request
G0,h105,full_grid,S6,TTFT,SLA_budget_normalized,-0.003677267932819935,0.010225557888626705,0.03689203011378813,0.11626608088509134,0.016219013617567543,0.026967119369209154,-0.012919599118807431,0.6373207183365661,,1,5,135,1890,0,equal workload/candidate/point/request
G0,h105,full_grid,S6,TPOT,SLA_budget_normalized,-0.00011798720422034892,0.00011798720652450578,0.044790791953044584,0.06965937152040036,-0.005550799715063034,0.010439769345348359,-0.35565829559775486,0.19245558239727734,,1,5,135,1890,0,equal workload/candidate/point/request
G0,h105,service_relevant,S6,TTFT,SLA_budget_normalized,-0.003677267932914674,0.010225557888437228,0.03523769437196833,0.09585014894857598,0.011952888057940262,0.023037559201060775,-0.012919599118807431,0.6373207183365661,,1,5,131,1834,0,equal workload/candidate/point/request
G0,h105,service_relevant,S6,TTFT,seconds,-0.022063607597488044,0.061353347330623365,0.21142616623181,0.5751008936914559,0.07171732834764158,0.13822535520636464,-0.07751759471284458,3.8239243100193967,,1,5,131,1834,0,equal workload/candidate/point/request
G0,h105,service_relevant,S6,TPOT,SLA_budget_normalized,-0.00011798720421868358,0.00011798720648786842,0.032818486824109705,0.05954072765924057,-0.004112342906687611,0.00846752089724954,-0.35565829559775486,0.19245558239727734,,1,5,131,1834,0,equal workload/candidate/point/request
G0,h105,service_relevant,S6,TPOT,seconds,-5.899360210934179e-05,5.899360324393421e-05,0.016409243412054852,0.029770363829620283,-0.0020561714533438055,0.00423376044862477,-0.17782914779887743,0.09622779119863867,,1,5,131,1834,0,equal workload/candidate/point/request
G0,h106,full_grid,,TTFT,seconds,0.15940959552736444,0.15958872230140742,0.23143463339772552,0.8102711839563828,0.25034119263847354,0.2821518489011261,-0.23309653527005025,14.310989361671375,,1,5,185,9065,0,equal workload/candidate/point/request
G0,h106,full_grid,,TTFT,relative,0.054162012586327024,0.05449454183900312,0.23405603913804776,0.32857249432031466,0.12008959823352298,0.13512134264414202,-0.2936358520764524,17.309978387660138,,1,5,185,9065,0,equal workload/candidate/point/request
G0,h106,full_grid,,TPOT,seconds,-5.902720397873984e-05,0.006091065788939559,0.04990016273959286,0.06041958215221055,-0.006529412308435669,0.01763387952479566,-0.1389062709427219,1.1747441173711288,,1,5,185,9065,0,equal workload/candidate/point/request
G0,h106,full_grid,,TPOT,relative,-0.00025572170814803434,0.023433989661632376,0.1378926909968474,0.16727564592743538,-0.016972860467595344,0.049658864374912265,-0.3351299907442936,1.8517992541592707,,1,5,185,9065,0,equal workload/candidate/point/request
G0,h106,full_grid,S1,TTFT,SLA_budget_normalized,0.06376383821094578,0.06383548892056297,0.09257385335909021,0.3241084735825531,0.10013647705538942,0.11286073956045042,-0.0932386141080201,5.72439574466855,,1,5,185,9065,0,equal workload/candidate/point/request
G0,h106,full_grid,S1,TPOT,SLA_budget_normalized,-0.00039351469319159893,0.040607105259597064,0.33266775159728573,0.40279721434807036,-0.04352941538957113,0.11755919683197108,-0.9260418062848127,7.831627449140859,,1,5,185,9065,0,equal workload/candidate/point/request
G0,h106,service_relevant,S1,TTFT,SLA_budget_normalized,,,,,,,,,empty applicable subset,0,0,0,0,0,equal workload/candidate/point/request
G0,h106,service_relevant,S1,TTFT,seconds,,,,,,,,,empty applicable subset,0,0,0,0,0,equal workload/candidate/point/request
G0,h106,service_relevant,S1,TPOT,SLA_budget_normalized,,,,,,,,,empty applicable subset,0,0,0,0,0,equal workload/candidate/point/request
G0,h106,service_relevant,S1,TPOT,seconds,,,,,,,,,empty applicable subset,0,0,0,0,0,equal workload/candidate/point/request
G0,h106,full_grid,S2,TTFT,SLA_budget_normalized,0.06376383821094578,0.06383548892056297,0.09257385335909021,0.3241084735825531,0.10013647705538942,0.11286073956045042,-0.0932386141080201,5.72439574466855,,1,5,185,9065,0,equal workload/candidate/point/request
G0,h106,full_grid,S2,TPOT,SLA_budget_normalized,-0.00019675734659579946,0.020303552629798532,0.16633387579864287,0.20139860717403518,-0.021764707694785564,0.05877959841598554,-0.46302090314240635,3.9158137245704294,,1,5,185,9065,0,equal workload/candidate/point/request
G0,h106,service_relevant,S2,TTFT,SLA_budget_normalized,,,,,,,,,empty applicable subset,0,0,0,0,0,equal workload/candidate/point/request
G0,h106,service_relevant,S2,TTFT,seconds,,,,,,,,,empty applicable subset,0,0,0,0,0,equal workload/candidate/point/request
G0,h106,service_relevant,S2,TPOT,SLA_budget_normalized,,,,,,,,,empty applicable subset,0,0,0,0,0,equal workload/candidate/point/request
G0,h106,service_relevant,S2,TPOT,seconds,,,,,,,,,empty applicable subset,0,0,0,0,0,equal workload/candidate/point/request
G0,h106,full_grid,S3,TTFT,SLA_budget_normalized,0.026568265921227407,0.026598120383567903,0.03857243889962092,0.1350451973260638,0.041723532106412255,0.04702530815018768,-0.03884942254500837,2.3851648936118957,,1,5,185,9065,0,equal workload/candidate/point/request
G0,h106,full_grid,S3,TPOT,SLA_budget_normalized,-0.0002951360198936992,0.030455328944697796,0.24950081369796429,0.30209791076105275,-0.03264706154217835,0.0881693976239783,-0.6945313547136095,5.873720586855644,,1,5,185,9065,0,equal workload/candidate/point/request
G0,h106,service_relevant,S3,TTFT,SLA_budget_normalized,,,,,,,,,empty applicable subset,0,0,0,0,0,equal workload/candidate/point/request
G0,h106,service_relevant,S3,TTFT,seconds,,,,,,,,,empty applicable subset,0,0,0,0,0,equal workload/candidate/point/request
G0,h106,service_relevant,S3,TPOT,SLA_budget_normalized,,,,,,,,,empty applicable subset,0,0,0,0,0,equal workload/candidate/point/request
G0,h106,service_relevant,S3,TPOT,seconds,,,,,,,,,empty applicable subset,0,0,0,0,0,equal workload/candidate/point/request
G0,h106,full_grid,S4,TTFT,SLA_budget_normalized,0.026568265921227407,0.026598120383567903,0.03857243889962092,0.1350451973260638,0.041723532106412255,0.04702530815018768,-0.03884942254500837,2.3851648936118957,,1,5,185,9065,0,equal workload/candidate/point/request
G0,h106,full_grid,S4,TPOT,SLA_budget_normalized,-0.00023610881591495936,0.024364263155758237,0.19960065095837143,0.2416783286088422,-0.026117649233742678,0.07053551809918264,-0.5556250837708876,4.698976469484515,,1,5,185,9065,0,equal workload/candidate/point/request
G0,h106,service_relevant,S4,TTFT,SLA_budget_normalized,-0.003964660535283808,0.010221544157881604,0.027707824550873283,0.032431972017358625,-0.0003372212596191479,0.011733975602176283,-0.020079087582416832,0.037723383326256986,,1,5,79,3871,0,equal workload/candidate/point/request
G0,h106,service_relevant,S4,TTFT,seconds,-0.023787963211702845,0.06132926494728963,0.1662469473052397,0.19459183210415176,-0.0020233275577148874,0.0704038536130577,-0.120474525494501,0.2263402999575419,,1,5,79,3871,0,equal workload/candidate/point/request
G0,h106,service_relevant,S4,TPOT,SLA_budget_normalized,-0.00023610881243030235,0.00023610886841662904,0.018699903988421807,0.03400534624192486,0.0047139803544567725,0.005073960802384792,-0.00023611653596167237,0.18408360588141537,,1,5,79,3871,0,equal workload/candidate/point/request
G0,h106,service_relevant,S4,TPOT,seconds,-5.902720310757559e-05,5.902721710415726e-05,0.004674975997105452,0.008501336560481215,0.0011784950886141931,0.001268490200596198,-5.902913399041809e-05,0.04602090147035384,,1,5,79,3871,0,equal workload/candidate/point/request
G0,h106,full_grid,S5,TTFT,SLA_budget_normalized,0.026568265921227407,0.026598120383567903,0.03857243889962092,0.1350451973260638,0.041723532106412255,0.04702530815018768,-0.03884942254500837,2.3851648936118957,,1,5,185,9065,0,equal workload/candidate/point/request
G0,h106,full_grid,S5,TPOT,SLA_budget_normalized,-0.00019675734659579946,0.020303552629798532,0.16633387579864287,0.20139860717403518,-0.021764707694785564,0.05877959841598554,-0.46302090314240635,3.9158137245704294,,1,5,185,9065,0,equal workload/candidate/point/request
G0,h106,service_relevant,S5,TTFT,SLA_budget_normalized,-0.0017904918546670274,0.012985984873921552,0.03451103705842229,0.03629677000123858,0.01087486158635077,0.01846753373208916,-0.020079087582416832,0.18345381419131948,,1,5,124,6076,0,equal workload/candidate/point/request
G0,h106,service_relevant,S5,TTFT,seconds,-0.010742951128002165,0.07791590924352931,0.20706622235053374,0.21778062000743148,0.06524916951810462,0.11080520239253497,-0.120474525494501,1.100722885147917,,1,5,124,6076,0,equal workload/candidate/point/request
G0,h106,service_relevant,S5,TPOT,SLA_budget_normalized,-0.00019675503911760947,0.0016957720461886299,0.04616790798087948,0.05939667927084724,0.008603434384185324,0.016345009884758073,-0.2677871071745412,0.18667394544915525,,1,5,124,6076,0,equal workload/candidate/point/request
G0,h106,service_relevant,S5,TPOT,seconds,-5.902651173528284e-05,0.0005087316138565889,0.013850372394263843,0.017819003781254172,0.002581030315255597,0.004903502965427422,-0.08033613215236235,0.05600218363474657,,1,5,124,6076,0,equal workload/candidate/point/request
G0,h106,full_grid,S6,TTFT,SLA_budget_normalized,0.026568265921227407,0.026598120383567903,0.03857243889962092,0.1350451973260638,0.041723532106412255,0.04702530815018768,-0.03884942254500837,2.3851648936118957,,1,5,185,9065,0,equal workload/candidate/point/request
G0,h106,full_grid,S6,TPOT,SLA_budget_normalized,-0.00011805440795747968,0.012182131577879118,0.09980032547918571,0.1208391643044211,-0.013058824616871339,0.03526775904959132,-0.2778125418854438,2.3494882347422577,,1,5,185,9065,0,equal workload/candidate/point/request
G0,h106,service_relevant,S6,TTFT,SLA_budget_normalized,0.02623931825191524,0.02625345416664023,0.036935966666533204,0.04372397977858119,0.023603623747906647,0.02908935312429423,-0.03884942254500837,0.5263557245760259,,1,5,178,8722,0,equal workload/candidate/point/request
G0,h106,service_relevant,S6,TTFT,seconds,0.15743590951149145,0.15752072499984138,0.22161579999919923,0.2623438786714871,0.1416217424874399,0.17453611874576536,-0.23309653527005025,3.158134347456155,,1,5,178,8722,0,equal workload/candidate/point/request
G0,h106,service_relevant,S6,TPOT,SLA_budget_normalized,-0.00011805440664197642,0.01068318361686943,0.09765627553065437,0.11780001799975814,-0.01680564376864941,0.030415469190475466,-0.2778125418854438,0.15871291720913494,,1,5,178,8722,0,equal workload/candidate/point/request
G0,h106,service_relevant,S6,TPOT,seconds,-5.902720332098821e-05,0.005341591808434715,0.048828137765327184,0.05890000899987907,-0.008402821884324705,0.015207734595237733,-0.1389062709427219,0.07935645860456747,,1,5,178,8722,0,equal workload/candidate/point/request
G0,w201,full_grid,,TTFT,seconds,0.1530428427252133,0.1530428427252133,3.3383410061083953,8.717594822221566,1.2837270632527311,1.330231640574434,-0.09857831094717984,18.581922001769897,,1,5,85,1105,0,equal workload/candidate/point/request
G0,w201,full_grid,,TTFT,relative,0.05557115023746604,0.05557115023746604,1.5267682991792786,2.4797605959206543,0.6014350999881044,0.6215770531756362,-0.024713446516885427,15.420299109791577,,1,5,85,1105,0,equal workload/candidate/point/request
G0,w201,full_grid,,TPOT,seconds,-5.8993603062246214e-05,0.0008269393996733765,0.03779379344207495,0.05217239094602341,-0.006264575052474563,0.013116796399959373,-0.3309550446251588,0.17309690647592352,,1,5,85,1105,0,equal workload/candidate/point/request
G0,w201,full_grid,,TPOT,relative,-0.00026318718440233315,0.0035704182225708802,0.10305248886686316,0.16905090208140555,-0.01752200670810646,0.036784573355232206,-0.5800654120944434,0.5104375131003701,,1,5,85,1105,0,equal workload/candidate/point/request
G0,w201,full_grid,S1,TTFT,SLA_budget_normalized,0.06121713709008532,0.06121713709008532,1.335336402443358,3.4870379288886264,0.5134908253010925,0.5320926562297736,-0.03943132437887194,7.432768800707959,,1,5,85,1105,0,equal workload/candidate/point/request
G0,w201,full_grid,S1,TPOT,SLA_budget_normalized,-0.00039329068708164144,0.005512929331155844,0.25195862294716637,0.3478159396401561,-0.04176383368316376,0.0874453093330625,-2.2063669641677253,1.1539793765061568,,1,5,85,1105,0,equal workload/candidate/point/request
G0,w201,service_relevant,S1,TTFT,SLA_budget_normalized,,,,,,,,,empty applicable subset,0,0,0,0,0,equal workload/candidate/point/request
G0,w201,service_relevant,S1,TTFT,seconds,,,,,,,,,empty applicable subset,0,0,0,0,0,equal workload/candidate/point/request
G0,w201,service_relevant,S1,TPOT,SLA_budget_normalized,,,,,,,,,empty applicable subset,0,0,0,0,0,equal workload/candidate/point/request
G0,w201,service_relevant,S1,TPOT,seconds,,,,,,,,,empty applicable subset,0,0,0,0,0,equal workload/candidate/point/request
G0,w201,full_grid,S2,TTFT,SLA_budget_normalized,0.06121713709008532,0.06121713709008532,1.335336402443358,3.4870379288886264,0.5134908253010925,0.5320926562297736,-0.03943132437887194,7.432768800707959,,1,5,85,1105,0,equal workload/candidate/point/request
G0,w201,full_grid,S2,TPOT,SLA_budget_normalized,-0.00019664534354082072,0.002756464665577922,0.12597931147358318,0.17390796982007806,-0.02088191684158188,0.04372265466653125,-1.1031834820838626,0.5769896882530784,,1,5,85,1105,0,equal workload/candidate/point/request
G0,w201,service_relevant,S2,TTFT,SLA_budget_normalized,,,,,,,,,empty applicable subset,0,0,0,0,0,equal workload/candidate/point/request
G0,w201,service_relevant,S2,TTFT,seconds,,,,,,,,,empty applicable subset,0,0,0,0,0,equal workload/candidate/point/request
G0,w201,service_relevant,S2,TPOT,SLA_budget_normalized,,,,,,,,,empty applicable subset,0,0,0,0,0,equal workload/candidate/point/request
G0,w201,service_relevant,S2,TPOT,seconds,,,,,,,,,empty applicable subset,0,0,0,0,0,equal workload/candidate/point/request
G0,w201,full_grid,S3,TTFT,SLA_budget_normalized,0.025507140454202215,0.025507140454202215,0.5563901676847326,1.4529324703702609,0.21395451054212186,0.22170527342907237,-0.01642971849119664,3.0969870002949826,,1,5,85,1105,0,equal workload/candidate/point/request
G0,w201,full_grid,S3,TPOT,SLA_budget_normalized,-0.00029496801531123107,0.004134696998366882,0.18896896721037476,0.26086195473011703,-0.03132287526237282,0.06558398199979687,-1.654775223125794,0.8654845323796175,,1,5,85,1105,0,equal workload/candidate/point/request
G0,w201,service_relevant,S3,TTFT,SLA_budget_normalized,,,,,,,,,empty applicable subset,0,0,0,0,0,equal workload/candidate/point/request
G0,w201,service_relevant,S3,TTFT,seconds,,,,,,,,,empty applicable subset,0,0,0,0,0,equal workload/candidate/point/request
G0,w201,service_relevant,S3,TPOT,SLA_budget_normalized,,,,,,,,,empty applicable subset,0,0,0,0,0,equal workload/candidate/point/request
G0,w201,service_relevant,S3,TPOT,seconds,,,,,,,,,empty applicable subset,0,0,0,0,0,equal workload/candidate/point/request
G0,w201,full_grid,S4,TTFT,SLA_budget_normalized,0.025507140454202215,0.025507140454202215,0.5563901676847326,1.4529324703702609,0.21395451054212186,0.22170527342907237,-0.01642971849119664,3.0969870002949826,,1,5,85,1105,0,equal workload/candidate/point/request
G0,w201,full_grid,S4,TPOT,SLA_budget_normalized,-0.00023597441224898486,0.003307757598693506,0.1511751737682998,0.20868956378409365,-0.025058300209898254,0.05246718559983749,-1.3238201785006352,0.6923876259036941,,1,5,85,1105,0,equal workload/candidate/point/request
G0,w201,service_relevant,S4,TTFT,SLA_budget_normalized,-0.004188545827380115,0.01032388056017434,0.02839662046430173,0.03307731694965336,-0.002137903016229438,0.011659877215128513,-0.01642971849119664,0.03697456708299285,,1,5,45,585,0,equal workload/candidate/point/request
G0,w201,service_relevant,S4,TTFT,seconds,-0.025131274964280692,0.06194328336104604,0.17037972278581037,0.19846390169792016,-0.012827418097376628,0.06995926329077108,-0.09857831094717984,0.2218474024979571,,1,5,45,585,0,equal workload/candidate/point/request
G0,w201,service_relevant,S4,TPOT,SLA_budget_normalized,-0.00023597440844169704,0.00023597441277423137,0.0032092402184978885,0.007309086860581626,0.0008488680418381904,0.001219521880049694,-0.0002359745487283682,0.025086979128479237,,1,5,45,585,0,equal workload/candidate/point/request
G0,w201,service_relevant,S4,TPOT,seconds,-5.899360211042426e-05,5.899360319355784e-05,0.0008023100546244721,0.0018272717151454065,0.0002122170104595476,0.0003048804700124235,-5.899363718209205e-05,0.006271744782119809,,1,5,45,585,0,equal workload/candidate/point/request
G0,w201,full_grid,S5,TTFT,SLA_budget_normalized,0.025507140454202215,0.025507140454202215,0.5563901676847326,1.4529324703702609,0.21395451054212186,0.22170527342907237,-0.01642971849119664,3.0969870002949826,,1,5,85,1105,0,equal workload/candidate/point/request
G0,w201,full_grid,S5,TPOT,SLA_budget_normalized,-0.00019664534354082072,0.002756464665577922,0.12597931147358318,0.17390796982007806,-0.02088191684158188,0.04372265466653125,-1.1031834820838626,0.5769896882530784,,1,5,85,1105,0,equal workload/candidate/point/request
G0,w201,service_relevant,S5,TTFT,SLA_budget_normalized,-0.004188545826612729,0.010903984325523197,0.0322561883141835,0.03438952164740764,0.0008013918638643312,0.013472158971951047,-0.01642971849119664,0.038628756055478185,,1,5,50,650,0,equal workload/candidate/point/request
G0,w201,service_relevant,S5,TTFT,seconds,-0.025131274959676375,0.06542390595313918,0.19353712988510097,0.20633712988444586,0.004808351183185986,0.08083295383170629,-0.09857831094717984,0.2317725363328691,,1,5,50,650,0,equal workload/candidate/point/request
G0,w201,service_relevant,S5,TPOT,SLA_budget_normalized,-0.00019664533967853987,0.00019664534420565927,0.012109701468866474,0.040698524432150426,0.004300489461830482,0.005308501243454105,-0.14005747935503152,0.14186198238697445,,1,5,50,650,0,equal workload/candidate/point/request
G0,w201,service_relevant,S5,TPOT,seconds,-5.8993601903561954e-05,5.899360326169778e-05,0.003632910440659942,0.012209557329645127,0.0012901468385491444,0.0015925503730362315,-0.04201724380650945,0.04255859471609233,,1,5,50,650,0,equal workload/candidate/point/request
G0,w201,full_grid,S6,TTFT,SLA_budget_normalized,0.025507140454202215,0.025507140454202215,0.5563901676847326,1.4529324703702609,0.21395451054212186,0.22170527342907237,-0.01642971849119664,3.0969870002949826,,1,5,85,1105,0,equal workload/candidate/point/request
G0,w201,full_grid,S6,TPOT,SLA_budget_normalized,-0.00011798720612449243,0.001653878799346753,0.0755875868841499,0.10434478189204682,-0.012529150104949127,0.026233592799918746,-0.6619100892503176,0.34619381295184704,,1,5,85,1105,0,equal workload/candidate/point/request
G0,w201,service_relevant,S6,TTFT,SLA_budget_normalized,0.025507140454202215,0.025507140454202215,0.5563901676847326,1.4529324703702609,0.21395451054212186,0.22170527342907237,-0.01642971849119664,3.0969870002949826,,1,5,85,1105,0,equal workload/candidate/point/request
G0,w201,service_relevant,S6,TTFT,seconds,0.1530428427252133,0.1530428427252133,3.3383410061083953,8.717594822221566,1.2837270632527311,1.330231640574434,-0.09857831094717984,18.581922001769897,,1,5,85,1105,0,equal workload/candidate/point/request
G0,w201,service_relevant,S6,TPOT,SLA_budget_normalized,-0.00011798720612449243,0.001653878799346753,0.0755875868841499,0.10434478189204682,-0.012529150104949127,0.026233592799918746,-0.6619100892503176,0.34619381295184704,,1,5,85,1105,0,equal workload/candidate/point/request
G0,w201,service_relevant,S6,TPOT,seconds,-5.8993603062246214e-05,0.0008269393996733765,0.03779379344207495,0.05217239094602341,-0.006264575052474563,0.013116796399959373,-0.3309550446251588,0.17309690647592352,,1,5,85,1105,0,equal workload/candidate/point/request
G0,w202,full_grid,,TTFT,seconds,-0.012572794474181137,0.11055795304491767,0.30059032863604784,1.2172271533081016,0.2810302461046329,0.3339709767717959,-0.11764121764281299,7.731868748455803,,1,5,80,3840,0,equal workload/candidate/point/request
G0,w202,full_grid,,TTFT,relative,-0.014773028126531187,0.02192385251003568,0.2040336528726586,0.40254973963015867,0.10816121519771676,0.12904567227798264,-0.022427110920958546,5.316161854663761,,1,5,80,3840,0,equal workload/candidate/point/request
G0,w202,full_grid,,TPOT,seconds,-5.902720455161492e-05,0.0003079743813071689,0.03996470779556344,0.05452820544396286,-0.0018027933007582736,0.01152039373763022,-0.1551887949581235,0.31943204770254086,,1,5,80,3840,0,equal workload/candidate/point/request
G0,w202,full_grid,,TPOT,relative,-0.0002557216610992882,0.0012982318887253019,0.10469579226063962,0.14183110177601427,-0.004242179970878219,0.031045901991486356,-0.29307441730323036,0.723797594836188,,1,5,80,3840,0,equal workload/candidate/point/request
G0,w202,full_grid,S1,TTFT,SLA_budget_normalized,-0.005029117789672455,0.04422318121796707,0.12023613145441914,0.48689086132324066,0.11241209844185317,0.13358839070871834,-0.047056487057125194,3.092747499382321,,1,5,80,3840,0,equal workload/candidate/point/request
G0,w202,full_grid,S1,TPOT,SLA_budget_normalized,-0.00039351469701076613,0.002053162542047793,0.26643138530375626,0.3635213696264191,-0.012018622005055157,0.0768026249175348,-1.03459196638749,2.1295469846836057,,1,5,80,3840,0,equal workload/candidate/point/request
G0,w202,service_relevant,S1,TTFT,SLA_budget_normalized,,,,,,,,,empty applicable subset,0,0,0,0,0,equal workload/candidate/point/request
G0,w202,service_relevant,S1,TTFT,seconds,,,,,,,,,empty applicable subset,0,0,0,0,0,equal workload/candidate/point/request
G0,w202,service_relevant,S1,TPOT,SLA_budget_normalized,,,,,,,,,empty applicable subset,0,0,0,0,0,equal workload/candidate/point/request
G0,w202,service_relevant,S1,TPOT,seconds,,,,,,,,,empty applicable subset,0,0,0,0,0,equal workload/candidate/point/request
G0,w202,full_grid,S2,TTFT,SLA_budget_normalized,-0.005029117789672455,0.04422318121796707,0.12023613145441914,0.48689086132324066,0.11241209844185317,0.13358839070871834,-0.047056487057125194,3.092747499382321,,1,5,80,3840,0,equal workload/candidate/point/request
G0,w202,full_grid,S2,TPOT,SLA_budget_normalized,-0.00019675734850538307,0.0010265812710238964,0.13321569265187813,0.18176068481320956,-0.006009311002527579,0.0384013124587674,-0.517295983193745,1.0647734923418029,,1,5,80,3840,0,equal workload/candidate/point/request
G0,w202,service_relevant,S2,TTFT,SLA_budget_normalized,,,,,,,,,empty applicable subset,0,0,0,0,0,equal workload/candidate/point/request
G0,w202,service_relevant,S2,TTFT,seconds,,,,,,,,,empty applicable subset,0,0,0,0,0,equal workload/candidate/point/request
G0,w202,service_relevant,S2,TPOT,SLA_budget_normalized,,,,,,,,,empty applicable subset,0,0,0,0,0,equal workload/candidate/point/request
G0,w202,service_relevant,S2,TPOT,seconds,,,,,,,,,empty applicable subset,0,0,0,0,0,equal workload/candidate/point/request
G0,w202,full_grid,S3,TTFT,SLA_budget_normalized,-0.002095465745696856,0.01842632550748628,0.050098388106007974,0.20287119221801694,0.046838374350772156,0.055661829461965975,-0.019606869607135497,1.2886447914093004,,1,5,80,3840,0,equal workload/candidate/point/request
G0,w202,full_grid,S3,TPOT,SLA_budget_normalized,-0.0002951360227580746,0.0015398719065358446,0.19982353897781718,0.2726410272198143,-0.009013966503791368,0.057601968688151095,-0.7759439747906174,1.5971602385127042,,1,5,80,3840,0,equal workload/candidate/point/request
G0,w202,service_relevant,S3,TTFT,SLA_budget_normalized,,,,,,,,,empty applicable subset,0,0,0,0,0,equal workload/candidate/point/request
G0,w202,service_relevant,S3,TTFT,seconds,,,,,,,,,empty applicable subset,0,0,0,0,0,equal workload/candidate/point/request
G0,w202,service_relevant,S3,TPOT,SLA_budget_normalized,,,,,,,,,empty applicable subset,0,0,0,0,0,equal workload/candidate/point/request
G0,w202,service_relevant,S3,TPOT,seconds,,,,,,,,,empty applicable subset,0,0,0,0,0,equal workload/candidate/point/request
G0,w202,full_grid,S4,TTFT,SLA_budget_normalized,-0.002095465745696856,0.01842632550748628,0.050098388106007974,0.20287119221801694,0.046838374350772156,0.055661829461965975,-0.019606869607135497,1.2886447914093004,,1,5,80,3840,0,equal workload/candidate/point/request
G0,w202,full_grid,S4,TPOT,SLA_budget_normalized,-0.00023610881820645968,0.0012318975252286757,0.15985883118225375,0.21811282177585145,-0.007211173203033094,0.04608157495052088,-0.620755179832494,1.2777281908101634,,1,5,80,3840,0,equal workload/candidate/point/request
G0,w202,service_relevant,S4,TTFT,SLA_budget_normalized,-0.008834404871474058,0.010241219899702022,0.02536641212536021,0.029785840536703745,-0.0035349172210277207,0.011190993615909266,-0.019606869607135497,0.0369760626723045,,1,5,47,2256,0,equal workload/candidate/point/request
G0,w202,service_relevant,S4,TTFT,seconds,-0.053006429228844354,0.06144731939821213,0.15219847275216125,0.17871504322022247,-0.021209503326166324,0.0671459616954556,-0.11764121764281299,0.22185637603382702,,1,5,47,2256,0,equal workload/candidate/point/request
G0,w202,service_relevant,S4,TPOT,SLA_budget_normalized,-0.00023610885546077043,0.0002361088620534968,0.004006680383460193,0.018000905325247785,0.0021591370339892873,0.0025493253428043264,-0.00023610892488057367,0.23213174017632543,,1,5,47,2256,0,equal workload/candidate/point/request
G0,w202,service_relevant,S4,TPOT,seconds,-5.902721386519261e-05,5.90272155133742e-05,0.0010016700958650482,0.004500226331311946,0.0005397842584973218,0.0006373313357010816,-5.902723122014342e-05,0.05803293504408136,,1,5,47,2256,0,equal workload/candidate/point/request
G0,w202,full_grid,S5,TTFT,SLA_budget_normalized,-0.002095465745696856,0.01842632550748628,0.050098388106007974,0.20287119221801694,0.046838374350772156,0.055661829461965975,-0.019606869607135497,1.2886447914093004,,1,5,80,3840,0,equal workload/candidate/point/request
G0,w202,full_grid,S5,TPOT,SLA_budget_normalized,-0.00019675734850538307,0.0010265812710238964,0.13321569265187813,0.18176068481320956,-0.006009311002527579,0.0384013124587674,-0.517295983193745,1.0647734923418029,,1,5,80,3840,0,equal workload/candidate/point/request
G0,w202,service_relevant,S5,TTFT,SLA_budget_normalized,-0.004200769328842095,0.010782302594937695,0.03147572773991669,0.03442757520768206,0.0028421317727481887,0.014910961592189471,-0.019606869607135497,0.1758404702284698,,1,5,58,2784,0,equal workload/candidate/point/request
G0,w202,service_relevant,S5,TTFT,seconds,-0.02520461597305257,0.06469381556962617,0.18885436643950015,0.20656545124609238,0.01705279063648913,0.08946576955313683,-0.11764121764281299,1.0550428213708187,,1,5,58,2784,0,equal workload/candidate/point/request
G0,w202,service_relevant,S5,TPOT,SLA_budget_normalized,-0.00019675734259973673,0.00019675739575619744,0.02866160861377106,0.04039041240538814,0.00631413816929772,0.006932332264850049,-0.14842533685939316,0.19344311681360454,,1,5,58,2784,0,equal workload/candidate/point/request
G0,w202,service_relevant,S5,TPOT,seconds,-5.902720277992102e-05,5.902721872685923e-05,0.008598482584131317,0.01211712372161644,0.0018942414507893159,0.0020796996794550148,-0.044527601057817945,0.05803293504408136,,1,5,58,2784,0,equal workload/candidate/point/request
G0,w202,full_grid,S6,TTFT,SLA_budget_normalized,-0.002095465745696856,0.01842632550748628,0.050098388106007974,0.20287119221801694,0.046838374350772156,0.055661829461965975,-0.019606869607135497,1.2886447914093004,,1,5,80,3840,0,equal workload/candidate/point/request
G0,w202,full_grid,S6,TPOT,SLA_budget_normalized,-0.00011805440910322984,0.0006159487626143378,0.07992941559112687,0.10905641088792573,-0.003605586601516547,0.02304078747526044,-0.310377589916247,0.6388640954050817,,1,5,80,3840,0,equal workload/candidate/point/request
G0,w202,service_relevant,S6,TTFT,SLA_budget_normalized,-0.0037482274539494633,0.01126435810510884,0.03511444349328485,0.04293390371509531,0.0190709996054544,0.02886774504056364,-0.019606869607135497,1.0568142860302505,,1,5,72,3456,0,equal workload/candidate/point/request
G0,w202,service_relevant,S6,TTFT,seconds,-0.02248936472369678,0.06758614863065304,0.21068666095970912,0.25760342229057187,0.11442599763272641,0.17320647024338184,-0.11764121764281299,6.3408857161815035,,1,5,72,3456,0,equal workload/candidate/point/request
G0,w202,service_relevant,S6,TPOT,SLA_budget_normalized,-0.00011805440796675004,0.00011805445275053783,0.05780867335548989,0.09361092651148906,-0.005995084719710972,0.01590831979552128,-0.310377589916247,0.19606603387485821,,1,5,72,3456,0,equal workload/candidate/point/request
G0,w202,service_relevant,S6,TPOT,seconds,-5.902720398337502e-05,5.9027226375268915e-05,0.028904336677744946,0.04680546325574453,-0.002997542359855486,0.00795415989776064,-0.1551887949581235,0.09803301693742911,,1,5,72,3456,0,equal workload/candidate/point/request
G0,w203,full_grid,,TTFT,seconds,0.7252087863409358,0.7252087863409358,6.307100993339304,6.355550480508117,2.595187207945978,2.6314578366499677,-0.07106875362660503,6.431380529721102,,1,5,125,625,0,equal workload/candidate/point/request
G0,w203,full_grid,,TTFT,relative,0.2613998273418279,0.2613998273418279,1.8384838154856675,2.060018462407961,0.7535729711068937,0.7684462410413074,-0.02174041031292978,2.7135993522447186,,1,5,125,625,0,equal workload/candidate/point/request
G0,w203,full_grid,,TPOT,seconds,0.0024134493082494657,0.0024982359574186874,0.010076994505485548,0.0110063945558396,0.003769048424465657,0.004529963116518588,-0.02738287558578284,0.017272932606128832,,1,5,125,625,0,equal workload/candidate/point/request
G0,w203,full_grid,,TPOT,relative,0.01104538743282888,0.011546116955627104,0.046204967929919245,0.047966320858957474,0.016674791756373923,0.01971224207442005,-0.10744226223636277,0.07521927205832823,,1,5,125,625,0,equal workload/candidate/point/request
G0,w203,full_grid,S1,TTFT,SLA_budget_normalized,0.2900835145363743,0.2900835145363743,2.5228403973357216,2.5422201922032466,1.038074883178391,1.052583134659987,-0.02842750145064201,2.572552211888441,,1,5,125,625,0,equal workload/candidate/point/request
G0,w203,full_grid,S1,TPOT,SLA_budget_normalized,0.01608966205499644,0.01665490638279125,0.06717996336990366,0.07337596370559733,0.025126989496437716,0.030199754110123923,-0.18255250390521893,0.11515288404085888,,1,5,125,625,0,equal workload/candidate/point/request
G0,w203,service_relevant,S1,TTFT,SLA_budget_normalized,,,,,,,,,empty applicable subset,0,0,0,0,0,equal workload/candidate/point/request
G0,w203,service_relevant,S1,TTFT,seconds,,,,,,,,,empty applicable subset,0,0,0,0,0,equal workload/candidate/point/request
G0,w203,service_relevant,S1,TPOT,SLA_budget_normalized,,,,,,,,,empty applicable subset,0,0,0,0,0,equal workload/candidate/point/request
G0,w203,service_relevant,S1,TPOT,seconds,,,,,,,,,empty applicable subset,0,0,0,0,0,equal workload/candidate/point/request
G0,w203,full_grid,S2,TTFT,SLA_budget_normalized,0.2900835145363743,0.2900835145363743,2.5228403973357216,2.5422201922032466,1.038074883178391,1.052583134659987,-0.02842750145064201,2.572552211888441,,1,5,125,625,0,equal workload/candidate/point/request
G0,w203,full_grid,S2,TPOT,SLA_budget_normalized,0.00804483102749822,0.008327453191395625,0.03358998168495183,0.036687981852798666,0.012563494748218858,0.015099877055061961,-0.09127625195260947,0.05757644202042944,,1,5,125,625,0,equal workload/candidate/point/request
G0,w203,service_relevant,S2,TTFT,SLA_budget_normalized,,,,,,,,,empty applicable subset,0,0,0,0,0,equal workload/candidate/point/request
G0,w203,service_relevant,S2,TTFT,seconds,,,,,,,,,empty applicable subset,0,0,0,0,0,equal workload/candidate/point/request
G0,w203,service_relevant,S2,TPOT,SLA_budget_normalized,,,,,,,,,empty applicable subset,0,0,0,0,0,equal workload/candidate/point/request
G0,w203,service_relevant,S2,TPOT,seconds,,,,,,,,,empty applicable subset,0,0,0,0,0,equal workload/candidate/point/request
G0,w203,full_grid,S3,TTFT,SLA_budget_normalized,0.12086813105682263,0.12086813105682263,1.051183498889884,1.0592584134180194,0.43253120132432965,0.43857630610832793,-0.011844792271100838,1.071896754953517,,1,5,125,625,0,equal workload/candidate/point/request
G0,w203,full_grid,S3,TPOT,SLA_budget_normalized,0.012067246541247328,0.012491179787093437,0.05038497252742774,0.055031972779197996,0.018845242122328285,0.02264981558259294,-0.1369143779289142,0.08636466303064416,,1,5,125,625,0,equal workload/candidate/point/request
G0,w203,service_relevant,S3,TTFT,SLA_budget_normalized,,,,,,,,,empty applicable subset,0,0,0,0,0,equal workload/candidate/point/request
G0,w203,service_relevant,S3,TTFT,seconds,,,,,,,,,empty applicable subset,0,0,0,0,0,equal workload/candidate/point/request
G0,w203,service_relevant,S3,TPOT,SLA_budget_normalized,,,,,,,,,empty applicable subset,0,0,0,0,0,equal workload/candidate/point/request
G0,w203,service_relevant,S3,TPOT,seconds,,,,,,,,,empty applicable subset,0,0,0,0,0,equal workload/candidate/point/request
G0,w203,full_grid,S4,TTFT,SLA_budget_normalized,0.12086813105682263,0.12086813105682263,1.051183498889884,1.0592584134180194,0.43253120132432965,0.43857630610832793,-0.011844792271100838,1.071896754953517,,1,5,125,625,0,equal workload/candidate/point/request
G0,w203,full_grid,S4,TPOT,SLA_budget_normalized,0.009653797232997863,0.00999294382967475,0.04030797802194219,0.0440255782233584,0.015076193697862629,0.01811985246607435,-0.10953150234313136,0.06909173042451533,,1,5,125,625,0,equal workload/candidate/point/request
G0,w203,service_relevant,S4,TTFT,SLA_budget_normalized,0.4078570661566981,0.4078570661566981,1.0526728840370934,1.0601262885095266,0.4719666477677415,0.47847333244574786,-0.011844792271100838,1.071896754953517,,1,5,108,540,0,equal workload/candidate/point/request
G0,w203,service_relevant,S4,TTFT,seconds,2.4471423969401886,2.4471423969401886,6.31603730422256,6.360757731057159,2.831799886606449,2.8708399946744874,-0.07106875362660503,6.431380529721102,,1,5,108,540,0,equal workload/candidate/point/request
G0,w203,service_relevant,S4,TPOT,SLA_budget_normalized,0.009389971883071446,0.00941349771770128,0.03970870529469506,0.040607614385570256,0.014755372839946464,0.015284763166723203,-0.00978824761432362,0.047235916784057586,,1,5,108,540,0,equal workload/candidate/point/request
G0,w203,service_relevant,S4,TPOT,seconds,0.0023474929707678616,0.00235337442942532,0.009927176323673764,0.010151903596392564,0.003688843209986616,0.0038211907916808007,-0.002447061903580905,0.011808979196014396,,1,5,108,540,0,equal workload/candidate/point/request
G0,w203,full_grid,S5,TTFT,SLA_budget_normalized,0.12086813105682263,0.12086813105682263,1.051183498889884,1.0592584134180194,0.43253120132432965,0.43857630610832793,-0.011844792271100838,1.071896754953517,,1,5,125,625,0,equal workload/candidate/point/request
G0,w203,full_grid,S5,TPOT,SLA_budget_normalized,0.00804483102749822,0.008327453191395625,0.03358998168495183,0.036687981852798666,0.012563494748218858,0.015099877055061961,-0.09127625195260947,0.05757644202042944,,1,5,125,625,0,equal workload/candidate/point/request
G0,w203,service_relevant,S5,TTFT,SLA_budget_normalized,0.12086813105682263,0.12086813105682263,1.051183498889884,1.0592584134180194,0.43253120132432965,0.43857630610832793,-0.011844792271100838,1.071896754953517,,1,5,125,625,0,equal workload/candidate/point/request
G0,w203,service_relevant,S5,TTFT,seconds,0.7252087863409358,0.7252087863409358,6.307100993339304,6.355550480508117,2.595187207945978,2.6314578366499677,-0.07106875362660503,6.431380529721102,,1,5,125,625,0,equal workload/candidate/point/request
G0,w203,service_relevant,S5,TPOT,SLA_budget_normalized,0.00804483102749822,0.008327453191395625,0.03358998168495183,0.036687981852798666,0.012563494748218858,0.015099877055061961,-0.09127625195260947,0.05757644202042944,,1,5,125,625,0,equal workload/candidate/point/request
G0,w203,service_relevant,S5,TPOT,seconds,0.0024134493082494657,0.0024982359574186874,0.010076994505485548,0.0110063945558396,0.003769048424465657,0.004529963116518588,-0.02738287558578284,0.017272932606128832,,1,5,125,625,0,equal workload/candidate/point/request
G0,w203,full_grid,S6,TTFT,SLA_budget_normalized,0.12086813105682263,0.12086813105682263,1.051183498889884,1.0592584134180194,0.43253120132432965,0.43857630610832793,-0.011844792271100838,1.071896754953517,,1,5,125,625,0,equal workload/candidate/point/request
G0,w203,full_grid,S6,TPOT,SLA_budget_normalized,0.004826898616498931,0.004996471914837375,0.020153989010971096,0.0220127891116792,0.007538096848931314,0.009059926233037176,-0.05476575117156568,0.034545865212257665,,1,5,125,625,0,equal workload/candidate/point/request
G0,w203,service_relevant,S6,TTFT,SLA_budget_normalized,0.12086813105682263,0.12086813105682263,1.051183498889884,1.0592584134180194,0.43253120132432965,0.43857630610832793,-0.011844792271100838,1.071896754953517,,1,5,125,625,0,equal workload/candidate/point/request
G0,w203,service_relevant,S6,TTFT,seconds,0.7252087863409358,0.7252087863409358,6.307100993339304,6.355550480508117,2.595187207945978,2.6314578366499677,-0.07106875362660503,6.431380529721102,,1,5,125,625,0,equal workload/candidate/point/request
G0,w203,service_relevant,S6,TPOT,SLA_budget_normalized,0.004826898616498931,0.004996471914837375,0.020153989010971096,0.0220127891116792,0.007538096848931314,0.009059926233037176,-0.05476575117156568,0.034545865212257665,,1,5,125,625,0,equal workload/candidate/point/request
G0,w203,service_relevant,S6,TPOT,seconds,0.0024134493082494657,0.0024982359574186874,0.010076994505485548,0.0110063945558396,0.003769048424465657,0.004529963116518588,-0.02738287558578284,0.017272932606128832,,1,5,125,625,0,equal workload/candidate/point/request
G0,w204,full_grid,,TTFT,seconds,-0.0007079232564137783,0.07474489525293393,1.8627455961286614,5.155785725907364,0.7753842895513099,0.824485725642236,-0.3138592041113384,21.913008918702886,,1,5,80,3520,0,equal workload/candidate/point/request
G0,w204,full_grid,,TTFT,relative,-0.002935383271063758,0.02419886162097154,0.687955886720883,2.0777498436213615,0.34743360450306204,0.37326096698408173,-0.28544448713703496,21.13757101623001,,1,5,80,3520,0,equal workload/candidate/point/request
G0,w204,full_grid,,TPOT,seconds,-5.899361600017472e-05,5.899363715780592e-05,0.059135232102006996,0.0955548371819116,0.0023804868579169252,0.02514443999632315,-0.3299175991920084,0.8532171397157852,,1,5,80,3520,0,equal workload/candidate/point/request
G0,w204,full_grid,,TPOT,relative,-0.00026318724860502666,0.00027912670677622537,0.15724406319516987,0.2216167358732714,-0.0027116973124136708,0.05878390823675931,-0.3981807570496178,1.4430699514649123,,1,5,80,3520,0,equal workload/candidate/point/request
G0,w204,full_grid,S1,TTFT,SLA_budget_normalized,-0.0002831693025655113,0.029897958101173572,0.7450982384514646,2.062314290362946,0.310153715820524,0.3297942902568944,-0.12554368164453536,8.765203567481155,,1,5,80,3520,0,equal workload/candidate/point/request
G0,w204,full_grid,S1,TPOT,SLA_budget_normalized,-0.00039329077333449813,0.00039329091438537284,0.39423488068004664,0.6370322478794107,0.015869912386112836,0.16762959997548768,-2.199450661280056,5.688114264771901,,1,5,80,3520,0,equal workload/candidate/point/request
G0,w204,service_relevant,S1,TTFT,SLA_budget_normalized,,,,,,,,,empty applicable subset,0,0,0,0,0,equal workload/candidate/point/request
G0,w204,service_relevant,S1,TTFT,seconds,,,,,,,,,empty applicable subset,0,0,0,0,0,equal workload/candidate/point/request
G0,w204,service_relevant,S1,TPOT,SLA_budget_normalized,,,,,,,,,empty applicable subset,0,0,0,0,0,equal workload/candidate/point/request
G0,w204,service_relevant,S1,TPOT,seconds,,,,,,,,,empty applicable subset,0,0,0,0,0,equal workload/candidate/point/request
G0,w204,full_grid,S2,TTFT,SLA_budget_normalized,-0.0002831693025655113,0.029897958101173572,0.7450982384514646,2.062314290362946,0.310153715820524,0.3297942902568944,-0.12554368164453536,8.765203567481155,,1,5,80,3520,0,equal workload/candidate/point/request
G0,w204,full_grid,S2,TPOT,SLA_budget_normalized,-0.00019664538666724907,0.00019664545719268642,0.19711744034002332,0.31851612393970535,0.007934956193056418,0.08381479998774384,-1.099725330640028,2.8440571323859505,,1,5,80,3520,0,equal workload/candidate/point/request
G0,w204,service_relevant,S2,TTFT,SLA_budget_normalized,,,,,,,,,empty applicable subset,0,0,0,0,0,equal workload/candidate/point/request
G0,w204,service_relevant,S2,TTFT,seconds,,,,,,,,,empty applicable subset,0,0,0,0,0,equal workload/candidate/point/request
G0,w204,service_relevant,S2,TPOT,SLA_budget_normalized,,,,,,,,,empty applicable subset,0,0,0,0,0,equal workload/candidate/point/request
G0,w204,service_relevant,S2,TPOT,seconds,,,,,,,,,empty applicable subset,0,0,0,0,0,equal workload/candidate/point/request
G0,w204,full_grid,S3,TTFT,SLA_budget_normalized,-0.00011798720940229639,0.012457482542155654,0.3104575993547769,0.8592976209845608,0.12923071492521832,0.13741428760703933,-0.05230986735188973,3.6521681531171475,,1,5,80,3520,0,equal workload/candidate/point/request
G0,w204,full_grid,S3,TPOT,SLA_budget_normalized,-0.0002949680800008736,0.0002949681857890296,0.295676160510035,0.477774185909558,0.011902434289584625,0.12572219998161574,-1.649587995960042,4.266085698578926,,1,5,80,3520,0,equal workload/candidate/point/request
G0,w204,service_relevant,S3,TTFT,SLA_budget_normalized,,,,,,,,,empty applicable subset,0,0,0,0,0,equal workload/candidate/point/request
G0,w204,service_relevant,S3,TTFT,seconds,,,,,,,,,empty applicable subset,0,0,0,0,0,equal workload/candidate/point/request
G0,w204,service_relevant,S3,TPOT,SLA_budget_normalized,,,,,,,,,empty applicable subset,0,0,0,0,0,equal workload/candidate/point/request
G0,w204,service_relevant,S3,TPOT,seconds,,,,,,,,,empty applicable subset,0,0,0,0,0,equal workload/candidate/point/request
G0,w204,full_grid,S4,TTFT,SLA_budget_normalized,-0.00011798720940229639,0.012457482542155654,0.3104575993547769,0.8592976209845608,0.12923071492521832,0.13741428760703933,-0.05230986735188973,3.6521681531171475,,1,5,80,3520,0,equal workload/candidate/point/request
G0,w204,full_grid,S4,TPOT,SLA_budget_normalized,-0.00023597446400069888,0.0002359745486312237,0.23654092840802798,0.3822193487276464,0.009521947431667701,0.1005777599852926,-1.3196703967680337,3.4128685588631407,,1,5,80,3520,0,equal workload/candidate/point/request
G0,w204,service_relevant,S4,TTFT,SLA_budget_normalized,-0.004434352512210656,0.00984209946697471,0.01823885565602268,0.026238572134692124,-0.004198087952606651,0.00902935812659611,-0.01823885565894064,0.03706305748877033,,1,5,44,1936,0,equal workload/candidate/point/request
G0,w204,service_relevant,S4,TTFT,seconds,-0.026606115073263936,0.05905259680184827,0.10943313393613607,0.15743143280815275,-0.025188527715639904,0.05417614875957666,-0.10943313395364385,0.22237834493262199,,1,5,44,1936,0,equal workload/candidate/point/request
G0,w204,service_relevant,S4,TPOT,SLA_budget_normalized,-0.00023597445760970004,0.0002359744639893746,0.00023597454861468137,0.00293783309834994,0.0006617812979854236,0.0010758484547557074,-0.0002359745489871612,0.045174757342906435,,1,5,44,1936,0,equal workload/candidate/point/request
G0,w204,service_relevant,S4,TPOT,seconds,-5.899361440242501e-05,5.899361599734365e-05,5.899363715367034e-05,0.000734458274587485,0.0001654453244963559,0.00026896211368892685,-5.89936372467903e-05,0.011293689335726609,,1,5,44,1936,0,equal workload/candidate/point/request
G0,w204,full_grid,S5,TTFT,SLA_budget_normalized,-0.00011798720940229639,0.012457482542155654,0.3104575993547769,0.8592976209845608,0.12923071492521832,0.13741428760703933,-0.05230986735188973,3.6521681531171475,,1,5,80,3520,0,equal workload/candidate/point/request
G0,w204,full_grid,S5,TPOT,SLA_budget_normalized,-0.00019664538666724907,0.00019664545719268642,0.19711744034002332,0.31851612393970535,0.007934956193056418,0.08381479998774384,-1.099725330640028,2.8440571323859505,,1,5,80,3520,0,equal workload/candidate/point/request
G0,w204,service_relevant,S5,TTFT,SLA_budget_normalized,-0.00443435250746423,0.01000924800799415,0.0240414633913133,0.028076633916460498,-0.002991535578818729,0.0097985429505813,-0.01823885565894064,0.15082433011383975,,1,5,46,2024,0,equal workload/candidate/point/request
G0,w204,service_relevant,S5,TTFT,seconds,-0.026606115044785383,0.0600554880479649,0.1442487803478798,0.168459803498763,-0.017949213472912375,0.0587912577034878,-0.10943313395364385,0.9049459806830384,,1,5,46,2024,0,equal workload/candidate/point/request
G0,w204,service_relevant,S5,TPOT,SLA_budget_normalized,-0.0001966453813414167,0.0001966453866788139,0.0016601849264852309,0.01240184403482179,0.001247515040129396,0.0017595854273415358,-0.10778999003985934,0.11156187732644227,,1,5,46,2024,0,equal workload/candidate/point/request
G0,w204,service_relevant,S5,TPOT,seconds,-5.899361440242501e-05,5.899361600364417e-05,0.0004980554779455693,0.0037205532104465366,0.00037425451203881876,0.0005278756282024607,-0.0323369970119578,0.03346856319793268,,1,5,46,2024,0,equal workload/candidate/point/request
G0,w204,full_grid,S6,TTFT,SLA_budget_normalized,-0.00011798720940229639,0.012457482542155654,0.3104575993547769,0.8592976209845608,0.12923071492521832,0.13741428760703933,-0.05230986735188973,3.6521681531171475,,1,5,80,3520,0,equal workload/candidate/point/request
G0,w204,full_grid,S6,TPOT,SLA_budget_normalized,-0.00011798723200034944,0.00011798727431561185,0.11827046420401399,0.1911096743638232,0.0047609737158338505,0.0502888799926463,-0.6598351983840168,1.7064342794315703,,1,5,80,3520,0,equal workload/candidate/point/request
G0,w204,service_relevant,S6,TTFT,SLA_budget_normalized,-0.0037657583370294865,0.011139958743418296,0.034232385648981754,0.04135794941647456,0.012892252914931112,0.022693939112421183,-0.036490347928098764,0.7641278324133912,,1,5,64,2816,0,equal workload/candidate/point/request
G0,w204,service_relevant,S6,TTFT,seconds,-0.022594550022176918,0.06683975246050977,0.2053943138938905,0.24814769649884738,0.07735351748958667,0.1361636346745271,-0.21894208756859257,4.584766994480347,,1,5,64,2816,0,equal workload/candidate/point/request
G0,w204,service_relevant,S6,TPOT,SLA_budget_normalized,-0.00011798723199152317,0.00011798723846301318,0.0921190639354249,0.1163697903654311,-0.013198029463078326,0.02164298582111978,-0.25306874638936516,0.3521774488688465,,1,5,64,2816,0,equal workload/candidate/point/request
G0,w204,service_relevant,S6,TPOT,seconds,-5.8993615995761584e-05,5.899361923150659e-05,0.04605953196771245,0.05818489518271555,-0.006599014731539163,0.01082149291055989,-0.12653437319468258,0.17608872443442325,,1,5,64,2816,0,equal workload/candidate/point/request
G0,ALL,full_grid,,TTFT,seconds,-0.012211675858907256,0.0712052790895541,2.9211954348625113,6.227113460238242,0.8817306057400914,0.9348420633285672,-0.7032892927994112,22.63690421704335,,10,50,1265,41955,0,equal workload/candidate/point/request
G0,ALL,full_grid,,TTFT,relative,-0.015020851700835823,0.024044566325554535,0.9557630113683128,1.7778362257052114,0.3579197392128414,0.38151339978784554,-0.2936358520764524,33.022949983829456,,10,50,1265,41955,0,equal workload/candidate/point/request
G0,ALL,full_grid,,TPOT,seconds,-5.89936192308127e-05,5.902721874084804e-05,0.041174705231194764,0.058280509335661146,-0.004474368000054845,0.012836124842668582,-0.3309550446251588,2.3493683838872585,,10,50,1265,41955,0,equal workload/candidate/point/request
G0,ALL,full_grid,,TPOT,relative,-0.00026301413170385876,0.00027912653702121204,0.11264915402129963,0.15889228943560163,-0.012438470197819672,0.03371974789866389,-0.5800654120944434,3.412106392867303,,10,50,1265,41955,0,equal workload/candidate/point/request
G0,ALL,full_grid,S1,TTFT,SLA_budget_normalized,-0.004884670343562903,0.02848211163582164,1.1684781739450045,2.490845384095297,0.3526922422960366,0.37393682533142686,-0.2813157171197645,9.05476168681734,,10,50,1265,41955,0,equal workload/candidate/point/request
G0,ALL,full_grid,S1,TPOT,SLA_budget_normalized,-0.0003932907948720847,0.0003935147916056536,0.27449803487463176,0.38853672890440766,-0.02982912000036564,0.08557416561779055,-2.2063669641677253,15.662455892581724,,10,50,1265,41955,0,equal workload/candidate/point/request
G0,ALL,service_relevant,S1,TTFT,SLA_budget_normalized,,,,,,,,,empty applicable subset,0,0,0,0,0,equal workload/candidate/point/request
G0,ALL,service_relevant,S1,TTFT,seconds,,,,,,,,,empty applicable subset,0,0,0,0,0,equal workload/candidate/point/request
G0,ALL,service_relevant,S1,TPOT,SLA_budget_normalized,,,,,,,,,empty applicable subset,0,0,0,0,0,equal workload/candidate/point/request
G0,ALL,service_relevant,S1,TPOT,seconds,,,,,,,,,empty applicable subset,0,0,0,0,0,equal workload/candidate/point/request
G0,ALL,full_grid,S2,TTFT,SLA_budget_normalized,-0.004884670343562903,0.02848211163582164,1.1684781739450045,2.490845384095297,0.3526922422960366,0.37393682533142686,-0.2813157171197645,9.05476168681734,,10,50,1265,41955,0,equal workload/candidate/point/request
G0,ALL,full_grid,S2,TPOT,SLA_budget_normalized,-0.00019664539743604234,0.0001967573958028268,0.13724901743731588,0.19426836445220383,-0.01491456000018282,0.042787082808895274,-1.1031834820838626,7.831227946290862,,10,50,1265,41955,0,equal workload/candidate/point/request
G0,ALL,service_relevant,S2,TTFT,SLA_budget_normalized,,,,,,,,,empty applicable subset,0,0,0,0,0,equal workload/candidate/point/request
G0,ALL,service_relevant,S2,TTFT,seconds,,,,,,,,,empty applicable subset,0,0,0,0,0,equal workload/candidate/point/request
G0,ALL,service_relevant,S2,TPOT,SLA_budget_normalized,,,,,,,,,empty applicable subset,0,0,0,0,0,equal workload/candidate/point/request
G0,ALL,service_relevant,S2,TPOT,seconds,,,,,,,,,empty applicable subset,0,0,0,0,0,equal workload/candidate/point/request
G0,ALL,full_grid,S3,TTFT,SLA_budget_normalized,-0.002035279309817876,0.011867546514925683,0.48686590581041855,1.0378522433730404,0.1469551009566819,0.1558070105547612,-0.11721488213323521,3.772817369507225,,10,50,1265,41955,0,equal workload/candidate/point/request
G0,ALL,full_grid,S3,TPOT,SLA_budget_normalized,-0.0002949680961540635,0.0002951360937042402,0.20587352615597382,0.29140254667830573,-0.02237184000027423,0.0641806242133429,-1.654775223125794,11.746841919436292,,10,50,1265,41955,0,equal workload/candidate/point/request
G0,ALL,service_relevant,S3,TTFT,SLA_budget_normalized,,,,,,,,,empty applicable subset,0,0,0,0,0,equal workload/candidate/point/request
G0,ALL,service_relevant,S3,TTFT,seconds,,,,,,,,,empty applicable subset,0,0,0,0,0,equal workload/candidate/point/request
G0,ALL,service_relevant,S3,TPOT,SLA_budget_normalized,,,,,,,,,empty applicable subset,0,0,0,0,0,equal workload/candidate/point/request
G0,ALL,service_relevant,S3,TPOT,seconds,,,,,,,,,empty applicable subset,0,0,0,0,0,equal workload/candidate/point/request
G0,ALL,full_grid,S4,TTFT,SLA_budget_normalized,-0.002035279309817876,0.011867546514925683,0.48686590581041855,1.0378522433730404,0.1469551009566819,0.1558070105547612,-0.11721488213323521,3.772817369507225,,10,50,1265,41955,0,equal workload/candidate/point/request
G0,ALL,full_grid,S4,TPOT,SLA_budget_normalized,-0.0002359744769232508,0.00023610887496339217,0.16469882092477905,0.23312203734264458,-0.01789747200021938,0.051344499370674326,-1.3238201785006352,9.397473535549034,,10,50,1265,41955,0,equal workload/candidate/point/request
G0,ALL,service_relevant,S4,TTFT,SLA_budget_normalized,-0.004299148027106033,0.010245222422478642,0.029298591302421073,0.4078570661566981,0.04417731648519099,0.05717443957352547,-0.020079087582416832,1.071896754953517,,10,50,856,26870,0,equal workload/candidate/point/request
G0,ALL,service_relevant,S4,TTFT,seconds,-0.025794888162636198,0.06147133453487186,0.17579154781452644,2.4471423969401886,0.26506389891114596,0.3430466374411528,-0.120474525494501,6.431380529721102,,10,50,856,26870,0,equal workload/candidate/point/request
G0,ALL,service_relevant,S4,TPOT,SLA_budget_normalized,-0.00023597445760970004,0.00023610880850866156,0.006980035857720446,0.019363470392771087,0.002561209574806145,0.0029706758662251466,-0.00978824761432362,0.23213174017632543,,10,50,856,26870,0,equal workload/candidate/point/request
G0,ALL,service_relevant,S4,TPOT,seconds,-5.899361440242501e-05,5.902720212716539e-05,0.0017450089644301114,0.004840867598192772,0.0006403023937015363,0.0007426689665562867,-0.002447061903580905,0.05803293504408136,,10,50,856,26870,0,equal workload/candidate/point/request
G0,ALL,full_grid,S5,TTFT,SLA_budget_normalized,-0.002035279309817876,0.011867546514925683,0.48686590581041855,1.0378522433730404,0.1469551009566819,0.1558070105547612,-0.11721488213323521,3.772817369507225,,10,50,1265,41955,0,equal workload/candidate/point/request
G0,ALL,full_grid,S5,TPOT,SLA_budget_normalized,-0.00019664539743604234,0.0001967573958028268,0.13724901743731588,0.19426836445220383,-0.01491456000018282,0.042787082808895274,-1.1031834820838626,7.831227946290862,,10,50,1265,41955,0,equal workload/candidate/point/request
G0,ALL,service_relevant,S5,TTFT,SLA_budget_normalized,-0.003994174137214183,0.010323880562888613,0.03347033898872098,0.12310068266287703,0.04272920831124396,0.05468418527996819,-0.020079087582416832,1.071896754953517,,10,50,947,30177,0,equal workload/candidate/point/request
G0,ALL,service_relevant,S5,TTFT,seconds,-0.023965044823285098,0.06194328337733168,0.2008220339323259,0.7386040959772622,0.25637524986746374,0.32810511167980916,-0.120474525494501,6.431380529721102,,10,50,947,30177,0,equal workload/candidate/point/request
G0,ALL,service_relevant,S5,TPOT,SLA_budget_normalized,-0.0001966453449739336,0.00019675734156426872,0.018676062930637526,0.03309058774559864,0.0037726744373055257,0.005185486307383347,-0.2677871071745412,0.19344311681360454,,10,50,947,30177,0,equal workload/candidate/point/request
G0,ALL,service_relevant,S5,TPOT,seconds,-5.899360349218008e-05,5.9027202469280615e-05,0.005602818879191257,0.009927176323679593,0.0011318023311916575,0.001555645892215004,-0.08033613215236235,0.05803293504408136,,10,50,947,30177,0,equal workload/candidate/point/request
G0,ALL,full_grid,S6,TTFT,SLA_budget_normalized,-0.002035279309817876,0.011867546514925683,0.48686590581041855,1.0378522433730404,0.1469551009566819,0.1558070105547612,-0.11721488213323521,3.772817369507225,,10,50,1265,41955,0,equal workload/candidate/point/request
G0,ALL,full_grid,S6,TPOT,SLA_budget_normalized,-0.0001179872384616254,0.00011805443748169608,0.08234941046238953,0.11656101867132229,-0.00894873600010969,0.025672249685337163,-0.6619100892503176,4.698736767774517,,10,50,1265,41955,0,equal workload/candidate/point/request
G0,ALL,service_relevant,S6,TTFT,SLA_budget_normalized,-0.003195486839899786,0.011208784608167358,0.12206223802782261,0.7498899768521934,0.07824665353336928,0.08797343557845139,-0.11721488213323521,3.0969870002949826,,10,50,1168,38486,0,equal workload/candidate/point/request
G0,ALL,service_relevant,S6,TTFT,seconds,-0.019172921039398716,0.06725270764900415,0.7323734281669356,4.49933986111316,0.4694799212002157,0.5278406134707083,-0.7032892927994112,18.581922001769897,,10,50,1168,38486,0,equal workload/candidate/point/request
G0,ALL,service_relevant,S6,TPOT,SLA_budget_normalized,-0.00011798723521083687,0.00011805443090534551,0.05828160536010518,0.09428359842370104,-0.00828072370967803,0.01580669531411666,-0.6619100892503176,0.3521774488688465,,10,50,1168,38486,0,equal workload/candidate/point/request
G0,ALL,service_relevant,S6,TPOT,seconds,-5.8993617605418436e-05,5.9027215452672754e-05,0.02914080268005259,0.04714179921185052,-0.004140361854839015,0.00790334765705833,-0.3309550446251588,0.17608872443442325,,10,50,1168,38486,0,equal workload/candidate/point/request
