group,workload,sla,ttft_s,tpot_s,variant,selected_shift,evaluator_best_set,reference_best_set,selected_reference_rank,reference_regret,normalized_reference_quality,winner_agrees,abstention,spearman,reference_top_gap,evaluator_scores,reference_scores,best_set_overlap,incomplete_reference,mismatch_type,reference_best_capacity,selected_partition_reference_capacity,evaluator_recommended_intensity,partition_selection_loss,operating_point_loss,allocation_component,exact_reference_safe,safe_usable_load,safe_operating_point_loss,recommendation_violations,reference_nonmonotone,evaluator_nonmonotone,reference_no_safe_candidates,evaluator_no_safe_candidates,unresolved
w201-heterogeneous-fast,w201,TTFT5.2_TPOT0.3,5.2,0.3,Raw-Full,-2,[-2],[-2],1,0.0,1.0,True,False,1.0,0.0018000515999999998,"{""-2"":0.0113137085,""-1"":0.0095136569,""0"":0.0095136569,""1"":0.0095136569,""2"":0.0095136569}","{""-2"":0.0113137085,""-1"":0.0095136569,""0"":0.0095136569,""1"":0.0095136569,""2"":0.0095136569}",[-2],False,agreement,0.0113137085,0.0113137085,0.0113137085,0.0,0.0,0.0,True,0.0113137085,0.0,"{""safe"":true,""max_ttft_s"":3.863782485344,""max_native_ttft_s"":4.07513322934718,""max_tpot_s"":0.21635074400353915,""violating_requests"":0,""request_count"":13,""violating_request_fraction"":0.0,""max_ttft_excess_s"":0.0,""max_tpot_excess_s"":0.0,""max_normalized_excess"":0.0,""drained"":true,""runtime_s"":13.591213500010781}",False,False,[],[],True
w201-heterogeneous-fast,w201,TTFT5.2_TPOT0.3,5.2,0.3,Raw-Remaining,-2,[-2],[-2],1,0.0,1.0,True,False,1.0,0.0018000515999999998,"{""-2"":0.0113137085,""-1"":0.0095136569,""0"":0.0095136569,""1"":0.0095136569,""2"":0.0095136569}","{""-2"":0.0113137085,""-1"":0.0095136569,""0"":0.0095136569,""1"":0.0095136569,""2"":0.0095136569}",[-2],False,agreement,0.0113137085,0.0113137085,0.0113137085,0.0,0.0,0.0,True,0.0113137085,0.0,"{""safe"":true,""max_ttft_s"":3.863782485344,""max_native_ttft_s"":4.07513322934718,""max_tpot_s"":0.21635074400353915,""violating_requests"":0,""request_count"":13,""violating_request_fraction"":0.0,""max_ttft_excess_s"":0.0,""max_tpot_excess_s"":0.0,""max_normalized_excess"":0.0,""drained"":true,""runtime_s"":13.591213500010781}",False,False,[],[],True
w201-heterogeneous-fast,w201,TTFT5.2_TPOT0.3,5.2,0.3,Legacy-Full,-2,[-2],[-2],1,0.0,1.0,True,False,1.0,0.0018000515999999998,"{""-2"":0.0113137085,""-1"":0.0095136569,""0"":0.0095136569,""1"":0.0095136569,""2"":0.0095136569}","{""-2"":0.0113137085,""-1"":0.0095136569,""0"":0.0095136569,""1"":0.0095136569,""2"":0.0095136569}",[-2],False,agreement,0.0113137085,0.0113137085,0.0113137085,0.0,0.0,0.0,True,0.0113137085,0.0,"{""safe"":true,""max_ttft_s"":3.863782485344,""max_native_ttft_s"":4.07513322934718,""max_tpot_s"":0.21635074400353915,""violating_requests"":0,""request_count"":13,""violating_request_fraction"":0.0,""max_ttft_excess_s"":0.0,""max_tpot_excess_s"":0.0,""max_normalized_excess"":0.0,""drained"":true,""runtime_s"":13.591213500010781}",False,False,[],[],True
w201-heterogeneous-fast,w201,TTFT5.2_TPOT0.3,5.2,0.3,Legacy-Remaining,-2,[-2],[-2],1,0.0,1.0,True,False,1.0,0.0018000515999999998,"{""-2"":0.0113137085,""-1"":0.0095136569,""0"":0.0095136569,""1"":0.0095136569,""2"":0.0095136569}","{""-2"":0.0113137085,""-1"":0.0095136569,""0"":0.0095136569,""1"":0.0095136569,""2"":0.0095136569}",[-2],False,agreement,0.0113137085,0.0113137085,0.0113137085,0.0,0.0,0.0,True,0.0113137085,0.0,"{""safe"":true,""max_ttft_s"":3.863782485344,""max_native_ttft_s"":4.07513322934718,""max_tpot_s"":0.21635074400353915,""violating_requests"":0,""request_count"":13,""violating_request_fraction"":0.0,""max_ttft_excess_s"":0.0,""max_tpot_excess_s"":0.0,""max_normalized_excess"":0.0,""drained"":true,""runtime_s"":13.591213500010781}",False,False,[],[],True
w201-heterogeneous-fast,w201,TTFT5.2_TPOT1.2,5.2,1.2,Raw-Full,0,"[-2,-1,0,1,2]","[-2,-1,0,1,2]",1,0.0,1.0,True,False,,0.0,"{""-2"":0.022627417,""-1"":0.022627417,""0"":0.022627417,""1"":0.022627417,""2"":0.022627417}","{""-2"":0.022627417,""-1"":0.022627417,""0"":0.022627417,""1"":0.022627417,""2"":0.022627417}","[-2,-1,0,1,2]",False,agreement,0.022627417,0.022627417,0.022627417,0.0,0.0,0.0,True,0.022627417,0.0,"{""safe"":true,""max_ttft_s"":3.810342485344,""max_native_ttft_s"":4.034493229347178,""max_tpot_s"":0.9699301017645939,""violating_requests"":0,""request_count"":13,""violating_request_fraction"":0.0,""max_ttft_excess_s"":0.0,""max_tpot_excess_s"":0.0,""max_normalized_excess"":0.0,""drained"":true,""runtime_s"":14.176199399982579}",False,False,[],[],True
w201-heterogeneous-fast,w201,TTFT5.2_TPOT1.2,5.2,1.2,Raw-Remaining,0,"[-2,-1,0,1,2]","[-2,-1,0,1,2]",1,0.0,1.0,True,False,,0.0,"{""-2"":0.022627417,""-1"":0.022627417,""0"":0.022627417,""1"":0.022627417,""2"":0.022627417}","{""-2"":0.022627417,""-1"":0.022627417,""0"":0.022627417,""1"":0.022627417,""2"":0.022627417}","[-2,-1,0,1,2]",False,agreement,0.022627417,0.022627417,0.022627417,0.0,0.0,0.0,True,0.022627417,0.0,"{""safe"":true,""max_ttft_s"":3.810342485344,""max_native_ttft_s"":4.034493229347178,""max_tpot_s"":0.9699301017645939,""violating_requests"":0,""request_count"":13,""violating_request_fraction"":0.0,""max_ttft_excess_s"":0.0,""max_tpot_excess_s"":0.0,""max_normalized_excess"":0.0,""drained"":true,""runtime_s"":14.176199399982579}",False,False,[],[],True
w201-heterogeneous-fast,w201,TTFT5.2_TPOT1.2,5.2,1.2,Legacy-Full,0,"[-2,-1,0,1,2]","[-2,-1,0,1,2]",1,0.0,1.0,True,False,,0.0,"{""-2"":0.022627417,""-1"":0.022627417,""0"":0.022627417,""1"":0.022627417,""2"":0.022627417}","{""-2"":0.022627417,""-1"":0.022627417,""0"":0.022627417,""1"":0.022627417,""2"":0.022627417}","[-2,-1,0,1,2]",False,agreement,0.022627417,0.022627417,0.022627417,0.0,0.0,0.0,True,0.022627417,0.0,"{""safe"":true,""max_ttft_s"":3.810342485344,""max_native_ttft_s"":4.034493229347178,""max_tpot_s"":0.9699301017645939,""violating_requests"":0,""request_count"":13,""violating_request_fraction"":0.0,""max_ttft_excess_s"":0.0,""max_tpot_excess_s"":0.0,""max_normalized_excess"":0.0,""drained"":true,""runtime_s"":14.176199399982579}",False,False,[],[],True
w201-heterogeneous-fast,w201,TTFT5.2_TPOT1.2,5.2,1.2,Legacy-Remaining,0,"[-2,-1,0,1,2]","[-2,-1,0,1,2]",1,0.0,1.0,True,False,,0.0,"{""-2"":0.022627417,""-1"":0.022627417,""0"":0.022627417,""1"":0.022627417,""2"":0.022627417}","{""-2"":0.022627417,""-1"":0.022627417,""0"":0.022627417,""1"":0.022627417,""2"":0.022627417}","[-2,-1,0,1,2]",False,agreement,0.022627417,0.022627417,0.022627417,0.0,0.0,0.0,True,0.022627417,0.0,"{""safe"":true,""max_ttft_s"":3.810342485344,""max_native_ttft_s"":4.034493229347178,""max_tpot_s"":0.9699301017645939,""violating_requests"":0,""request_count"":13,""violating_request_fraction"":0.0,""max_ttft_excess_s"":0.0,""max_tpot_excess_s"":0.0,""max_normalized_excess"":0.0,""drained"":true,""runtime_s"":14.176199399982579}",False,False,[],[],True
w201-heterogeneous-fast,w201,TTFT5.2_TPOT5,5.2,5.0,Raw-Full,0,"[-1,0,1,2]","[1,2]",3,6.786475005899998,0.7071067811871821,False,False,0.7453559924999299,0.0,"{""-2"":0.8610779292,""-1"":1.024,""0"":1.024,""1"":1.024,""2"":1.024}","{""-2"":11.585237503,""-1"":16.384,""0"":16.384,""1"":23.1704750059,""2"":23.1704750059}","[1,2]",False,tie-break mismatch,23.1704750059,16.384,1.024,0.29289321881281793,0.9558058261758011,0.6629126073629831,True,1.024,0.9558058261758011,"{""safe"":true,""max_ttft_s"":3.810342485344,""max_native_ttft_s"":5.307874586478391,""max_tpot_s"":2.7087337920032306,""violating_requests"":0,""request_count"":13,""violating_request_fraction"":0.0,""max_ttft_excess_s"":0.0,""max_tpot_excess_s"":0.0,""max_normalized_excess"":0.0,""drained"":true,""runtime_s"":14.677145799971186}",False,False,[],[],True
w201-heterogeneous-fast,w201,TTFT5.2_TPOT5,5.2,5.0,Raw-Remaining,0,"[-2,-1,0,1,2]","[1,2]",3,6.786475005899998,0.7071067811871821,False,False,,0.0,"{""-2"":2.8963093757,""-1"":2.8963093757,""0"":2.8963093757,""1"":2.8963093757,""2"":2.8963093757}","{""-2"":11.585237503,""-1"":16.384,""0"":16.384,""1"":23.1704750059,""2"":23.1704750059}","[1,2]",False,tie-break mismatch,23.1704750059,16.384,2.8963093757,0.29289321881281793,0.8750000000016185,0.5821067811888004,True,2.8963093757,0.8750000000016185,"{""safe"":true,""max_ttft_s"":3.810342485344,""max_native_ttft_s"":4.681906688660151,""max_tpot_s"":2.199956995427546,""violating_requests"":0,""request_count"":13,""violating_request_fraction"":0.0,""max_ttft_excess_s"":0.0,""max_tpot_excess_s"":0.0,""max_normalized_excess"":0.0,""drained"":true,""runtime_s"":15.614085800014436}",False,False,[],[],True
w201-heterogeneous-fast,w201,TTFT5.2_TPOT5,5.2,5.0,Legacy-Full,0,"[-1,0,1,2]","[1,2]",3,6.786475005899998,0.7071067811871821,False,False,0.7453559924999299,0.0,"{""-2"":0.8610779292,""-1"":1.024,""0"":1.024,""1"":1.024,""2"":1.024}","{""-2"":11.585237503,""-1"":16.384,""0"":16.384,""1"":23.1704750059,""2"":23.1704750059}","[1,2]",False,tie-break mismatch,23.1704750059,16.384,1.024,0.29289321881281793,0.9558058261758011,0.6629126073629831,True,1.024,0.9558058261758011,"{""safe"":true,""max_ttft_s"":3.810342485344,""max_native_ttft_s"":5.307874586478391,""max_tpot_s"":2.7087337920032306,""violating_requests"":0,""request_count"":13,""violating_request_fraction"":0.0,""max_ttft_excess_s"":0.0,""max_tpot_excess_s"":0.0,""max_normalized_excess"":0.0,""drained"":true,""runtime_s"":14.677145799971186}",False,False,[],[],True
w201-heterogeneous-fast,w201,TTFT5.2_TPOT5,5.2,5.0,Legacy-Remaining,0,"[-2,-1,0,1,2]","[1,2]",3,6.786475005899998,0.7071067811871821,False,False,,0.0,"{""-2"":2.8963093757,""-1"":2.8963093757,""0"":2.8963093757,""1"":2.8963093757,""2"":2.8963093757}","{""-2"":11.585237503,""-1"":16.384,""0"":16.384,""1"":23.1704750059,""2"":23.1704750059}","[1,2]",False,tie-break mismatch,23.1704750059,16.384,2.8963093757,0.29289321881281793,0.8750000000016185,0.5821067811888004,True,2.8963093757,0.8750000000016185,"{""safe"":true,""max_ttft_s"":3.810342485344,""max_native_ttft_s"":4.681906688660151,""max_tpot_s"":2.199956995427546,""violating_requests"":0,""request_count"":13,""violating_request_fraction"":0.0,""max_ttft_excess_s"":0.0,""max_tpot_excess_s"":0.0,""max_normalized_excess"":0.0,""drained"":true,""runtime_s"":15.614085800014436}",False,False,[],[],True
w201-heterogeneous-fast,w201,TTFT5.2_TPOT10,5.2,10.0,Raw-Full,0,"[-2,-1,0,1,2]","[1,2]",3,6.786475005899998,0.7071067811871821,False,False,,0.0,"{""-2"":2.8963093757,""-1"":2.8963093757,""0"":2.8963093757,""1"":2.8963093757,""2"":2.8963093757}","{""-2"":11.585237503,""-1"":16.384,""0"":16.384,""1"":23.1704750059,""2"":23.1704750059}","[1,2]",False,tie-break mismatch,23.1704750059,16.384,2.8963093757,0.29289321881281793,0.8750000000016185,0.5821067811888004,True,2.8963093757,0.8750000000016185,"{""safe"":true,""max_ttft_s"":3.810342485344,""max_native_ttft_s"":4.681906688660151,""max_tpot_s"":2.199956995427546,""violating_requests"":0,""request_count"":13,""violating_request_fraction"":0.0,""max_ttft_excess_s"":0.0,""max_tpot_excess_s"":0.0,""max_normalized_excess"":0.0,""drained"":true,""runtime_s"":15.614085800014436}",False,False,[],[],True
w201-heterogeneous-fast,w201,TTFT5.2_TPOT10,5.2,10.0,Raw-Remaining,0,"[-2,-1,0,1,2]","[1,2]",3,6.786475005899998,0.7071067811871821,False,False,,0.0,"{""-2"":8.192,""-1"":8.192,""0"":8.192,""1"":8.192,""2"":8.192}","{""-2"":11.585237503,""-1"":16.384,""0"":16.384,""1"":23.1704750059,""2"":23.1704750059}","[1,2]",False,tie-break mismatch,23.1704750059,16.384,8.192,0.29289321881281793,0.646446609406409,0.35355339059359103,True,8.192,0.646446609406409,"{""safe"":true,""max_ttft_s"":3.810342485344,""max_native_ttft_s"":6.3019178700464,""max_tpot_s"":2.4965753847023997,""violating_requests"":0,""request_count"":13,""violating_request_fraction"":0.0,""max_ttft_excess_s"":0.0,""max_tpot_excess_s"":0.0,""max_normalized_excess"":0.0,""drained"":true,""runtime_s"":16.381825100048445}",False,False,[],[],True
w201-heterogeneous-fast,w201,TTFT5.2_TPOT10,5.2,10.0,Legacy-Full,0,"[-2,-1,0,1,2]","[1,2]",3,6.786475005899998,0.7071067811871821,False,False,,0.0,"{""-2"":2.8963093757,""-1"":2.8963093757,""0"":2.8963093757,""1"":2.8963093757,""2"":2.8963093757}","{""-2"":11.585237503,""-1"":16.384,""0"":16.384,""1"":23.1704750059,""2"":23.1704750059}","[1,2]",False,tie-break mismatch,23.1704750059,16.384,2.8963093757,0.29289321881281793,0.8750000000016185,0.5821067811888004,True,2.8963093757,0.8750000000016185,"{""safe"":true,""max_ttft_s"":3.810342485344,""max_native_ttft_s"":4.681906688660151,""max_tpot_s"":2.199956995427546,""violating_requests"":0,""request_count"":13,""violating_request_fraction"":0.0,""max_ttft_excess_s"":0.0,""max_tpot_excess_s"":0.0,""max_normalized_excess"":0.0,""drained"":true,""runtime_s"":15.614085800014436}",False,False,[],[],True
w201-heterogeneous-fast,w201,TTFT5.2_TPOT10,5.2,10.0,Legacy-Remaining,0,"[-2,-1,0,1,2]","[1,2]",3,6.786475005899998,0.7071067811871821,False,False,,0.0,"{""-2"":8.192,""-1"":8.192,""0"":8.192,""1"":8.192,""2"":8.192}","{""-2"":11.585237503,""-1"":16.384,""0"":16.384,""1"":23.1704750059,""2"":23.1704750059}","[1,2]",False,tie-break mismatch,23.1704750059,16.384,8.192,0.29289321881281793,0.646446609406409,0.35355339059359103,True,8.192,0.646446609406409,"{""safe"":true,""max_ttft_s"":3.810342485344,""max_native_ttft_s"":6.3019178700464,""max_tpot_s"":2.4965753847023997,""violating_requests"":0,""request_count"":13,""violating_request_fraction"":0.0,""max_ttft_excess_s"":0.0,""max_tpot_excess_s"":0.0,""max_normalized_excess"":0.0,""drained"":true,""runtime_s"":16.381825100048445}",False,False,[],[],True
w202-heterogeneous-slow,w202,TTFT5.2_TPOT0.3,5.2,0.3,Raw-Full,0,"[-2,-1,0]","[-2,-1,0]",1,0.0,1.0,True,False,1.0,0.0,"{""-2"":0.008,""-1"":0.008,""0"":0.008,""1"":0.0067271713,""2"":0.0067271713}","{""-2"":0.008,""-1"":0.008,""0"":0.008,""1"":0.0067271713,""2"":0.0067271713}","[-2,-1,0]",False,agreement,0.008,0.008,0.008,0.0,0.0,0.0,True,0.008,0.0,"{""safe"":true,""max_ttft_s"":5.0770093775235,""max_native_ttft_s"":5.301435406340606,""max_tpot_s"":0.22942602881710628,""violating_requests"":0,""request_count"":48,""violating_request_fraction"":0.0,""max_ttft_excess_s"":0.0,""max_tpot_excess_s"":0.0,""max_normalized_excess"":0.0,""drained"":true,""runtime_s"":40.29448720003711}",False,False,[],[],True
w202-heterogeneous-slow,w202,TTFT5.2_TPOT0.3,5.2,0.3,Raw-Remaining,0,"[-2,-1,0]","[-2,-1,0]",1,0.0,1.0,True,False,1.0,0.0,"{""-2"":0.008,""-1"":0.008,""0"":0.008,""1"":0.0067271713,""2"":0.0067271713}","{""-2"":0.008,""-1"":0.008,""0"":0.008,""1"":0.0067271713,""2"":0.0067271713}","[-2,-1,0]",False,agreement,0.008,0.008,0.008,0.0,0.0,0.0,True,0.008,0.0,"{""safe"":true,""max_ttft_s"":5.0770093775235,""max_native_ttft_s"":5.301435406340606,""max_tpot_s"":0.22942602881710628,""violating_requests"":0,""request_count"":48,""violating_request_fraction"":0.0,""max_ttft_excess_s"":0.0,""max_tpot_excess_s"":0.0,""max_normalized_excess"":0.0,""drained"":true,""runtime_s"":40.29448720003711}",False,False,[],[],True
w202-heterogeneous-slow,w202,TTFT5.2_TPOT0.3,5.2,0.3,Legacy-Full,0,"[-2,-1,0]","[-2,-1,0]",1,0.0,1.0,True,False,1.0,0.0,"{""-2"":0.008,""-1"":0.008,""0"":0.008,""1"":0.0067271713,""2"":0.0067271713}","{""-2"":0.008,""-1"":0.008,""0"":0.008,""1"":0.0067271713,""2"":0.0067271713}","[-2,-1,0]",False,agreement,0.008,0.008,0.008,0.0,0.0,0.0,True,0.008,0.0,"{""safe"":true,""max_ttft_s"":5.0770093775235,""max_native_ttft_s"":5.301435406340606,""max_tpot_s"":0.22942602881710628,""violating_requests"":0,""request_count"":48,""violating_request_fraction"":0.0,""max_ttft_excess_s"":0.0,""max_tpot_excess_s"":0.0,""max_normalized_excess"":0.0,""drained"":true,""runtime_s"":40.29448720003711}",False,False,[],[],True
w202-heterogeneous-slow,w202,TTFT5.2_TPOT0.3,5.2,0.3,Legacy-Remaining,0,"[-2,-1,0]","[-2,-1,0]",1,0.0,1.0,True,False,1.0,0.0,"{""-2"":0.008,""-1"":0.008,""0"":0.008,""1"":0.0067271713,""2"":0.0067271713}","{""-2"":0.008,""-1"":0.008,""0"":0.008,""1"":0.0067271713,""2"":0.0067271713}","[-2,-1,0]",False,agreement,0.008,0.008,0.008,0.0,0.0,0.0,True,0.008,0.0,"{""safe"":true,""max_ttft_s"":5.0770093775235,""max_native_ttft_s"":5.301435406340606,""max_tpot_s"":0.22942602881710628,""violating_requests"":0,""request_count"":48,""violating_request_fraction"":0.0,""max_ttft_excess_s"":0.0,""max_tpot_excess_s"":0.0,""max_normalized_excess"":0.0,""drained"":true,""runtime_s"":40.29448720003711}",False,False,[],[],True
w202-heterogeneous-slow,w202,TTFT5.2_TPOT1.2,5.2,1.2,Raw-Full,0,"[-2,-1,0]","[-2,-1,0]",1,0.0,1.0,True,False,1.0,0.0,"{""-2"":0.008,""-1"":0.008,""0"":0.008,""1"":0.0067271713,""2"":0.0067271713}","{""-2"":0.008,""-1"":0.008,""0"":0.008,""1"":0.0067271713,""2"":0.0067271713}","[-2,-1,0]",False,agreement,0.008,0.008,0.008,0.0,0.0,0.0,True,0.008,0.0,"{""safe"":true,""max_ttft_s"":5.0770093775235,""max_native_ttft_s"":5.301435406340606,""max_tpot_s"":0.22942602881710628,""violating_requests"":0,""request_count"":48,""violating_request_fraction"":0.0,""max_ttft_excess_s"":0.0,""max_tpot_excess_s"":0.0,""max_normalized_excess"":0.0,""drained"":true,""runtime_s"":40.29448720003711}",False,False,[],[],True
w202-heterogeneous-slow,w202,TTFT5.2_TPOT1.2,5.2,1.2,Raw-Remaining,0,"[-2,-1,0]","[-2,-1,0]",1,0.0,1.0,True,False,1.0,0.0,"{""-2"":0.008,""-1"":0.008,""0"":0.008,""1"":0.0067271713,""2"":0.0067271713}","{""-2"":0.008,""-1"":0.008,""0"":0.008,""1"":0.0067271713,""2"":0.0067271713}","[-2,-1,0]",False,agreement,0.008,0.008,0.008,0.0,0.0,0.0,True,0.008,0.0,"{""safe"":true,""max_ttft_s"":5.0770093775235,""max_native_ttft_s"":5.301435406340606,""max_tpot_s"":0.22942602881710628,""violating_requests"":0,""request_count"":48,""violating_request_fraction"":0.0,""max_ttft_excess_s"":0.0,""max_tpot_excess_s"":0.0,""max_normalized_excess"":0.0,""drained"":true,""runtime_s"":40.29448720003711}",False,False,[],[],True
w202-heterogeneous-slow,w202,TTFT5.2_TPOT1.2,5.2,1.2,Legacy-Full,0,"[-2,-1,0]","[-2,-1,0]",1,0.0,1.0,True,False,1.0,0.0,"{""-2"":0.008,""-1"":0.008,""0"":0.008,""1"":0.0067271713,""2"":0.0067271713}","{""-2"":0.008,""-1"":0.008,""0"":0.008,""1"":0.0067271713,""2"":0.0067271713}","[-2,-1,0]",False,agreement,0.008,0.008,0.008,0.0,0.0,0.0,True,0.008,0.0,"{""safe"":true,""max_ttft_s"":5.0770093775235,""max_native_ttft_s"":5.301435406340606,""max_tpot_s"":0.22942602881710628,""violating_requests"":0,""request_count"":48,""violating_request_fraction"":0.0,""max_ttft_excess_s"":0.0,""max_tpot_excess_s"":0.0,""max_normalized_excess"":0.0,""drained"":true,""runtime_s"":40.29448720003711}",False,False,[],[],True
w202-heterogeneous-slow,w202,TTFT5.2_TPOT1.2,5.2,1.2,Legacy-Remaining,0,"[-2,-1,0]","[-2,-1,0]",1,0.0,1.0,True,False,1.0,0.0,"{""-2"":0.008,""-1"":0.008,""0"":0.008,""1"":0.0067271713,""2"":0.0067271713}","{""-2"":0.008,""-1"":0.008,""0"":0.008,""1"":0.0067271713,""2"":0.0067271713}","[-2,-1,0]",False,agreement,0.008,0.008,0.008,0.0,0.0,0.0,True,0.008,0.0,"{""safe"":true,""max_ttft_s"":5.0770093775235,""max_native_ttft_s"":5.301435406340606,""max_tpot_s"":0.22942602881710628,""violating_requests"":0,""request_count"":48,""violating_request_fraction"":0.0,""max_ttft_excess_s"":0.0,""max_tpot_excess_s"":0.0,""max_normalized_excess"":0.0,""drained"":true,""runtime_s"":40.29448720003711}",False,False,[],[],True
w202-heterogeneous-slow,w202,TTFT5.2_TPOT5,5.2,5.0,Raw-Full,0,"[-2,-1,0,1,2]","[0,1,2]",1,0.0,1.0,True,False,,0.0,"{""-2"":0.181019336,""-1"":0.181019336,""0"":0.181019336,""1"":0.181019336,""2"":0.181019336}","{""-2"":0.090509668,""-1"":0.181019336,""0"":4.096,""1"":4.096,""2"":4.096}","[0,1,2]",False,agreement,4.096,4.096,0.181019336,0.0,0.955805826171875,0.955805826171875,False,0.0,1.0,"{""safe"":false,""max_ttft_s"":5.07700937756869,""max_native_ttft_s"":7.083732354732892,""max_tpot_s"":5.025706072905966,""violating_requests"":1,""request_count"":48,""violating_request_fraction"":0.020833333333333332,""max_ttft_excess_s"":0.0,""max_tpot_excess_s"":0.02570607290596616,""max_normalized_excess"":0.005141214581193321,""drained"":true,""runtime_s"":39.68765069998335}",True,False,[],[],True
w202-heterogeneous-slow,w202,TTFT5.2_TPOT5,5.2,5.0,Raw-Remaining,0,"[-2,-1,0,1,2]","[0,1,2]",1,0.0,1.0,True,False,,0.0,"{""-2"":0.362038672,""-1"":0.362038672,""0"":0.362038672,""1"":0.362038672,""2"":0.362038672}","{""-2"":0.090509668,""-1"":0.181019336,""0"":4.096,""1"":4.096,""2"":4.096}","[0,1,2]",False,agreement,4.096,4.096,0.362038672,0.0,0.91161165234375,0.91161165234375,False,0.0,1.0,"{""safe"":false,""max_ttft_s"":5.130087568743169,""max_native_ttft_s"":7.302689031245497,""max_tpot_s"":5.206560684804889,""violating_requests"":9,""request_count"":48,""violating_request_fraction"":0.1875,""max_ttft_excess_s"":0.0,""max_tpot_excess_s"":0.20656068480488887,""max_normalized_excess"":0.041312136960977686,""drained"":true,""runtime_s"":33.52978179999627}",True,False,[],[],True
w202-heterogeneous-slow,w202,TTFT5.2_TPOT5,5.2,5.0,Legacy-Full,0,"[-2,-1,0,1,2]","[0,1,2]",1,0.0,1.0,True,False,,0.0,"{""-2"":0.181019336,""-1"":0.181019336,""0"":0.181019336,""1"":0.181019336,""2"":0.181019336}","{""-2"":0.090509668,""-1"":0.181019336,""0"":4.096,""1"":4.096,""2"":4.096}","[0,1,2]",False,agreement,4.096,4.096,0.181019336,0.0,0.955805826171875,0.955805826171875,False,0.0,1.0,"{""safe"":false,""max_ttft_s"":5.07700937756869,""max_native_ttft_s"":7.083732354732892,""max_tpot_s"":5.025706072905966,""violating_requests"":1,""request_count"":48,""violating_request_fraction"":0.020833333333333332,""max_ttft_excess_s"":0.0,""max_tpot_excess_s"":0.02570607290596616,""max_normalized_excess"":0.005141214581193321,""drained"":true,""runtime_s"":39.68765069998335}",True,False,[],[],True
w202-heterogeneous-slow,w202,TTFT5.2_TPOT5,5.2,5.0,Legacy-Remaining,0,"[-2,-1,0,1,2]","[0,1,2]",1,0.0,1.0,True,False,,0.0,"{""-2"":0.362038672,""-1"":0.362038672,""0"":0.362038672,""1"":0.362038672,""2"":0.362038672}","{""-2"":0.090509668,""-1"":0.181019336,""0"":4.096,""1"":4.096,""2"":4.096}","[0,1,2]",False,agreement,4.096,4.096,0.362038672,0.0,0.91161165234375,0.91161165234375,False,0.0,1.0,"{""safe"":false,""max_ttft_s"":5.130087568743169,""max_native_ttft_s"":7.302689031245497,""max_tpot_s"":5.206560684804889,""violating_requests"":9,""request_count"":48,""violating_request_fraction"":0.1875,""max_ttft_excess_s"":0.0,""max_tpot_excess_s"":0.20656068480488887,""max_normalized_excess"":0.041312136960977686,""drained"":true,""runtime_s"":33.52978179999627}",True,False,[],[],True
w202-heterogeneous-slow,w202,TTFT5.2_TPOT10,5.2,10.0,Raw-Full,0,"[0,1,2]","[0,1,2]",1,0.0,1.0,True,False,1.0,0.0,"{""-2"":0.512,""-1"":0.512,""0"":1.4481546879,""1"":1.4481546879,""2"":1.4481546879}","{""-2"":2.8963093757,""-1"":2.8963093757,""0"":4.096,""1"":4.096,""2"":4.096}","[0,1,2]",False,agreement,4.096,4.096,1.4481546879,0.0,0.6464466093994141,0.6464466093994141,True,1.4481546879,0.6464466093994141,"{""safe"":true,""max_ttft_s"":5.112446017998072,""max_native_ttft_s"":6.5133950301868895,""max_tpot_s"":5.184710265599816,""violating_requests"":0,""request_count"":48,""violating_request_fraction"":0.0,""max_ttft_excess_s"":0.0,""max_tpot_excess_s"":0.0,""max_normalized_excess"":0.0,""drained"":true,""runtime_s"":24.643206599983387}",False,False,[],[],True
w202-heterogeneous-slow,w202,TTFT5.2_TPOT10,5.2,10.0,Raw-Remaining,1,"[1,2]","[0,1,2]",1,0.0,1.0,True,False,0.9128709291752769,0.0,"{""-2"":0.512,""-1"":0.512,""0"":1.4481546879,""1"":2.048,""2"":2.048}","{""-2"":2.8963093757,""-1"":2.8963093757,""0"":4.096,""1"":4.096,""2"":4.096}","[1,2]",False,agreement,4.096,4.096,2.048,0.0,0.5,0.5,True,2.048,0.5,"{""safe"":true,""max_ttft_s"":5.045137377567994,""max_native_ttft_s"":9.680013926746062,""max_tpot_s"":5.22905064213199,""violating_requests"":0,""request_count"":48,""violating_request_fraction"":0.0,""max_ttft_excess_s"":0.0,""max_tpot_excess_s"":0.0,""max_normalized_excess"":0.0,""drained"":true,""runtime_s"":24.555494700034615}",False,False,[],[],True
w202-heterogeneous-slow,w202,TTFT5.2_TPOT10,5.2,10.0,Legacy-Full,0,"[0,1,2]","[0,1,2]",1,0.0,1.0,True,False,1.0,0.0,"{""-2"":0.512,""-1"":0.512,""0"":1.4481546879,""1"":1.4481546879,""2"":1.4481546879}","{""-2"":2.8963093757,""-1"":2.8963093757,""0"":4.096,""1"":4.096,""2"":4.096}","[0,1,2]",False,agreement,4.096,4.096,1.4481546879,0.0,0.6464466093994141,0.6464466093994141,True,1.4481546879,0.6464466093994141,"{""safe"":true,""max_ttft_s"":5.112446017998072,""max_native_ttft_s"":6.5133950301868895,""max_tpot_s"":5.184710265599816,""violating_requests"":0,""request_count"":48,""violating_request_fraction"":0.0,""max_ttft_excess_s"":0.0,""max_tpot_excess_s"":0.0,""max_normalized_excess"":0.0,""drained"":true,""runtime_s"":24.643206599983387}",False,False,[],[],True
w202-heterogeneous-slow,w202,TTFT5.2_TPOT10,5.2,10.0,Legacy-Remaining,1,"[1,2]","[0,1,2]",1,0.0,1.0,True,False,0.9128709291752769,0.0,"{""-2"":0.512,""-1"":0.512,""0"":1.4481546879,""1"":2.048,""2"":2.048}","{""-2"":2.8963093757,""-1"":2.8963093757,""0"":4.096,""1"":4.096,""2"":4.096}","[1,2]",False,agreement,4.096,4.096,2.048,0.0,0.5,0.5,True,2.048,0.5,"{""safe"":true,""max_ttft_s"":5.045137377567994,""max_native_ttft_s"":9.680013926746062,""max_tpot_s"":5.22905064213199,""violating_requests"":0,""request_count"":48,""violating_request_fraction"":0.0,""max_ttft_excess_s"":0.0,""max_tpot_excess_s"":0.0,""max_normalized_excess"":0.0,""drained"":true,""runtime_s"":24.555494700034615}",False,False,[],[],True
w203-heterogeneous-slow,w203,TTFT5.2_TPOT0.3,5.2,0.3,Raw-Full,0,"[-2,-1,0]","[-2,-1,0]",1,0.0,1.0,True,False,1.0,0.0,"{""-2"":0.064,""-1"":0.064,""0"":0.064,""1"":0.0538173706,""2"":0.0538173706}","{""-2"":0.064,""-1"":0.064,""0"":0.064,""1"":0.0538173706,""2"":0.0538173706}","[-2,-1,0]",False,agreement,0.064,0.064,0.064,0.0,0.0,0.0,True,0.064,0.0,"{""safe"":true,""max_ttft_s"":3.0847126512117926,""max_native_ttft_s"":3.3091386800161944,""max_tpot_s"":0.22942602880460072,""violating_requests"":0,""request_count"":5,""violating_request_fraction"":0.0,""max_ttft_excess_s"":0.0,""max_tpot_excess_s"":0.0,""max_normalized_excess"":0.0,""drained"":true,""runtime_s"":4.7277904999791645}",False,False,[],[],True
w203-heterogeneous-slow,w203,TTFT5.2_TPOT0.3,5.2,0.3,Raw-Remaining,0,"[-2,-1,0]","[-2,-1,0]",1,0.0,1.0,True,False,1.0,0.0,"{""-2"":0.064,""-1"":0.064,""0"":0.064,""1"":0.0538173706,""2"":0.0538173706}","{""-2"":0.064,""-1"":0.064,""0"":0.064,""1"":0.0538173706,""2"":0.0538173706}","[-2,-1,0]",False,agreement,0.064,0.064,0.064,0.0,0.0,0.0,True,0.064,0.0,"{""safe"":true,""max_ttft_s"":3.0847126512117926,""max_native_ttft_s"":3.3091386800161944,""max_tpot_s"":0.22942602880460072,""violating_requests"":0,""request_count"":5,""violating_request_fraction"":0.0,""max_ttft_excess_s"":0.0,""max_tpot_excess_s"":0.0,""max_normalized_excess"":0.0,""drained"":true,""runtime_s"":4.7277904999791645}",False,False,[],[],True
w203-heterogeneous-slow,w203,TTFT5.2_TPOT0.3,5.2,0.3,Legacy-Full,-1,"[-2,-1]","[-2,-1,0]",1,0.0,1.0,True,False,0.6666666666666666,0.0,"{""-2"":0.064,""-1"":0.064,""0"":0.0538173706,""1"":0.0538173706,""2"":0.0538173706}","{""-2"":0.064,""-1"":0.064,""0"":0.064,""1"":0.0538173706,""2"":0.0538173706}","[-2,-1]",False,agreement,0.064,0.064,0.064,0.0,0.0,0.0,True,0.064,0.0,"{""safe"":true,""max_ttft_s"":3.1039606512117404,""max_native_ttft_s"":3.321986680016157,""max_tpot_s"":0.22302602880461564,""violating_requests"":0,""request_count"":5,""violating_request_fraction"":0.0,""max_ttft_excess_s"":0.0,""max_tpot_excess_s"":0.0,""max_normalized_excess"":0.0,""drained"":true,""runtime_s"":4.774851900001522}",False,False,[],[],True
w203-heterogeneous-slow,w203,TTFT5.2_TPOT0.3,5.2,0.3,Legacy-Remaining,-1,"[-2,-1]","[-2,-1,0]",1,0.0,1.0,True,False,0.6666666666666666,0.0,"{""-2"":0.064,""-1"":0.064,""0"":0.0538173706,""1"":0.0538173706,""2"":0.0538173706}","{""-2"":0.064,""-1"":0.064,""0"":0.064,""1"":0.0538173706,""2"":0.0538173706}","[-2,-1]",False,agreement,0.064,0.064,0.064,0.0,0.0,0.0,True,0.064,0.0,"{""safe"":true,""max_ttft_s"":3.1039606512117404,""max_native_ttft_s"":3.321986680016157,""max_tpot_s"":0.22302602880461564,""violating_requests"":0,""request_count"":5,""violating_request_fraction"":0.0,""max_ttft_excess_s"":0.0,""max_tpot_excess_s"":0.0,""max_normalized_excess"":0.0,""drained"":true,""runtime_s"":4.774851900001522}",False,False,[],[],True
w203-heterogeneous-slow,w203,TTFT5.2_TPOT1.2,5.2,1.2,Raw-Full,0,"[-2,-1,0]","[0,1]",1,0.0,1.0,True,False,-0.45643546458763845,0.0,"{""-2"":0.064,""-1"":0.064,""0"":0.064,""1"":0.0538173706,""2"":0.0538173706}","{""-2"":0.064,""-1"":0.064,""0"":65.536,""1"":65.536,""2"":27.554493735}",[0],False,agreement,65.536,65.536,0.064,0.0,0.9990234375,0.9990234375000001,True,0.064,0.9990234375,"{""safe"":true,""max_ttft_s"":3.0847126512117926,""max_native_ttft_s"":3.3091386800161944,""max_tpot_s"":0.22942602880460072,""violating_requests"":0,""request_count"":5,""violating_request_fraction"":0.0,""max_ttft_excess_s"":0.0,""max_tpot_excess_s"":0.0,""max_normalized_excess"":0.0,""drained"":true,""runtime_s"":4.7277904999791645}",True,False,[],[],True
w203-heterogeneous-slow,w203,TTFT5.2_TPOT1.2,5.2,1.2,Raw-Remaining,0,"[-2,-1,0]","[0,1]",1,0.0,1.0,True,False,-0.45643546458763845,0.0,"{""-2"":0.064,""-1"":0.064,""0"":0.064,""1"":0.0538173706,""2"":0.0538173706}","{""-2"":0.064,""-1"":0.064,""0"":65.536,""1"":65.536,""2"":27.554493735}",[0],False,agreement,65.536,65.536,0.064,0.0,0.9990234375,0.9990234375000001,True,0.064,0.9990234375,"{""safe"":true,""max_ttft_s"":3.0847126512117926,""max_native_ttft_s"":3.3091386800161944,""max_tpot_s"":0.22942602880460072,""violating_requests"":0,""request_count"":5,""violating_request_fraction"":0.0,""max_ttft_excess_s"":0.0,""max_tpot_excess_s"":0.0,""max_normalized_excess"":0.0,""drained"":true,""runtime_s"":4.7277904999791645}",True,False,[],[],True
w203-heterogeneous-slow,w203,TTFT5.2_TPOT1.2,5.2,1.2,Legacy-Full,-1,"[-2,-1]","[0,1]",4,65.47200000000001,0.0009765625,False,False,-0.9128709291752769,0.0,"{""-2"":0.064,""-1"":0.064,""0"":0.0538173706,""1"":0.0538173706,""2"":0.0538173706}","{""-2"":0.064,""-1"":0.064,""0"":65.536,""1"":65.536,""2"":27.554493735}",[],False,strict best-set mismatch,65.536,0.064,0.064,0.9990234375,0.9990234375,0.0,True,0.064,0.9990234375,"{""safe"":true,""max_ttft_s"":3.1039606512117404,""max_native_ttft_s"":3.321986680016157,""max_tpot_s"":0.22302602880461564,""violating_requests"":0,""request_count"":5,""violating_request_fraction"":0.0,""max_ttft_excess_s"":0.0,""max_tpot_excess_s"":0.0,""max_normalized_excess"":0.0,""drained"":true,""runtime_s"":4.774851900001522}",True,False,[],[],True
w203-heterogeneous-slow,w203,TTFT5.2_TPOT1.2,5.2,1.2,Legacy-Remaining,-1,"[-2,-1]","[0,1]",4,65.47200000000001,0.0009765625,False,False,-0.9128709291752769,0.0,"{""-2"":0.064,""-1"":0.064,""0"":0.0538173706,""1"":0.0538173706,""2"":0.0538173706}","{""-2"":0.064,""-1"":0.064,""0"":65.536,""1"":65.536,""2"":27.554493735}",[],False,strict best-set mismatch,65.536,0.064,0.064,0.9990234375,0.9990234375,0.0,True,0.064,0.9990234375,"{""safe"":true,""max_ttft_s"":3.1039606512117404,""max_native_ttft_s"":3.321986680016157,""max_tpot_s"":0.22302602880461564,""violating_requests"":0,""request_count"":5,""violating_request_fraction"":0.0,""max_ttft_excess_s"":0.0,""max_tpot_excess_s"":0.0,""max_normalized_excess"":0.0,""drained"":true,""runtime_s"":4.774851900001522}",True,False,[],[],True
w203-heterogeneous-slow,w203,TTFT5.2_TPOT5,5.2,5.0,Raw-Full,0,"[-2,-1,0,1,2]","[-2,-1,0,1,2]",1,0.0,1.0,True,False,,0.0,"{""-2"":3.4443117169,""-1"":3.4443117169,""0"":3.4443117169,""1"":3.4443117169,""2"":3.4443117169}","{""-2"":65.536,""-1"":65.536,""0"":65.536,""1"":65.536,""2"":65.536}","[-2,-1,0,1,2]",False,agreement,65.536,65.536,3.4443117169,0.0,0.9474439740463256,0.9474439740463256,True,3.4443117169,0.9474439740463256,"{""safe"":true,""max_ttft_s"":3.0847126512120235,""max_native_ttft_s"":5.718238681993158,""max_tpot_s"":2.8363480470611533,""violating_requests"":0,""request_count"":5,""violating_request_fraction"":0.0,""max_ttft_excess_s"":0.0,""max_tpot_excess_s"":0.0,""max_normalized_excess"":0.0,""drained"":true,""runtime_s"":4.6303791999816895}",False,False,[],[],True
w203-heterogeneous-slow,w203,TTFT5.2_TPOT5,5.2,5.0,Raw-Remaining,0,"[-2,-1,0,1,2]","[-2,-1,0,1,2]",1,0.0,1.0,True,False,,0.0,"{""-2"":8.192,""-1"":8.192,""0"":8.192,""1"":8.192,""2"":8.192}","{""-2"":65.536,""-1"":65.536,""0"":65.536,""1"":65.536,""2"":65.536}","[-2,-1,0,1,2]",False,agreement,65.536,65.536,8.192,0.0,0.875,0.875,True,8.192,0.875,"{""safe"":true,""max_ttft_s"":3.0847126512120013,""max_native_ttft_s"":5.054249083507994,""max_tpot_s"":2.313659888776016,""violating_requests"":0,""request_count"":5,""violating_request_fraction"":0.0,""max_ttft_excess_s"":0.0,""max_tpot_excess_s"":0.0,""max_normalized_excess"":0.0,""drained"":true,""runtime_s"":5.173575399967376}",False,False,[],[],True
w203-heterogeneous-slow,w203,TTFT5.2_TPOT5,5.2,5.0,Legacy-Full,0,"[-2,-1,0,1,2]","[-2,-1,0,1,2]",1,0.0,1.0,True,False,,0.0,"{""-2"":3.4443117169,""-1"":3.4443117169,""0"":3.4443117169,""1"":3.4443117169,""2"":3.4443117169}","{""-2"":65.536,""-1"":65.536,""0"":65.536,""1"":65.536,""2"":65.536}","[-2,-1,0,1,2]",False,agreement,65.536,65.536,3.4443117169,0.0,0.9474439740463256,0.9474439740463256,True,3.4443117169,0.9474439740463256,"{""safe"":true,""max_ttft_s"":3.0847126512120235,""max_native_ttft_s"":5.718238681993158,""max_tpot_s"":2.8363480470611533,""violating_requests"":0,""request_count"":5,""violating_request_fraction"":0.0,""max_ttft_excess_s"":0.0,""max_tpot_excess_s"":0.0,""max_normalized_excess"":0.0,""drained"":true,""runtime_s"":4.6303791999816895}",False,False,[],[],True
w203-heterogeneous-slow,w203,TTFT5.2_TPOT5,5.2,5.0,Legacy-Remaining,0,"[-2,-1,0,1,2]","[-2,-1,0,1,2]",1,0.0,1.0,True,False,,0.0,"{""-2"":8.192,""-1"":8.192,""0"":8.192,""1"":8.192,""2"":8.192}","{""-2"":65.536,""-1"":65.536,""0"":65.536,""1"":65.536,""2"":65.536}","[-2,-1,0,1,2]",False,agreement,65.536,65.536,8.192,0.0,0.875,0.875,True,8.192,0.875,"{""safe"":true,""max_ttft_s"":3.0847126512120013,""max_native_ttft_s"":5.054249083507994,""max_tpot_s"":2.313659888776016,""violating_requests"":0,""request_count"":5,""violating_request_fraction"":0.0,""max_ttft_excess_s"":0.0,""max_tpot_excess_s"":0.0,""max_normalized_excess"":0.0,""drained"":true,""runtime_s"":5.173575399967376}",False,False,[],[],True
w203-heterogeneous-slow,w203,TTFT5.2_TPOT10,5.2,10.0,Raw-Full,0,"[-2,-1,0,1,2]","[-2,-1,0,1,2]",1,0.0,1.0,True,False,,0.0,"{""-2"":65.536,""-1"":65.536,""0"":65.536,""1"":65.536,""2"":65.536}","{""-2"":65.536,""-1"":65.536,""0"":65.536,""1"":65.536,""2"":65.536}","[-2,-1,0,1,2]",False,agreement,65.536,65.536,65.536,0.0,0.0,0.0,True,65.536,0.0,"{""safe"":true,""max_ttft_s"":3.5300855390579766,""max_native_ttft_s"":3.896296476559977,""max_tpot_s"":1.1557072818279988,""violating_requests"":0,""request_count"":5,""violating_request_fraction"":0.0,""max_ttft_excess_s"":0.0,""max_tpot_excess_s"":0.0,""max_normalized_excess"":0.0,""drained"":true,""runtime_s"":5.3050409000134096}",False,False,[],[],False
w203-heterogeneous-slow,w203,TTFT5.2_TPOT10,5.2,10.0,Raw-Remaining,0,"[-2,-1,0,1,2]","[-2,-1,0,1,2]",1,0.0,1.0,True,False,,0.0,"{""-2"":65.536,""-1"":65.536,""0"":65.536,""1"":65.536,""2"":65.536}","{""-2"":65.536,""-1"":65.536,""0"":65.536,""1"":65.536,""2"":65.536}","[-2,-1,0,1,2]",False,agreement,65.536,65.536,65.536,0.0,0.0,0.0,True,65.536,0.0,"{""safe"":true,""max_ttft_s"":3.5300855390579766,""max_native_ttft_s"":3.896296476559977,""max_tpot_s"":1.1557072818279988,""violating_requests"":0,""request_count"":5,""violating_request_fraction"":0.0,""max_ttft_excess_s"":0.0,""max_tpot_excess_s"":0.0,""max_normalized_excess"":0.0,""drained"":true,""runtime_s"":5.3050409000134096}",False,False,[],[],False
w203-heterogeneous-slow,w203,TTFT5.2_TPOT10,5.2,10.0,Legacy-Full,0,"[-2,-1,0,1,2]","[-2,-1,0,1,2]",1,0.0,1.0,True,False,,0.0,"{""-2"":65.536,""-1"":65.536,""0"":65.536,""1"":65.536,""2"":65.536}","{""-2"":65.536,""-1"":65.536,""0"":65.536,""1"":65.536,""2"":65.536}","[-2,-1,0,1,2]",False,agreement,65.536,65.536,65.536,0.0,0.0,0.0,True,65.536,0.0,"{""safe"":true,""max_ttft_s"":3.5300855390579766,""max_native_ttft_s"":3.896296476559977,""max_tpot_s"":1.1557072818279988,""violating_requests"":0,""request_count"":5,""violating_request_fraction"":0.0,""max_ttft_excess_s"":0.0,""max_tpot_excess_s"":0.0,""max_normalized_excess"":0.0,""drained"":true,""runtime_s"":5.3050409000134096}",False,False,[],[],False
w203-heterogeneous-slow,w203,TTFT5.2_TPOT10,5.2,10.0,Legacy-Remaining,0,"[-2,-1,0,1,2]","[-2,-1,0,1,2]",1,0.0,1.0,True,False,,0.0,"{""-2"":65.536,""-1"":65.536,""0"":65.536,""1"":65.536,""2"":65.536}","{""-2"":65.536,""-1"":65.536,""0"":65.536,""1"":65.536,""2"":65.536}","[-2,-1,0,1,2]",False,agreement,65.536,65.536,65.536,0.0,0.0,0.0,True,65.536,0.0,"{""safe"":true,""max_ttft_s"":3.5300855390579766,""max_native_ttft_s"":3.896296476559977,""max_tpot_s"":1.1557072818279988,""violating_requests"":0,""request_count"":5,""violating_request_fraction"":0.0,""max_ttft_excess_s"":0.0,""max_tpot_excess_s"":0.0,""max_normalized_excess"":0.0,""drained"":true,""runtime_s"":5.3050409000134096}",False,False,[],[],False
w204-heterogeneous-fast,w204,TTFT5.2_TPOT0.3,5.2,0.3,Raw-Full,-2,[-2],[-2],1,0.0,1.0,True,False,1.0,0.0012728287,"{""-2"":0.008,""-1"":0.0067271713,""0"":0.0067271713,""1"":0.0067271713,""2"":0.0067271713}","{""-2"":0.008,""-1"":0.0067271713,""0"":0.0067271713,""1"":0.0067271713,""2"":0.0067271713}",[-2],False,agreement,0.008,0.008,0.008,0.0,0.0,0.0,True,0.008,0.0,"{""safe"":true,""max_ttft_s"":4.2801273819158085,""max_native_ttft_s"":4.491478125936628,""max_tpot_s"":0.21635074402081955,""violating_requests"":0,""request_count"":44,""violating_request_fraction"":0.0,""max_ttft_excess_s"":0.0,""max_tpot_excess_s"":0.0,""max_normalized_excess"":0.0,""drained"":true,""runtime_s"":32.363856700016186}",False,False,[],[],True
w204-heterogeneous-fast,w204,TTFT5.2_TPOT0.3,5.2,0.3,Raw-Remaining,-2,[-2],[-2],1,0.0,1.0,True,False,1.0,0.0012728287,"{""-2"":0.008,""-1"":0.0067271713,""0"":0.0067271713,""1"":0.0067271713,""2"":0.0067271713}","{""-2"":0.008,""-1"":0.0067271713,""0"":0.0067271713,""1"":0.0067271713,""2"":0.0067271713}",[-2],False,agreement,0.008,0.008,0.008,0.0,0.0,0.0,True,0.008,0.0,"{""safe"":true,""max_ttft_s"":4.2801273819158085,""max_native_ttft_s"":4.491478125936628,""max_tpot_s"":0.21635074402081955,""violating_requests"":0,""request_count"":44,""violating_request_fraction"":0.0,""max_ttft_excess_s"":0.0,""max_tpot_excess_s"":0.0,""max_normalized_excess"":0.0,""drained"":true,""runtime_s"":32.363856700016186}",False,False,[],[],True
w204-heterogeneous-fast,w204,TTFT5.2_TPOT0.3,5.2,0.3,Legacy-Full,-2,[-2],[-2],1,0.0,1.0,True,False,1.0,0.0012728287,"{""-2"":0.008,""-1"":0.0067271713,""0"":0.0067271713,""1"":0.0067271713,""2"":0.0067271713}","{""-2"":0.008,""-1"":0.0067271713,""0"":0.0067271713,""1"":0.0067271713,""2"":0.0067271713}",[-2],False,agreement,0.008,0.008,0.008,0.0,0.0,0.0,True,0.008,0.0,"{""safe"":true,""max_ttft_s"":4.2801273819158085,""max_native_ttft_s"":4.491478125936628,""max_tpot_s"":0.21635074402081955,""violating_requests"":0,""request_count"":44,""violating_request_fraction"":0.0,""max_ttft_excess_s"":0.0,""max_tpot_excess_s"":0.0,""max_normalized_excess"":0.0,""drained"":true,""runtime_s"":32.363856700016186}",False,False,[],[],True
w204-heterogeneous-fast,w204,TTFT5.2_TPOT0.3,5.2,0.3,Legacy-Remaining,-2,[-2],[-2],1,0.0,1.0,True,False,1.0,0.0012728287,"{""-2"":0.008,""-1"":0.0067271713,""0"":0.0067271713,""1"":0.0067271713,""2"":0.0067271713}","{""-2"":0.008,""-1"":0.0067271713,""0"":0.0067271713,""1"":0.0067271713,""2"":0.0067271713}",[-2],False,agreement,0.008,0.008,0.008,0.0,0.0,0.0,True,0.008,0.0,"{""safe"":true,""max_ttft_s"":4.2801273819158085,""max_native_ttft_s"":4.491478125936628,""max_tpot_s"":0.21635074402081955,""violating_requests"":0,""request_count"":44,""violating_request_fraction"":0.0,""max_ttft_excess_s"":0.0,""max_tpot_excess_s"":0.0,""max_normalized_excess"":0.0,""drained"":true,""runtime_s"":32.363856700016186}",False,False,[],[],True
w204-heterogeneous-fast,w204,TTFT5.2_TPOT1.2,5.2,1.2,Raw-Full,-2,[-2],[-2],1,0.0,1.0,True,False,1.0,0.0012728287,"{""-2"":0.008,""-1"":0.0067271713,""0"":0.0067271713,""1"":0.0067271713,""2"":0.0067271713}","{""-2"":0.008,""-1"":0.0067271713,""0"":0.0067271713,""1"":0.0067271713,""2"":0.0067271713}",[-2],False,agreement,0.008,0.008,0.008,0.0,0.0,0.0,True,0.008,0.0,"{""safe"":true,""max_ttft_s"":4.2801273819158085,""max_native_ttft_s"":4.491478125936628,""max_tpot_s"":0.21635074402081955,""violating_requests"":0,""request_count"":44,""violating_request_fraction"":0.0,""max_ttft_excess_s"":0.0,""max_tpot_excess_s"":0.0,""max_normalized_excess"":0.0,""drained"":true,""runtime_s"":32.363856700016186}",False,False,[],[],True
w204-heterogeneous-fast,w204,TTFT5.2_TPOT1.2,5.2,1.2,Raw-Remaining,-2,[-2],[-2],1,0.0,1.0,True,False,1.0,0.0012728287,"{""-2"":0.008,""-1"":0.0067271713,""0"":0.0067271713,""1"":0.0067271713,""2"":0.0067271713}","{""-2"":0.008,""-1"":0.0067271713,""0"":0.0067271713,""1"":0.0067271713,""2"":0.0067271713}",[-2],False,agreement,0.008,0.008,0.008,0.0,0.0,0.0,True,0.008,0.0,"{""safe"":true,""max_ttft_s"":4.2801273819158085,""max_native_ttft_s"":4.491478125936628,""max_tpot_s"":0.21635074402081955,""violating_requests"":0,""request_count"":44,""violating_request_fraction"":0.0,""max_ttft_excess_s"":0.0,""max_tpot_excess_s"":0.0,""max_normalized_excess"":0.0,""drained"":true,""runtime_s"":32.363856700016186}",False,False,[],[],True
w204-heterogeneous-fast,w204,TTFT5.2_TPOT1.2,5.2,1.2,Legacy-Full,-2,[-2],[-2],1,0.0,1.0,True,False,1.0,0.0012728287,"{""-2"":0.008,""-1"":0.0067271713,""0"":0.0067271713,""1"":0.0067271713,""2"":0.0067271713}","{""-2"":0.008,""-1"":0.0067271713,""0"":0.0067271713,""1"":0.0067271713,""2"":0.0067271713}",[-2],False,agreement,0.008,0.008,0.008,0.0,0.0,0.0,True,0.008,0.0,"{""safe"":true,""max_ttft_s"":4.2801273819158085,""max_native_ttft_s"":4.491478125936628,""max_tpot_s"":0.21635074402081955,""violating_requests"":0,""request_count"":44,""violating_request_fraction"":0.0,""max_ttft_excess_s"":0.0,""max_tpot_excess_s"":0.0,""max_normalized_excess"":0.0,""drained"":true,""runtime_s"":32.363856700016186}",False,False,[],[],True
w204-heterogeneous-fast,w204,TTFT5.2_TPOT1.2,5.2,1.2,Legacy-Remaining,-2,[-2],[-2],1,0.0,1.0,True,False,1.0,0.0012728287,"{""-2"":0.008,""-1"":0.0067271713,""0"":0.0067271713,""1"":0.0067271713,""2"":0.0067271713}","{""-2"":0.008,""-1"":0.0067271713,""0"":0.0067271713,""1"":0.0067271713,""2"":0.0067271713}",[-2],False,agreement,0.008,0.008,0.008,0.0,0.0,0.0,True,0.008,0.0,"{""safe"":true,""max_ttft_s"":4.2801273819158085,""max_native_ttft_s"":4.491478125936628,""max_tpot_s"":0.21635074402081955,""violating_requests"":0,""request_count"":44,""violating_request_fraction"":0.0,""max_ttft_excess_s"":0.0,""max_tpot_excess_s"":0.0,""max_normalized_excess"":0.0,""drained"":true,""runtime_s"":32.363856700016186}",False,False,[],[],True
w204-heterogeneous-fast,w204,TTFT5.2_TPOT5,5.2,5.0,Raw-Full,0,"[-2,-1,0,1,2]","[-1,0,1,2]",1,0.0,1.0,True,False,,0.0,"{""-2"":0.3044370215,""-1"":0.3044370215,""0"":0.3044370215,""1"":0.3044370215,""2"":0.3044370215}","{""-2"":5.7926187515,""-1"":8.192,""0"":8.192,""1"":8.192,""2"":8.192}","[-1,0,1,2]",False,agreement,8.192,8.192,0.3044370215,0.0,0.9628372776489258,0.9628372776489258,True,0.3044370215,0.9628372776489258,"{""safe"":true,""max_ttft_s"":4.284585755635253,""max_native_ttft_s"":5.246805218814591,""max_tpot_s"":4.287909968001888,""violating_requests"":0,""request_count"":44,""violating_request_fraction"":0.0,""max_ttft_excess_s"":0.0,""max_tpot_excess_s"":0.0,""max_normalized_excess"":0.0,""drained"":true,""runtime_s"":29.930622200015932}",False,False,[],[],True
w204-heterogeneous-fast,w204,TTFT5.2_TPOT5,5.2,5.0,Raw-Remaining,0,"[-2,-1,0,1,2]","[-1,0,1,2]",1,0.0,1.0,True,False,,0.0,"{""-2"":0.7240773439,""-1"":0.7240773439,""0"":0.7240773439,""1"":0.7240773439,""2"":0.7240773439}","{""-2"":5.7926187515,""-1"":8.192,""0"":8.192,""1"":8.192,""2"":8.192}","[-1,0,1,2]",False,agreement,8.192,8.192,0.7240773439,0.0,0.911611652355957,0.911611652355957,True,0.7240773439,0.911611652355957,"{""safe"":true,""max_ttft_s"":4.2648950869130475,""max_native_ttft_s"":6.391768683407041,""max_tpot_s"":4.277423942399769,""violating_requests"":0,""request_count"":44,""violating_request_fraction"":0.0,""max_ttft_excess_s"":0.0,""max_tpot_excess_s"":0.0,""max_normalized_excess"":0.0,""drained"":true,""runtime_s"":23.933203499997035}",False,False,[],[],True
w204-heterogeneous-fast,w204,TTFT5.2_TPOT5,5.2,5.0,Legacy-Full,0,"[-2,-1,0,1,2]","[-1,0,1,2]",1,0.0,1.0,True,False,,0.0,"{""-2"":0.3044370215,""-1"":0.3044370215,""0"":0.3044370215,""1"":0.3044370215,""2"":0.3044370215}","{""-2"":5.7926187515,""-1"":8.192,""0"":8.192,""1"":8.192,""2"":8.192}","[-1,0,1,2]",False,agreement,8.192,8.192,0.3044370215,0.0,0.9628372776489258,0.9628372776489258,True,0.3044370215,0.9628372776489258,"{""safe"":true,""max_ttft_s"":4.284585755635253,""max_native_ttft_s"":5.246805218814591,""max_tpot_s"":4.287909968001888,""violating_requests"":0,""request_count"":44,""violating_request_fraction"":0.0,""max_ttft_excess_s"":0.0,""max_tpot_excess_s"":0.0,""max_normalized_excess"":0.0,""drained"":true,""runtime_s"":29.930622200015932}",False,False,[],[],True
w204-heterogeneous-fast,w204,TTFT5.2_TPOT5,5.2,5.0,Legacy-Remaining,0,"[-2,-1,0,1,2]","[-1,0,1,2]",1,0.0,1.0,True,False,,0.0,"{""-2"":0.7240773439,""-1"":0.7240773439,""0"":0.7240773439,""1"":0.7240773439,""2"":0.7240773439}","{""-2"":5.7926187515,""-1"":8.192,""0"":8.192,""1"":8.192,""2"":8.192}","[-1,0,1,2]",False,agreement,8.192,8.192,0.7240773439,0.0,0.911611652355957,0.911611652355957,True,0.7240773439,0.911611652355957,"{""safe"":true,""max_ttft_s"":4.2648950869130475,""max_native_ttft_s"":6.391768683407041,""max_tpot_s"":4.277423942399769,""violating_requests"":0,""request_count"":44,""violating_request_fraction"":0.0,""max_ttft_excess_s"":0.0,""max_tpot_excess_s"":0.0,""max_normalized_excess"":0.0,""drained"":true,""runtime_s"":23.933203499997035}",False,False,[],[],True
w204-heterogeneous-fast,w204,TTFT5.2_TPOT10,5.2,10.0,Raw-Full,0,"[-2,-1,0,1,2]","[-1,0,1,2]",1,0.0,1.0,True,False,,0.0,"{""-2"":1.4481546879,""-1"":1.4481546879,""0"":1.4481546879,""1"":1.4481546879,""2"":1.4481546879}","{""-2"":5.7926187515,""-1"":8.192,""0"":8.192,""1"":8.192,""2"":8.192}","[-1,0,1,2]",False,agreement,8.192,8.192,1.4481546879,0.0,0.8232233046997071,0.8232233046997071,True,1.4481546879,0.8232233046997071,"{""safe"":true,""max_ttft_s"":4.227649584050231,""max_native_ttft_s"":5.0550563733319125,""max_tpot_s"":4.245880476803554,""violating_requests"":0,""request_count"":44,""violating_request_fraction"":0.0,""max_ttft_excess_s"":0.0,""max_tpot_excess_s"":0.0,""max_normalized_excess"":0.0,""drained"":true,""runtime_s"":21.497840200026985}",False,False,[],[],True
w204-heterogeneous-fast,w204,TTFT5.2_TPOT10,5.2,10.0,Raw-Remaining,0,"[-1,0,1,2]","[-1,0,1,2]",1,0.0,1.0,True,False,1.0,0.0,"{""-2"":2.8963093757,""-1"":4.096,""0"":4.096,""1"":4.096,""2"":4.096}","{""-2"":5.7926187515,""-1"":8.192,""0"":8.192,""1"":8.192,""2"":8.192}","[-1,0,1,2]",False,agreement,8.192,8.192,4.096,0.0,0.5,0.5,True,4.096,0.5,"{""safe"":true,""max_ttft_s"":4.220799381932761,""max_native_ttft_s"":7.4326222241047235,""max_tpot_s"":4.4424507465336704,""violating_requests"":0,""request_count"":44,""violating_request_fraction"":0.0,""max_ttft_excess_s"":0.0,""max_tpot_excess_s"":0.0,""max_normalized_excess"":0.0,""drained"":true,""runtime_s"":21.817906100011896}",False,False,[],[],True
w204-heterogeneous-fast,w204,TTFT5.2_TPOT10,5.2,10.0,Legacy-Full,0,"[-2,-1,0,1,2]","[-1,0,1,2]",1,0.0,1.0,True,False,,0.0,"{""-2"":1.4481546879,""-1"":1.4481546879,""0"":1.4481546879,""1"":1.4481546879,""2"":1.4481546879}","{""-2"":5.7926187515,""-1"":8.192,""0"":8.192,""1"":8.192,""2"":8.192}","[-1,0,1,2]",False,agreement,8.192,8.192,1.4481546879,0.0,0.8232233046997071,0.8232233046997071,True,1.4481546879,0.8232233046997071,"{""safe"":true,""max_ttft_s"":4.227649584050231,""max_native_ttft_s"":5.0550563733319125,""max_tpot_s"":4.245880476803554,""violating_requests"":0,""request_count"":44,""violating_request_fraction"":0.0,""max_ttft_excess_s"":0.0,""max_tpot_excess_s"":0.0,""max_normalized_excess"":0.0,""drained"":true,""runtime_s"":21.497840200026985}",False,False,[],[],True
w204-heterogeneous-fast,w204,TTFT5.2_TPOT10,5.2,10.0,Legacy-Remaining,0,"[-1,0,1,2]","[-1,0,1,2]",1,0.0,1.0,True,False,1.0,0.0,"{""-2"":2.8963093757,""-1"":4.096,""0"":4.096,""1"":4.096,""2"":4.096}","{""-2"":5.7926187515,""-1"":8.192,""0"":8.192,""1"":8.192,""2"":8.192}","[-1,0,1,2]",False,agreement,8.192,8.192,4.096,0.0,0.5,0.5,True,4.096,0.5,"{""safe"":true,""max_ttft_s"":4.220799381932761,""max_native_ttft_s"":7.4326222241047235,""max_tpot_s"":4.4424507465336704,""violating_requests"":0,""request_count"":44,""violating_request_fraction"":0.0,""max_ttft_excess_s"":0.0,""max_tpot_excess_s"":0.0,""max_normalized_excess"":0.0,""drained"":true,""runtime_s"":21.817906100011896}",False,False,[],[],True
