group,workload,sla,ttft_s,tpot_s,variant,both_safe,both_unsafe,optimistic,conservative,paired_denominator,missing
h101-o60-d30-heterogeneous-fast,h101-o60-d30,TTFT5.2_TPOT0.3,5.2,0.3,Raw-Full,39,336,0,0,375,0
h101-o60-d30-heterogeneous-fast,h101-o60-d30,TTFT5.2_TPOT0.3,5.2,0.3,Raw-Remaining,39,336,0,0,375,0
h101-o60-d30-heterogeneous-fast,h101-o60-d30,TTFT5.2_TPOT0.3,5.2,0.3,Legacy-Full,34,336,0,5,375,0
h101-o60-d30-heterogeneous-fast,h101-o60-d30,TTFT5.2_TPOT0.3,5.2,0.3,Legacy-Remaining,34,336,0,5,375,0
h101-o60-d30-heterogeneous-fast,h101-o60-d30,TTFT5.2_TPOT0.6,5.2,0.6,Raw-Full,39,336,0,0,375,0
h101-o60-d30-heterogeneous-fast,h101-o60-d30,TTFT5.2_TPOT0.6,5.2,0.6,Raw-Remaining,39,336,0,0,375,0
h101-o60-d30-heterogeneous-fast,h101-o60-d30,TTFT5.2_TPOT0.6,5.2,0.6,Legacy-Full,34,336,0,5,375,0
h101-o60-d30-heterogeneous-fast,h101-o60-d30,TTFT5.2_TPOT0.6,5.2,0.6,Legacy-Remaining,34,336,0,5,375,0
h101-o60-d30-heterogeneous-fast,h101-o60-d30,TTFT5.2_TPOT1.2,5.2,1.2,Raw-Full,39,336,0,0,375,0
h101-o60-d30-heterogeneous-fast,h101-o60-d30,TTFT5.2_TPOT1.2,5.2,1.2,Raw-Remaining,39,336,0,0,375,0
h101-o60-d30-heterogeneous-fast,h101-o60-d30,TTFT5.2_TPOT1.2,5.2,1.2,Legacy-Full,34,336,0,5,375,0
h101-o60-d30-heterogeneous-fast,h101-o60-d30,TTFT5.2_TPOT1.2,5.2,1.2,Legacy-Remaining,34,336,0,5,375,0
h101-o60-d30-heterogeneous-fast,h101-o60-d30,TTFT5.2_TPOT2.4,5.2,2.4,Raw-Full,39,258,0,78,375,0
h101-o60-d30-heterogeneous-fast,h101-o60-d30,TTFT5.2_TPOT2.4,5.2,2.4,Raw-Remaining,39,258,0,78,375,0
h101-o60-d30-heterogeneous-fast,h101-o60-d30,TTFT5.2_TPOT2.4,5.2,2.4,Legacy-Full,34,258,0,83,375,0
h101-o60-d30-heterogeneous-fast,h101-o60-d30,TTFT5.2_TPOT2.4,5.2,2.4,Legacy-Remaining,34,258,0,83,375,0
h101-o60-d30-heterogeneous-fast,h101-o60-d30,TTFT5.2_TPOT5,5.2,5.0,Raw-Full,165,48,0,162,375,0
h101-o60-d30-heterogeneous-fast,h101-o60-d30,TTFT5.2_TPOT5,5.2,5.0,Raw-Remaining,175,48,0,152,375,0
h101-o60-d30-heterogeneous-fast,h101-o60-d30,TTFT5.2_TPOT5,5.2,5.0,Legacy-Full,165,48,0,162,375,0
h101-o60-d30-heterogeneous-fast,h101-o60-d30,TTFT5.2_TPOT5,5.2,5.0,Legacy-Remaining,175,48,0,152,375,0
h101-o60-d30-heterogeneous-fast,h101-o60-d30,TTFT5.2_TPOT10,5.2,10.0,Raw-Full,213,48,0,114,375,0
h101-o60-d30-heterogeneous-fast,h101-o60-d30,TTFT5.2_TPOT10,5.2,10.0,Raw-Remaining,268,48,0,59,375,0
h101-o60-d30-heterogeneous-fast,h101-o60-d30,TTFT5.2_TPOT10,5.2,10.0,Legacy-Full,210,48,0,117,375,0
h101-o60-d30-heterogeneous-fast,h101-o60-d30,TTFT5.2_TPOT10,5.2,10.0,Legacy-Remaining,268,48,0,59,375,0
h101-o60-d30-heterogeneous-fast,h101-o60-d30,TTFT4.68_TPOT1.2,4.68,1.2,Raw-Full,39,336,0,0,375,0
h101-o60-d30-heterogeneous-fast,h101-o60-d30,TTFT4.68_TPOT1.2,4.68,1.2,Raw-Remaining,39,336,0,0,375,0
h101-o60-d30-heterogeneous-fast,h101-o60-d30,TTFT4.68_TPOT1.2,4.68,1.2,Legacy-Full,34,336,0,5,375,0
h101-o60-d30-heterogeneous-fast,h101-o60-d30,TTFT4.68_TPOT1.2,4.68,1.2,Legacy-Remaining,34,336,0,5,375,0
h101-o60-d30-heterogeneous-fast,h101-o60-d30,TTFT4.68_TPOT10,4.68,10.0,Raw-Full,213,99,0,63,375,0
h101-o60-d30-heterogeneous-fast,h101-o60-d30,TTFT4.68_TPOT10,4.68,10.0,Raw-Remaining,267,98,1,9,375,0
h101-o60-d30-heterogeneous-fast,h101-o60-d30,TTFT4.68_TPOT10,4.68,10.0,Legacy-Full,210,99,0,66,375,0
h101-o60-d30-heterogeneous-fast,h101-o60-d30,TTFT4.68_TPOT10,4.68,10.0,Legacy-Remaining,267,98,1,9,375,0
h102-o300-d120-heterogeneous-slow,h102-o300-d120,TTFT5.2_TPOT0.3,5.2,0.3,Raw-Full,43,342,0,0,385,0
h102-o300-d120-heterogeneous-slow,h102-o300-d120,TTFT5.2_TPOT0.3,5.2,0.3,Raw-Remaining,43,342,0,0,385,0
h102-o300-d120-heterogeneous-slow,h102-o300-d120,TTFT5.2_TPOT0.3,5.2,0.3,Legacy-Full,38,342,0,5,385,0
h102-o300-d120-heterogeneous-slow,h102-o300-d120,TTFT5.2_TPOT0.3,5.2,0.3,Legacy-Remaining,38,342,0,5,385,0
h102-o300-d120-heterogeneous-slow,h102-o300-d120,TTFT5.2_TPOT0.6,5.2,0.6,Raw-Full,43,292,0,50,385,0
h102-o300-d120-heterogeneous-slow,h102-o300-d120,TTFT5.2_TPOT0.6,5.2,0.6,Raw-Remaining,43,292,0,50,385,0
h102-o300-d120-heterogeneous-slow,h102-o300-d120,TTFT5.2_TPOT0.6,5.2,0.6,Legacy-Full,38,292,0,55,385,0
h102-o300-d120-heterogeneous-slow,h102-o300-d120,TTFT5.2_TPOT0.6,5.2,0.6,Legacy-Remaining,38,292,0,55,385,0
h102-o300-d120-heterogeneous-slow,h102-o300-d120,TTFT5.2_TPOT1.2,5.2,1.2,Raw-Full,101,283,1,0,385,0
h102-o300-d120-heterogeneous-slow,h102-o300-d120,TTFT5.2_TPOT1.2,5.2,1.2,Raw-Remaining,101,283,1,0,385,0
h102-o300-d120-heterogeneous-slow,h102-o300-d120,TTFT5.2_TPOT1.2,5.2,1.2,Legacy-Full,98,284,0,3,385,0
h102-o300-d120-heterogeneous-slow,h102-o300-d120,TTFT5.2_TPOT1.2,5.2,1.2,Legacy-Remaining,98,284,0,3,385,0
h102-o300-d120-heterogeneous-slow,h102-o300-d120,TTFT5.2_TPOT2.4,5.2,2.4,Raw-Full,101,283,1,0,385,0
h102-o300-d120-heterogeneous-slow,h102-o300-d120,TTFT5.2_TPOT2.4,5.2,2.4,Raw-Remaining,101,283,1,0,385,0
h102-o300-d120-heterogeneous-slow,h102-o300-d120,TTFT5.2_TPOT2.4,5.2,2.4,Legacy-Full,98,284,0,3,385,0
h102-o300-d120-heterogeneous-slow,h102-o300-d120,TTFT5.2_TPOT2.4,5.2,2.4,Legacy-Remaining,98,284,0,3,385,0
h102-o300-d120-heterogeneous-slow,h102-o300-d120,TTFT5.2_TPOT5,5.2,5.0,Raw-Full,135,101,0,149,385,0
h102-o300-d120-heterogeneous-slow,h102-o300-d120,TTFT5.2_TPOT5,5.2,5.0,Raw-Remaining,145,101,0,139,385,0
h102-o300-d120-heterogeneous-slow,h102-o300-d120,TTFT5.2_TPOT5,5.2,5.0,Legacy-Full,135,101,0,149,385,0
h102-o300-d120-heterogeneous-slow,h102-o300-d120,TTFT5.2_TPOT5,5.2,5.0,Legacy-Remaining,145,101,0,139,385,0
h102-o300-d120-heterogeneous-slow,h102-o300-d120,TTFT5.2_TPOT10,5.2,10.0,Raw-Full,196,54,0,135,385,0
h102-o300-d120-heterogeneous-slow,h102-o300-d120,TTFT5.2_TPOT10,5.2,10.0,Raw-Remaining,210,54,0,121,385,0
h102-o300-d120-heterogeneous-slow,h102-o300-d120,TTFT5.2_TPOT10,5.2,10.0,Legacy-Full,194,54,0,137,385,0
h102-o300-d120-heterogeneous-slow,h102-o300-d120,TTFT5.2_TPOT10,5.2,10.0,Legacy-Remaining,210,54,0,121,385,0
h102-o300-d120-heterogeneous-slow,h102-o300-d120,TTFT4.68_TPOT1.2,4.68,1.2,Raw-Full,0,385,0,0,385,0
h102-o300-d120-heterogeneous-slow,h102-o300-d120,TTFT4.68_TPOT1.2,4.68,1.2,Raw-Remaining,0,385,0,0,385,0
h102-o300-d120-heterogeneous-slow,h102-o300-d120,TTFT4.68_TPOT1.2,4.68,1.2,Legacy-Full,0,385,0,0,385,0
h102-o300-d120-heterogeneous-slow,h102-o300-d120,TTFT4.68_TPOT1.2,4.68,1.2,Legacy-Remaining,0,385,0,0,385,0
h102-o300-d120-heterogeneous-slow,h102-o300-d120,TTFT4.68_TPOT10,4.68,10.0,Raw-Full,0,385,0,0,385,0
h102-o300-d120-heterogeneous-slow,h102-o300-d120,TTFT4.68_TPOT10,4.68,10.0,Raw-Remaining,0,385,0,0,385,0
h102-o300-d120-heterogeneous-slow,h102-o300-d120,TTFT4.68_TPOT10,4.68,10.0,Legacy-Full,0,385,0,0,385,0
h102-o300-d120-heterogeneous-slow,h102-o300-d120,TTFT4.68_TPOT10,4.68,10.0,Legacy-Remaining,0,385,0,0,385,0
h103-o500-d30-heterogeneous-slow,h103-o500-d30,TTFT5.2_TPOT0.3,5.2,0.3,Raw-Full,41,308,1,0,350,0
h103-o500-d30-heterogeneous-slow,h103-o500-d30,TTFT5.2_TPOT0.3,5.2,0.3,Raw-Remaining,41,308,1,0,350,0
h103-o500-d30-heterogeneous-slow,h103-o500-d30,TTFT5.2_TPOT0.3,5.2,0.3,Legacy-Full,37,309,0,4,350,0
h103-o500-d30-heterogeneous-slow,h103-o500-d30,TTFT5.2_TPOT0.3,5.2,0.3,Legacy-Remaining,37,309,0,4,350,0
h103-o500-d30-heterogeneous-slow,h103-o500-d30,TTFT5.2_TPOT0.6,5.2,0.6,Raw-Full,41,308,1,0,350,0
h103-o500-d30-heterogeneous-slow,h103-o500-d30,TTFT5.2_TPOT0.6,5.2,0.6,Raw-Remaining,41,308,1,0,350,0
h103-o500-d30-heterogeneous-slow,h103-o500-d30,TTFT5.2_TPOT0.6,5.2,0.6,Legacy-Full,37,309,0,4,350,0
h103-o500-d30-heterogeneous-slow,h103-o500-d30,TTFT5.2_TPOT0.6,5.2,0.6,Legacy-Remaining,37,309,0,4,350,0
h103-o500-d30-heterogeneous-slow,h103-o500-d30,TTFT5.2_TPOT1.2,5.2,1.2,Raw-Full,41,308,1,0,350,0
h103-o500-d30-heterogeneous-slow,h103-o500-d30,TTFT5.2_TPOT1.2,5.2,1.2,Raw-Remaining,41,308,1,0,350,0
h103-o500-d30-heterogeneous-slow,h103-o500-d30,TTFT5.2_TPOT1.2,5.2,1.2,Legacy-Full,37,309,0,4,350,0
h103-o500-d30-heterogeneous-slow,h103-o500-d30,TTFT5.2_TPOT1.2,5.2,1.2,Legacy-Remaining,37,309,0,4,350,0
h103-o500-d30-heterogeneous-slow,h103-o500-d30,TTFT5.2_TPOT2.4,5.2,2.4,Raw-Full,41,308,1,0,350,0
h103-o500-d30-heterogeneous-slow,h103-o500-d30,TTFT5.2_TPOT2.4,5.2,2.4,Raw-Remaining,41,308,1,0,350,0
h103-o500-d30-heterogeneous-slow,h103-o500-d30,TTFT5.2_TPOT2.4,5.2,2.4,Legacy-Full,37,309,0,4,350,0
h103-o500-d30-heterogeneous-slow,h103-o500-d30,TTFT5.2_TPOT2.4,5.2,2.4,Legacy-Remaining,37,309,0,4,350,0
h103-o500-d30-heterogeneous-slow,h103-o500-d30,TTFT5.2_TPOT5,5.2,5.0,Raw-Full,117,53,0,180,350,0
h103-o500-d30-heterogeneous-slow,h103-o500-d30,TTFT5.2_TPOT5,5.2,5.0,Raw-Remaining,141,53,0,156,350,0
h103-o500-d30-heterogeneous-slow,h103-o500-d30,TTFT5.2_TPOT5,5.2,5.0,Legacy-Full,116,53,0,181,350,0
h103-o500-d30-heterogeneous-slow,h103-o500-d30,TTFT5.2_TPOT5,5.2,5.0,Legacy-Remaining,141,53,0,156,350,0
h103-o500-d30-heterogeneous-slow,h103-o500-d30,TTFT5.2_TPOT10,5.2,10.0,Raw-Full,195,53,0,102,350,0
h103-o500-d30-heterogeneous-slow,h103-o500-d30,TTFT5.2_TPOT10,5.2,10.0,Raw-Remaining,195,53,0,102,350,0
h103-o500-d30-heterogeneous-slow,h103-o500-d30,TTFT5.2_TPOT10,5.2,10.0,Legacy-Full,195,53,0,102,350,0
h103-o500-d30-heterogeneous-slow,h103-o500-d30,TTFT5.2_TPOT10,5.2,10.0,Legacy-Remaining,195,53,0,102,350,0
h103-o500-d30-heterogeneous-slow,h103-o500-d30,TTFT4.68_TPOT1.2,4.68,1.2,Raw-Full,41,308,1,0,350,0
h103-o500-d30-heterogeneous-slow,h103-o500-d30,TTFT4.68_TPOT1.2,4.68,1.2,Raw-Remaining,41,308,1,0,350,0
h103-o500-d30-heterogeneous-slow,h103-o500-d30,TTFT4.68_TPOT1.2,4.68,1.2,Legacy-Full,37,309,0,4,350,0
h103-o500-d30-heterogeneous-slow,h103-o500-d30,TTFT4.68_TPOT1.2,4.68,1.2,Legacy-Remaining,37,309,0,4,350,0
h103-o500-d30-heterogeneous-slow,h103-o500-d30,TTFT4.68_TPOT10,4.68,10.0,Raw-Full,136,98,0,116,350,0
h103-o500-d30-heterogeneous-slow,h103-o500-d30,TTFT4.68_TPOT10,4.68,10.0,Raw-Remaining,136,98,0,116,350,0
h103-o500-d30-heterogeneous-slow,h103-o500-d30,TTFT4.68_TPOT10,4.68,10.0,Legacy-Full,135,98,0,117,350,0
h103-o500-d30-heterogeneous-slow,h103-o500-d30,TTFT4.68_TPOT10,4.68,10.0,Legacy-Remaining,135,98,0,117,350,0
h104-o700-d120-heterogeneous-fast,h104-o700-d120,TTFT5.2_TPOT0.3,5.2,0.3,Raw-Full,36,224,0,0,260,0
h104-o700-d120-heterogeneous-fast,h104-o700-d120,TTFT5.2_TPOT0.3,5.2,0.3,Raw-Remaining,36,224,0,0,260,0
h104-o700-d120-heterogeneous-fast,h104-o700-d120,TTFT5.2_TPOT0.3,5.2,0.3,Legacy-Full,31,224,0,5,260,0
h104-o700-d120-heterogeneous-fast,h104-o700-d120,TTFT5.2_TPOT0.3,5.2,0.3,Legacy-Remaining,31,224,0,5,260,0
h104-o700-d120-heterogeneous-fast,h104-o700-d120,TTFT5.2_TPOT0.6,5.2,0.6,Raw-Full,36,224,0,0,260,0
h104-o700-d120-heterogeneous-fast,h104-o700-d120,TTFT5.2_TPOT0.6,5.2,0.6,Raw-Remaining,36,224,0,0,260,0
h104-o700-d120-heterogeneous-fast,h104-o700-d120,TTFT5.2_TPOT0.6,5.2,0.6,Legacy-Full,31,224,0,5,260,0
h104-o700-d120-heterogeneous-fast,h104-o700-d120,TTFT5.2_TPOT0.6,5.2,0.6,Legacy-Remaining,31,224,0,5,260,0
h104-o700-d120-heterogeneous-fast,h104-o700-d120,TTFT5.2_TPOT1.2,5.2,1.2,Raw-Full,36,224,0,0,260,0
h104-o700-d120-heterogeneous-fast,h104-o700-d120,TTFT5.2_TPOT1.2,5.2,1.2,Raw-Remaining,36,224,0,0,260,0
h104-o700-d120-heterogeneous-fast,h104-o700-d120,TTFT5.2_TPOT1.2,5.2,1.2,Legacy-Full,31,224,0,5,260,0
h104-o700-d120-heterogeneous-fast,h104-o700-d120,TTFT5.2_TPOT1.2,5.2,1.2,Legacy-Remaining,31,224,0,5,260,0
h104-o700-d120-heterogeneous-fast,h104-o700-d120,TTFT5.2_TPOT2.4,5.2,2.4,Raw-Full,36,224,0,0,260,0
h104-o700-d120-heterogeneous-fast,h104-o700-d120,TTFT5.2_TPOT2.4,5.2,2.4,Raw-Remaining,36,224,0,0,260,0
h104-o700-d120-heterogeneous-fast,h104-o700-d120,TTFT5.2_TPOT2.4,5.2,2.4,Legacy-Full,31,224,0,5,260,0
h104-o700-d120-heterogeneous-fast,h104-o700-d120,TTFT5.2_TPOT2.4,5.2,2.4,Legacy-Remaining,31,224,0,5,260,0
h104-o700-d120-heterogeneous-fast,h104-o700-d120,TTFT5.2_TPOT5,5.2,5.0,Raw-Full,92,40,0,128,260,0
h104-o700-d120-heterogeneous-fast,h104-o700-d120,TTFT5.2_TPOT5,5.2,5.0,Raw-Remaining,110,40,0,110,260,0
h104-o700-d120-heterogeneous-fast,h104-o700-d120,TTFT5.2_TPOT5,5.2,5.0,Legacy-Full,92,40,0,128,260,0
h104-o700-d120-heterogeneous-fast,h104-o700-d120,TTFT5.2_TPOT5,5.2,5.0,Legacy-Remaining,110,40,0,110,260,0
h104-o700-d120-heterogeneous-fast,h104-o700-d120,TTFT5.2_TPOT10,5.2,10.0,Raw-Full,130,40,0,90,260,0
h104-o700-d120-heterogeneous-fast,h104-o700-d120,TTFT5.2_TPOT10,5.2,10.0,Raw-Remaining,160,40,0,60,260,0
h104-o700-d120-heterogeneous-fast,h104-o700-d120,TTFT5.2_TPOT10,5.2,10.0,Legacy-Full,128,40,0,92,260,0
h104-o700-d120-heterogeneous-fast,h104-o700-d120,TTFT5.2_TPOT10,5.2,10.0,Legacy-Remaining,160,40,0,60,260,0
h104-o700-d120-heterogeneous-fast,h104-o700-d120,TTFT4.68_TPOT1.2,4.68,1.2,Raw-Full,36,224,0,0,260,0
h104-o700-d120-heterogeneous-fast,h104-o700-d120,TTFT4.68_TPOT1.2,4.68,1.2,Raw-Remaining,36,224,0,0,260,0
h104-o700-d120-heterogeneous-fast,h104-o700-d120,TTFT4.68_TPOT1.2,4.68,1.2,Legacy-Full,31,224,0,5,260,0
h104-o700-d120-heterogeneous-fast,h104-o700-d120,TTFT4.68_TPOT1.2,4.68,1.2,Legacy-Remaining,31,224,0,5,260,0
h104-o700-d120-heterogeneous-fast,h104-o700-d120,TTFT4.68_TPOT10,4.68,10.0,Raw-Full,130,55,0,75,260,0
h104-o700-d120-heterogeneous-fast,h104-o700-d120,TTFT4.68_TPOT10,4.68,10.0,Raw-Remaining,160,55,0,45,260,0
h104-o700-d120-heterogeneous-fast,h104-o700-d120,TTFT4.68_TPOT10,4.68,10.0,Legacy-Full,128,55,0,77,260,0
h104-o700-d120-heterogeneous-fast,h104-o700-d120,TTFT4.68_TPOT10,4.68,10.0,Legacy-Remaining,160,55,0,45,260,0
h105-o900-d30-heterogeneous-fast,h105-o900-d30,TTFT5.2_TPOT0.3,5.2,0.3,Raw-Full,45,320,0,0,365,0
h105-o900-d30-heterogeneous-fast,h105-o900-d30,TTFT5.2_TPOT0.3,5.2,0.3,Raw-Remaining,45,320,0,0,365,0
h105-o900-d30-heterogeneous-fast,h105-o900-d30,TTFT5.2_TPOT0.3,5.2,0.3,Legacy-Full,40,320,0,5,365,0
h105-o900-d30-heterogeneous-fast,h105-o900-d30,TTFT5.2_TPOT0.3,5.2,0.3,Legacy-Remaining,40,320,0,5,365,0
h105-o900-d30-heterogeneous-fast,h105-o900-d30,TTFT5.2_TPOT0.6,5.2,0.6,Raw-Full,45,320,0,0,365,0
h105-o900-d30-heterogeneous-fast,h105-o900-d30,TTFT5.2_TPOT0.6,5.2,0.6,Raw-Remaining,45,320,0,0,365,0
h105-o900-d30-heterogeneous-fast,h105-o900-d30,TTFT5.2_TPOT0.6,5.2,0.6,Legacy-Full,40,320,0,5,365,0
h105-o900-d30-heterogeneous-fast,h105-o900-d30,TTFT5.2_TPOT0.6,5.2,0.6,Legacy-Remaining,40,320,0,5,365,0
h105-o900-d30-heterogeneous-fast,h105-o900-d30,TTFT5.2_TPOT1.2,5.2,1.2,Raw-Full,45,320,0,0,365,0
h105-o900-d30-heterogeneous-fast,h105-o900-d30,TTFT5.2_TPOT1.2,5.2,1.2,Raw-Remaining,45,320,0,0,365,0
h105-o900-d30-heterogeneous-fast,h105-o900-d30,TTFT5.2_TPOT1.2,5.2,1.2,Legacy-Full,40,320,0,5,365,0
h105-o900-d30-heterogeneous-fast,h105-o900-d30,TTFT5.2_TPOT1.2,5.2,1.2,Legacy-Remaining,40,320,0,5,365,0
h105-o900-d30-heterogeneous-fast,h105-o900-d30,TTFT5.2_TPOT2.4,5.2,2.4,Raw-Full,45,259,0,61,365,0
h105-o900-d30-heterogeneous-fast,h105-o900-d30,TTFT5.2_TPOT2.4,5.2,2.4,Raw-Remaining,45,259,0,61,365,0
h105-o900-d30-heterogeneous-fast,h105-o900-d30,TTFT5.2_TPOT2.4,5.2,2.4,Legacy-Full,40,259,0,66,365,0
h105-o900-d30-heterogeneous-fast,h105-o900-d30,TTFT5.2_TPOT2.4,5.2,2.4,Legacy-Remaining,40,259,0,66,365,0
h105-o900-d30-heterogeneous-fast,h105-o900-d30,TTFT5.2_TPOT5,5.2,5.0,Raw-Full,130,58,0,177,365,0
h105-o900-d30-heterogeneous-fast,h105-o900-d30,TTFT5.2_TPOT5,5.2,5.0,Raw-Remaining,140,58,0,167,365,0
h105-o900-d30-heterogeneous-fast,h105-o900-d30,TTFT5.2_TPOT5,5.2,5.0,Legacy-Full,130,58,0,177,365,0
h105-o900-d30-heterogeneous-fast,h105-o900-d30,TTFT5.2_TPOT5,5.2,5.0,Legacy-Remaining,140,58,0,167,365,0
h105-o900-d30-heterogeneous-fast,h105-o900-d30,TTFT5.2_TPOT10,5.2,10.0,Raw-Full,184,58,0,123,365,0
h105-o900-d30-heterogeneous-fast,h105-o900-d30,TTFT5.2_TPOT10,5.2,10.0,Raw-Remaining,210,58,0,97,365,0
h105-o900-d30-heterogeneous-fast,h105-o900-d30,TTFT5.2_TPOT10,5.2,10.0,Legacy-Full,183,58,0,124,365,0
h105-o900-d30-heterogeneous-fast,h105-o900-d30,TTFT5.2_TPOT10,5.2,10.0,Legacy-Remaining,210,58,0,97,365,0
h105-o900-d30-heterogeneous-fast,h105-o900-d30,TTFT4.68_TPOT1.2,4.68,1.2,Raw-Full,45,320,0,0,365,0
h105-o900-d30-heterogeneous-fast,h105-o900-d30,TTFT4.68_TPOT1.2,4.68,1.2,Raw-Remaining,45,320,0,0,365,0
h105-o900-d30-heterogeneous-fast,h105-o900-d30,TTFT4.68_TPOT1.2,4.68,1.2,Legacy-Full,40,320,0,5,365,0
h105-o900-d30-heterogeneous-fast,h105-o900-d30,TTFT4.68_TPOT1.2,4.68,1.2,Legacy-Remaining,40,320,0,5,365,0
h105-o900-d30-heterogeneous-fast,h105-o900-d30,TTFT4.68_TPOT10,4.68,10.0,Raw-Full,184,116,0,65,365,0
h105-o900-d30-heterogeneous-fast,h105-o900-d30,TTFT4.68_TPOT10,4.68,10.0,Raw-Remaining,210,116,0,39,365,0
h105-o900-d30-heterogeneous-fast,h105-o900-d30,TTFT4.68_TPOT10,4.68,10.0,Legacy-Full,183,116,0,66,365,0
h105-o900-d30-heterogeneous-fast,h105-o900-d30,TTFT4.68_TPOT10,4.68,10.0,Legacy-Remaining,210,116,0,39,365,0
h106-o1100-d120-heterogeneous-slow,h106-o1100-d120,TTFT5.2_TPOT0.3,5.2,0.3,Raw-Full,13,302,0,0,315,0
h106-o1100-d120-heterogeneous-slow,h106-o1100-d120,TTFT5.2_TPOT0.3,5.2,0.3,Raw-Remaining,13,302,0,0,315,0
h106-o1100-d120-heterogeneous-slow,h106-o1100-d120,TTFT5.2_TPOT0.3,5.2,0.3,Legacy-Full,11,302,0,2,315,0
h106-o1100-d120-heterogeneous-slow,h106-o1100-d120,TTFT5.2_TPOT0.3,5.2,0.3,Legacy-Remaining,11,302,0,2,315,0
h106-o1100-d120-heterogeneous-slow,h106-o1100-d120,TTFT5.2_TPOT0.6,5.2,0.6,Raw-Full,13,302,0,0,315,0
h106-o1100-d120-heterogeneous-slow,h106-o1100-d120,TTFT5.2_TPOT0.6,5.2,0.6,Raw-Remaining,13,302,0,0,315,0
h106-o1100-d120-heterogeneous-slow,h106-o1100-d120,TTFT5.2_TPOT0.6,5.2,0.6,Legacy-Full,11,302,0,2,315,0
h106-o1100-d120-heterogeneous-slow,h106-o1100-d120,TTFT5.2_TPOT0.6,5.2,0.6,Legacy-Remaining,11,302,0,2,315,0
h106-o1100-d120-heterogeneous-slow,h106-o1100-d120,TTFT5.2_TPOT1.2,5.2,1.2,Raw-Full,13,302,0,0,315,0
h106-o1100-d120-heterogeneous-slow,h106-o1100-d120,TTFT5.2_TPOT1.2,5.2,1.2,Raw-Remaining,13,302,0,0,315,0
h106-o1100-d120-heterogeneous-slow,h106-o1100-d120,TTFT5.2_TPOT1.2,5.2,1.2,Legacy-Full,11,302,0,2,315,0
h106-o1100-d120-heterogeneous-slow,h106-o1100-d120,TTFT5.2_TPOT1.2,5.2,1.2,Legacy-Remaining,11,302,0,2,315,0
h106-o1100-d120-heterogeneous-slow,h106-o1100-d120,TTFT5.2_TPOT2.4,5.2,2.4,Raw-Full,13,302,0,0,315,0
h106-o1100-d120-heterogeneous-slow,h106-o1100-d120,TTFT5.2_TPOT2.4,5.2,2.4,Raw-Remaining,13,302,0,0,315,0
h106-o1100-d120-heterogeneous-slow,h106-o1100-d120,TTFT5.2_TPOT2.4,5.2,2.4,Legacy-Full,11,302,0,2,315,0
h106-o1100-d120-heterogeneous-slow,h106-o1100-d120,TTFT5.2_TPOT2.4,5.2,2.4,Legacy-Remaining,11,302,0,2,315,0
h106-o1100-d120-heterogeneous-slow,h106-o1100-d120,TTFT5.2_TPOT5,5.2,5.0,Raw-Full,33,252,23,7,315,0
h106-o1100-d120-heterogeneous-slow,h106-o1100-d120,TTFT5.2_TPOT5,5.2,5.0,Raw-Remaining,33,252,23,7,315,0
h106-o1100-d120-heterogeneous-slow,h106-o1100-d120,TTFT5.2_TPOT5,5.2,5.0,Legacy-Full,33,252,23,7,315,0
h106-o1100-d120-heterogeneous-slow,h106-o1100-d120,TTFT5.2_TPOT5,5.2,5.0,Legacy-Remaining,33,252,23,7,315,0
h106-o1100-d120-heterogeneous-slow,h106-o1100-d120,TTFT5.2_TPOT10,5.2,10.0,Raw-Full,48,223,8,36,315,0
h106-o1100-d120-heterogeneous-slow,h106-o1100-d120,TTFT5.2_TPOT10,5.2,10.0,Raw-Remaining,48,223,8,36,315,0
h106-o1100-d120-heterogeneous-slow,h106-o1100-d120,TTFT5.2_TPOT10,5.2,10.0,Legacy-Full,48,223,8,36,315,0
h106-o1100-d120-heterogeneous-slow,h106-o1100-d120,TTFT5.2_TPOT10,5.2,10.0,Legacy-Remaining,48,223,8,36,315,0
h106-o1100-d120-heterogeneous-slow,h106-o1100-d120,TTFT4.68_TPOT1.2,4.68,1.2,Raw-Full,0,315,0,0,315,0
h106-o1100-d120-heterogeneous-slow,h106-o1100-d120,TTFT4.68_TPOT1.2,4.68,1.2,Raw-Remaining,0,315,0,0,315,0
h106-o1100-d120-heterogeneous-slow,h106-o1100-d120,TTFT4.68_TPOT1.2,4.68,1.2,Legacy-Full,0,315,0,0,315,0
h106-o1100-d120-heterogeneous-slow,h106-o1100-d120,TTFT4.68_TPOT1.2,4.68,1.2,Legacy-Remaining,0,315,0,0,315,0
h106-o1100-d120-heterogeneous-slow,h106-o1100-d120,TTFT4.68_TPOT10,4.68,10.0,Raw-Full,0,315,0,0,315,0
h106-o1100-d120-heterogeneous-slow,h106-o1100-d120,TTFT4.68_TPOT10,4.68,10.0,Raw-Remaining,0,315,0,0,315,0
h106-o1100-d120-heterogeneous-slow,h106-o1100-d120,TTFT4.68_TPOT10,4.68,10.0,Legacy-Full,0,315,0,0,315,0
h106-o1100-d120-heterogeneous-slow,h106-o1100-d120,TTFT4.68_TPOT10,4.68,10.0,Legacy-Remaining,0,315,0,0,315,0
