group,regime,kind,role,bias,policy,candidate_count,grid_points,chosen_shift,reported_intensity,output_reference_safe,selected_optimistic,validated_usable_intensity,reference_oracle_intensity,normalized_usable_quality,reference_regret,abstention,reference_calls,evaluator_calls,evaluator_runtime_s,replayed_reference_runtime_s,estimated_planning_runtime_s,query_trace,grid_optimistic,grid_conservative,grid_denominator
h101-o60-d30-heterogeneous-fast,decode,heterogeneous,primary,1.0,evaluator_only,5,51,-2,0.0099348625,True,False,0.0099348625,0.0099348625,1.0,0.0,False,0,255,0.6929762490326539,0.0,0.6929762490326539,[],0,0,255
h101-o60-d30-heterogeneous-fast,decode,heterogeneous,primary,1.0,compute_margin_25pct,5,51,,,,False,0.0,0.0099348625,0.0,0.0099348625,True,0,255,0.2801890999544412,0.0,0.2801890999544412,[],0,39,255
h101-o60-d30-heterogeneous-fast,decode,heterogeneous,primary,1.0,capacity_derating_20pct,5,51,0,0.004,True,False,0.004,0.0099348625,0.40262258284903285,0.0059348625000000006,False,0,255,0.6929762490326539,0.0,0.6929762490326539,[],0,29,255
h101-o60-d30-heterogeneous-fast,decode,heterogeneous,primary,1.0,four_scenarios,5,51,,,,False,0.0,0.0099348625,0.0,0.0099348625,True,0,1020,1.7695567493210547,0.0,1.7695567493210547,[],0,39,255
h101-o60-d30-heterogeneous-fast,decode,heterogeneous,primary,1.0,selected_point_reference,5,51,-2,0.0099348625,True,False,0.0099348625,0.0099348625,1.0,0.0,False,1,255,0.6929762490326539,13.09224050003104,13.785216749063693,"[{""shift"":-2,""intensity"":0.0099348625,""safe"":true}]",,,
h101-o60-d30-heterogeneous-fast,decode,heterogeneous,primary,1.0,selected_partition_boundary_reference,5,51,-2,0.0099348625,True,False,0.0099348625,0.0099348625,1.0,0.0,False,5,255,0.6929762490326539,68.48285440006293,69.17583064909559,"[{""shift"":-2,""intensity"":0.0099348625,""safe"":true},{""shift"":-2,""intensity"":0.0101524076,""safe"":false},{""shift"":-2,""intensity"":0.0097219789,""safe"":true},{""shift"":-2,""intensity"":0.0103747164,""safe"":false},{""shift"":-2,""intensity"":0.0095136569,""safe"":true}]",,,
h101-o60-d30-heterogeneous-fast,decode,heterogeneous,primary,0.9,evaluator_only,5,51,0,0.0103747164,False,True,0.0,0.0099348625,0.0,0.0099348625,False,0,255,0.7170095999026671,0.0,0.7170095999026671,[],18,0,255
h101-o60-d30-heterogeneous-fast,decode,heterogeneous,primary,0.9,compute_margin_25pct,5,51,-2,0.008915094,True,False,0.008915094,0.0099348625,0.8973545431554789,0.0010197685000000005,False,0,255,0.48026449972530827,0.0,0.48026449972530827,[],0,21,255
h101-o60-d30-heterogeneous-fast,decode,heterogeneous,primary,0.9,capacity_derating_20pct,5,51,0,0.008,True,False,0.008,0.0099348625,0.8052451656980657,0.0019348625000000005,False,0,255,0.7170095999026671,0.0,0.7170095999026671,[],0,25,255
h101-o60-d30-heterogeneous-fast,decode,heterogeneous,primary,0.9,four_scenarios,5,51,-2,0.008915094,True,False,0.008915094,0.0099348625,0.8973545431554789,0.0010197685000000005,False,0,1020,2.3590059996349737,0.0,2.3590059996349737,[],0,21,255
h101-o60-d30-heterogeneous-fast,decode,heterogeneous,primary,0.9,selected_point_reference,5,51,,,,False,0.0,0.0099348625,0.0,0.0099348625,True,1,255,0.7170095999026671,12.717148599971551,13.434158199874219,"[{""shift"":0,""intensity"":0.0103747164,""safe"":false}]",,,
h101-o60-d30-heterogeneous-fast,decode,heterogeneous,primary,0.9,selected_partition_boundary_reference,5,51,0,0.0095136569,True,False,0.0095136569,0.0099348625,0.9576032783543809,0.0004212056000000002,False,5,255,0.7170095999026671,68.36162739997962,69.07863699988229,"[{""shift"":0,""intensity"":0.0103747164,""safe"":false},{""shift"":0,""intensity"":0.0101524076,""safe"":false},{""shift"":0,""intensity"":0.0099348625,""safe"":false},{""shift"":0,""intensity"":0.0097219789,""safe"":false},{""shift"":0,""intensity"":0.0095136569,""safe"":true}]",,,
h101-o60-d30-heterogeneous-fast,prefill,heterogeneous,primary,1.0,evaluator_only,5,51,2,4.096,True,False,4.096,13.1931367994,0.3104644530166836,9.0971367994,False,0,255,3.8652342018904164,0.0,3.8652342018904164,[],0,84,255
h101-o60-d30-heterogeneous-fast,prefill,heterogeneous,primary,1.0,compute_margin_25pct,5,51,,,,False,0.0,13.1931367994,0.0,13.1931367994,True,0,255,0.7622948004864156,0.0,0.7622948004864156,[],0,207,255
h101-o60-d30-heterogeneous-fast,prefill,heterogeneous,primary,1.0,capacity_derating_20pct,5,51,2,3.1584477704,True,False,3.1584477704,13.1931367994,0.23940082017065423,10.034689028999999,False,0,255,3.8652342018904164,0.0,3.8652342018904164,[],0,107,255
h101-o60-d30-heterogeneous-fast,prefill,heterogeneous,primary,1.0,four_scenarios,5,51,,,,False,0.0,13.1931367994,0.0,13.1931367994,True,0,1020,8.873251402634196,0.0,8.873251402634196,[],0,207,255
h101-o60-d30-heterogeneous-fast,prefill,heterogeneous,primary,1.0,selected_point_reference,5,51,2,4.096,True,False,4.096,13.1931367994,0.3104644530166836,9.0971367994,False,1,255,3.8652342018904164,9.501334500033408,13.366568701923825,"[{""shift"":2,""intensity"":4.096,""safe"":true}]",,,
h101-o60-d30-heterogeneous-fast,prefill,heterogeneous,primary,1.0,selected_partition_boundary_reference,5,51,2,4.8709923431,True,False,4.8709923431,13.1931367994,0.36920653648657115,8.322144456299998,False,5,255,3.8652342018904164,59.101398700033315,62.96663290192373,"[{""shift"":2,""intensity"":4.096,""safe"":true},{""shift"":2,""intensity"":4.1856907209,""safe"":true},{""shift"":2,""intensity"":4.2773454128,""safe"":true},{""shift"":2,""intensity"":4.466719673,""safe"":true},{""shift"":2,""intensity"":4.8709923431,""safe"":true}]",,,
h101-o60-d30-heterogeneous-fast,prefill,heterogeneous,primary,0.9,evaluator_only,5,51,2,4.8709923431,True,False,4.8709923431,13.1931367994,0.36920653648657115,8.322144456299998,False,0,255,5.24601049994817,0.0,5.24601049994817,[],0,56,255
h101-o60-d30-heterogeneous-fast,prefill,heterogeneous,primary,0.9,compute_margin_25pct,5,51,0,1.024,True,False,1.024,13.1931367994,0.0776161132541709,12.1691367994,False,0,255,1.2399187000119127,0.0,1.2399187000119127,[],0,122,255
h101-o60-d30-heterogeneous-fast,prefill,heterogeneous,primary,0.9,capacity_derating_20pct,5,51,2,3.8382953147,True,False,3.8382953147,13.1931367994,0.2909312146960046,9.3548414847,False,0,255,5.24601049994817,0.0,5.24601049994817,[],0,90,255
h101-o60-d30-heterogeneous-fast,prefill,heterogeneous,primary,0.9,four_scenarios,5,51,0,1.024,True,False,1.024,13.1931367994,0.0776161132541709,12.1691367994,False,0,1020,12.307193400512915,0.0,12.307193400512915,[],0,122,255
h101-o60-d30-heterogeneous-fast,prefill,heterogeneous,primary,0.9,selected_point_reference,5,51,2,4.8709923431,True,False,4.8709923431,13.1931367994,0.36920653648657115,8.322144456299998,False,1,255,5.24601049994817,11.928094600036275,17.174105099984445,"[{""shift"":2,""intensity"":4.8709923431,""safe"":true}]",,,
h101-o60-d30-heterogeneous-fast,prefill,heterogeneous,primary,0.9,selected_partition_boundary_reference,5,51,2,9.3289564959,True,False,9.3289564959,13.1931367994,0.7071067811806715,3.8641803034999995,False,5,255,5.24601049994817,55.1208635000512,60.36687399999937,"[{""shift"":2,""intensity"":4.8709923431,""safe"":true},{""shift"":2,""intensity"":5.7926187515,""safe"":true},{""shift"":2,""intensity"":8.192,""safe"":true},{""shift"":2,""intensity"":8.933439346,""safe"":true},{""shift"":2,""intensity"":9.3289564959,""safe"":true}]",,,
h101-o60-d30-a100-fast,decode,a100,primary,1.0,evaluator_only,1,20,0,0.0190273138,True,False,0.0190273138,0.0190273138,1.0,0.0,False,0,20,0.06064450019039214,0.0,0.06064450019039214,[],0,0,20
h101-o60-d30-a100-fast,decode,a100,primary,1.0,compute_margin_25pct,1,20,0,0.004,True,False,0.004,0.0190273138,0.2102241042558514,0.0150273138,False,0,20,0.04650929995113984,0.0,0.04650929995113984,[],0,2,20
h101-o60-d30-a100-fast,decode,a100,primary,1.0,capacity_derating_20pct,1,20,0,0.004,True,False,0.004,0.0190273138,0.2102241042558514,0.0150273138,False,0,20,0.06064450019039214,0.0,0.06064450019039214,[],0,2,20
h101-o60-d30-a100-fast,decode,a100,primary,1.0,four_scenarios,1,20,0,0.004,True,False,0.004,0.0190273138,0.2102241042558514,0.0150273138,False,0,80,0.20463729999028146,0.0,0.20463729999028146,[],0,2,20
h101-o60-d30-a100-fast,decode,a100,primary,1.0,selected_point_reference,1,20,0,0.0190273138,True,False,0.0190273138,0.0190273138,1.0,0.0,False,1,20,0.06064450019039214,13.722560000023805,13.783204500214197,"[{""shift"":0,""intensity"":0.0190273138,""safe"":true}]",,,
h101-o60-d30-a100-fast,decode,a100,primary,1.0,selected_partition_boundary_reference,1,20,0,0.0190273138,True,False,0.0190273138,0.0190273138,1.0,0.0,False,5,20,0.06064450019039214,60.65199520002352,60.71263970021391,"[{""shift"":0,""intensity"":0.0190273138,""safe"":true},{""shift"":0,""intensity"":0.0194439577,""safe"":false},{""shift"":0,""intensity"":0.016,""safe"":true},{""shift"":0,""intensity"":0.019869725,""safe"":false},{""shift"":0,""intensity"":0.004,""safe"":true}]",,,
h101-o60-d30-a100-fast,decode,a100,primary,0.9,evaluator_only,1,20,0,0.0207494329,False,True,0.0,0.0190273138,0.0,0.0190273138,False,0,20,0.07716809993144125,0.0,0.07716809993144125,[],3,0,20
h101-o60-d30-a100-fast,decode,a100,primary,0.9,compute_margin_25pct,1,20,0,0.016,True,False,0.016,0.0190273138,0.8408964170234056,0.0030273138000000005,False,0,20,0.05014159996062517,0.0,0.05014159996062517,[],0,1,20
h101-o60-d30-a100-fast,decode,a100,primary,0.9,capacity_derating_20pct,1,20,0,0.016,True,False,0.016,0.0190273138,0.8408964170234056,0.0030273138000000005,False,0,20,0.07716809993144125,0.0,0.07716809993144125,[],0,1,20
h101-o60-d30-a100-fast,decode,a100,primary,0.9,four_scenarios,1,20,0,0.016,True,False,0.016,0.0190273138,0.8408964170234056,0.0030273138000000005,False,0,80,0.27619319985387847,0.0,0.27619319985387847,[],0,1,20
h101-o60-d30-a100-fast,decode,a100,primary,0.9,selected_point_reference,1,20,,,,False,0.0,0.0190273138,0.0,0.0190273138,True,1,20,0.07716809993144125,12.397070000006352,12.474238099937793,"[{""shift"":0,""intensity"":0.0207494329,""safe"":false}]",,,
h101-o60-d30-a100-fast,decode,a100,primary,0.9,selected_partition_boundary_reference,1,20,0,0.0190273138,True,False,0.0190273138,0.0190273138,1.0,0.0,False,5,20,0.07716809993144125,62.64353980001761,62.72070789994905,"[{""shift"":0,""intensity"":0.0207494329,""safe"":false},{""shift"":0,""intensity"":0.019869725,""safe"":false},{""shift"":0,""intensity"":0.0194439577,""safe"":false},{""shift"":0,""intensity"":0.0190273138,""safe"":true},{""shift"":0,""intensity"":0.022627417,""safe"":false}]",,,
h101-o60-d30-a100-fast,relaxed_decode,a100,primary,1.0,evaluator_only,1,20,0,0.062628612,True,False,0.062628612,0.062628612,1.0,0.0,False,0,20,0.1573021002113819,0.0,0.1573021002113819,[],0,0,20
h101-o60-d30-a100-fast,relaxed_decode,a100,primary,1.0,compute_margin_25pct,1,20,0,0.004,True,False,0.004,0.062628612,0.06386857176397268,0.058628612,False,0,20,0.05567809991771355,0.0,0.05567809991771355,[],0,12,20
h101-o60-d30-a100-fast,relaxed_decode,a100,primary,1.0,capacity_derating_20pct,1,20,0,0.045254834,True,False,0.045254834,0.062628612,0.7225904032489177,0.017373778,False,0,20,0.1573021002113819,0.0,0.1573021002113819,[],0,4,20
h101-o60-d30-a100-fast,relaxed_decode,a100,primary,1.0,four_scenarios,1,20,0,0.004,True,False,0.004,0.062628612,0.06386857176397268,0.058628612,False,0,80,0.4902280001551844,0.0,0.4902280001551844,[],0,12,20
h101-o60-d30-a100-fast,relaxed_decode,a100,primary,1.0,selected_point_reference,1,20,0,0.062628612,True,False,0.062628612,0.062628612,1.0,0.0,False,1,20,0.1573021002113819,12.848056999966502,13.005359100177884,"[{""shift"":0,""intensity"":0.062628612,""safe"":true}]",,,
h101-o60-d30-a100-fast,relaxed_decode,a100,primary,1.0,selected_partition_boundary_reference,1,20,0,0.062628612,True,False,0.062628612,0.062628612,1.0,0.0,False,5,20,0.1573021002113819,59.957360299886204,60.114662400097586,"[{""shift"":0,""intensity"":0.062628612,""safe"":true},{""shift"":0,""intensity"":0.064,""safe"":false},{""shift"":0,""intensity"":0.06128661,""safe"":true},{""shift"":0,""intensity"":0.256,""safe"":false},{""shift"":0,""intensity"":0.0586882588,""safe"":true}]",,,
h101-o60-d30-a100-fast,relaxed_decode,a100,primary,0.9,evaluator_only,1,20,0,0.064,False,True,0.0,0.062628612,0.0,0.062628612,False,0,20,0.18972139985999092,0.0,0.18972139985999092,[],1,0,20
h101-o60-d30-a100-fast,relaxed_decode,a100,primary,0.9,compute_margin_25pct,1,20,0,0.0538173706,True,False,0.0538173706,0.062628612,0.8593096490786032,0.008811241400000003,False,0,20,0.14321660005953163,0.0,0.14321660005953163,[],0,3,20
h101-o60-d30-a100-fast,relaxed_decode,a100,primary,0.9,capacity_derating_20pct,1,20,0,0.045254834,True,False,0.045254834,0.062628612,0.7225904032489177,0.017373778,False,0,20,0.18972139985999092,0.0,0.18972139985999092,[],0,4,20
h101-o60-d30-a100-fast,relaxed_decode,a100,primary,0.9,four_scenarios,1,20,0,0.0538173706,True,False,0.0538173706,0.062628612,0.8593096490786032,0.008811241400000003,False,0,80,0.6971423997892998,0.0,0.6971423997892998,[],0,3,20
h101-o60-d30-a100-fast,relaxed_decode,a100,primary,0.9,selected_point_reference,1,20,,,,False,0.0,0.062628612,0.0,0.062628612,True,1,20,0.18972139985999092,10.708579699974507,10.898301099834498,"[{""shift"":0,""intensity"":0.064,""safe"":false}]",,,
h101-o60-d30-a100-fast,relaxed_decode,a100,primary,0.9,selected_partition_boundary_reference,1,20,0,0.062628612,True,False,0.062628612,0.062628612,1.0,0.0,False,5,20,0.18972139985999092,58.65622549987165,58.84594689973164,"[{""shift"":0,""intensity"":0.064,""safe"":false},{""shift"":0,""intensity"":0.062628612,""safe"":true},{""shift"":0,""intensity"":0.256,""safe"":false},{""shift"":0,""intensity"":0.06128661,""safe"":true},{""shift"":0,""intensity"":1.024,""safe"":false}]",,,
h101-o60-d30-anchor-slow,decode,heterogeneous,link_anchor,1.0,evaluator_only,1,27,0,0.0095136569,True,False,0.0095136569,0.0095136569,1.0,0.0,False,0,27,0.059604500071145594,0.0,0.059604500071145594,[],0,0,27
h101-o60-d30-anchor-slow,decode,heterogeneous,link_anchor,1.0,compute_margin_25pct,1,27,,,,False,0.0,0.0095136569,0.0,0.0095136569,True,0,27,0.039451099932193756,0.0,0.039451099932193756,[],0,4,27
h101-o60-d30-anchor-slow,decode,heterogeneous,link_anchor,1.0,capacity_derating_20pct,1,27,0,0.004,True,False,0.004,0.0095136569,0.4204482085117028,0.0055136569,False,0,27,0.059604500071145594,0.0,0.059604500071145594,[],0,2,27
h101-o60-d30-anchor-slow,decode,heterogeneous,link_anchor,1.0,four_scenarios,1,27,,,,False,0.0,0.0095136569,0.0,0.0095136569,True,0,108,0.23723249981412664,0.0,0.23723249981412664,[],0,4,27
h101-o60-d30-anchor-slow,decode,heterogeneous,link_anchor,1.0,selected_point_reference,1,27,0,0.0095136569,True,False,0.0095136569,0.0095136569,1.0,0.0,False,1,27,0.059604500071145594,12.573244799976237,12.632849300047383,"[{""shift"":0,""intensity"":0.0095136569,""safe"":true}]",,,
h101-o60-d30-anchor-slow,decode,heterogeneous,link_anchor,1.0,selected_partition_boundary_reference,1,27,0,0.0095136569,True,False,0.0095136569,0.0095136569,1.0,0.0,False,5,27,0.059604500071145594,58.36879069992574,58.428395199996885,"[{""shift"":0,""intensity"":0.0095136569,""safe"":true},{""shift"":0,""intensity"":0.0097219789,""safe"":false},{""shift"":0,""intensity"":0.008,""safe"":true},{""shift"":0,""intensity"":0.0099348625,""safe"":false},{""shift"":0,""intensity"":0.004,""safe"":true}]",,,
h101-o60-d30-anchor-slow,decode,heterogeneous,link_anchor,0.9,evaluator_only,1,27,0,0.0103747164,False,True,0.0,0.0095136569,0.0,0.0095136569,False,0,27,0.0997733999392949,0.0,0.0997733999392949,[],3,0,27
h101-o60-d30-anchor-slow,decode,heterogeneous,link_anchor,0.9,compute_margin_25pct,1,27,,,,False,0.0,0.0095136569,0.0,0.0095136569,True,0,27,0.0490987001103349,0.0,0.0490987001103349,[],0,4,27
h101-o60-d30-anchor-slow,decode,heterogeneous,link_anchor,0.9,capacity_derating_20pct,1,27,0,0.008,True,False,0.008,0.0095136569,0.8408964170234056,0.0015136569000000002,False,0,27,0.0997733999392949,0.0,0.0997733999392949,[],0,1,27
h101-o60-d30-anchor-slow,decode,heterogeneous,link_anchor,0.9,four_scenarios,1,27,,,,False,0.0,0.0095136569,0.0,0.0095136569,True,0,108,0.2708200999186374,0.0,0.2708200999186374,[],0,4,27
h101-o60-d30-anchor-slow,decode,heterogeneous,link_anchor,0.9,selected_point_reference,1,27,,,,False,0.0,0.0095136569,0.0,0.0095136569,True,1,27,0.0997733999392949,12.18268030002946,12.282453699968755,"[{""shift"":0,""intensity"":0.0103747164,""safe"":false}]",,,
h101-o60-d30-anchor-slow,decode,heterogeneous,link_anchor,0.9,selected_partition_boundary_reference,1,27,0,0.0095136569,True,False,0.0095136569,0.0095136569,1.0,0.0,False,5,27,0.0997733999392949,62.36985979997553,62.469633199914824,"[{""shift"":0,""intensity"":0.0103747164,""safe"":false},{""shift"":0,""intensity"":0.0099348625,""safe"":false},{""shift"":0,""intensity"":0.0097219789,""safe"":false},{""shift"":0,""intensity"":0.0095136569,""safe"":true},{""shift"":0,""intensity"":0.0113137085,""safe"":false}]",,,
h101-o60-d30-anchor-slow,prefill,heterogeneous,link_anchor,1.0,evaluator_only,1,27,0,1.1916542554,True,False,1.1916542554,9.5332340431,0.1250000000013112,8.3415797877,False,0,27,0.3458350998698734,0.0,0.3458350998698734,[],0,8,27
h101-o60-d30-anchor-slow,prefill,heterogeneous,link_anchor,1.0,compute_margin_25pct,1,27,,,,False,0.0,9.5332340431,0.0,9.5332340431,True,0,27,0.14687650022096932,0.0,0.14687650022096932,[],0,23,27
h101-o60-d30-anchor-slow,prefill,heterogeneous,link_anchor,1.0,capacity_derating_20pct,1,27,0,0.256,True,False,0.256,9.5332340431,0.026853426533180378,9.2772340431,False,0,27,0.3458350998698734,0.0,0.3458350998698734,[],0,12,27
h101-o60-d30-anchor-slow,prefill,heterogeneous,link_anchor,1.0,four_scenarios,1,27,,,,False,0.0,9.5332340431,0.0,9.5332340431,True,0,108,1.1287482003099285,0.0,1.1287482003099285,[],0,23,27
h101-o60-d30-anchor-slow,prefill,heterogeneous,link_anchor,1.0,selected_point_reference,1,27,0,1.1916542554,True,False,1.1916542554,9.5332340431,0.1250000000013112,8.3415797877,False,1,27,0.3458350998698734,11.33402260002913,11.679857699899003,"[{""shift"":0,""intensity"":1.1916542554,""safe"":true}]",,,
h101-o60-d30-anchor-slow,prefill,heterogeneous,link_anchor,1.0,selected_partition_boundary_reference,1,27,0,4.096,True,False,4.096,9.5332340431,0.42965482453088605,5.4372340431,False,5,27,0.3458350998698734,53.27323729998898,53.61907239985885,"[{""shift"":0,""intensity"":1.1916542554,""safe"":true},{""shift"":0,""intensity"":1.2177480858,""safe"":true},{""shift"":0,""intensity"":1.4481546879,""safe"":true},{""shift"":0,""intensity"":2.048,""safe"":true},{""shift"":0,""intensity"":4.096,""safe"":true}]",,,
h101-o60-d30-anchor-slow,prefill,heterogeneous,link_anchor,0.9,evaluator_only,1,27,0,4.096,True,False,4.096,9.5332340431,0.42965482453088605,5.4372340431,False,0,27,0.6336175000178628,0.0,0.6336175000178628,[],0,4,27
h101-o60-d30-anchor-slow,prefill,heterogeneous,link_anchor,0.9,compute_margin_25pct,1,27,,,,False,0.0,9.5332340431,0.0,9.5332340431,True,0,27,0.16418219998013228,0.0,0.16418219998013228,[],0,23,27
h101-o60-d30-anchor-slow,prefill,heterogeneous,link_anchor,0.9,capacity_derating_20pct,1,27,0,2.048,True,False,2.048,9.5332340431,0.21482741226544302,7.4852340431,False,0,27,0.6336175000178628,0.0,0.6336175000178628,[],0,5,27
h101-o60-d30-anchor-slow,prefill,heterogeneous,link_anchor,0.9,four_scenarios,1,27,,,,False,0.0,9.5332340431,0.0,9.5332340431,True,0,108,1.5951460995711386,0.0,1.5951460995711386,[],0,23,27
h101-o60-d30-anchor-slow,prefill,heterogeneous,link_anchor,0.9,selected_point_reference,1,27,0,4.096,True,False,4.096,9.5332340431,0.42965482453088605,5.4372340431,False,1,27,0.6336175000178628,9.506265199976042,10.139882699993905,"[{""shift"":0,""intensity"":4.096,""safe"":true}]",,,
h101-o60-d30-anchor-slow,prefill,heterogeneous,link_anchor,0.9,selected_partition_boundary_reference,1,27,0,9.5332340431,True,False,9.5332340431,9.5332340431,1.0,0.0,False,5,27,0.6336175000178628,52.34412809996866,52.97774559998652,"[{""shift"":0,""intensity"":4.096,""safe"":true},{""shift"":0,""intensity"":8.192,""safe"":true},{""shift"":0,""intensity"":8.933439346,""safe"":true},{""shift"":0,""intensity"":9.3289564959,""safe"":true},{""shift"":0,""intensity"":9.5332340431,""safe"":true}]",,,
h102-o300-d120-heterogeneous-slow,decode,heterogeneous,primary,1.0,evaluator_only,5,53,-2,0.0083541903,True,False,0.0083541903,0.0083541903,1.0,0.0,False,0,265,5.997087950119749,0.0,5.997087950119749,[],0,0,265
h102-o300-d120-heterogeneous-slow,decode,heterogeneous,primary,1.0,compute_margin_25pct,5,53,,,,False,0.0,0.0083541903,0.0,0.0083541903,True,0,265,0.6419970995630138,0.0,0.6419970995630138,[],0,43,265
h102-o300-d120-heterogeneous-slow,decode,heterogeneous,primary,1.0,capacity_derating_20pct,5,53,0,0.0056568542,True,False,0.0056568542,0.0083541903,0.6771277642550231,0.0026973360999999994,False,0,265,5.997087950119749,0.0,5.997087950119749,[],0,28,265
h102-o300-d120-heterogeneous-slow,decode,heterogeneous,primary,1.0,four_scenarios,5,53,,,,False,0.0,0.0083541903,0.0,0.0083541903,True,0,1060,8.787158349528909,0.0,8.787158349528909,[],0,43,265
h102-o300-d120-heterogeneous-slow,decode,heterogeneous,primary,1.0,selected_point_reference,5,53,-2,0.0083541903,True,False,0.0083541903,0.0083541903,1.0,0.0,False,1,265,5.997087950119749,47.18106760003138,53.17815555015113,"[{""shift"":-2,""intensity"":0.0083541903,""safe"":true}]",,,
h102-o300-d120-heterogeneous-slow,decode,heterogeneous,primary,1.0,selected_partition_boundary_reference,5,53,-2,0.0083541903,True,False,0.0083541903,0.0083541903,1.0,0.0,False,5,265,5.997087950119749,228.16022410005098,234.15731205017073,"[{""shift"":-2,""intensity"":0.0083541903,""safe"":true},{""shift"":-2,""intensity"":0.0085371232,""safe"":false},{""shift"":-2,""intensity"":0.0081751772,""safe"":true},{""shift"":-2,""intensity"":0.0087240619,""safe"":false},{""shift"":-2,""intensity"":0.008,""safe"":true}]",,,
h102-o300-d120-heterogeneous-slow,decode,heterogeneous,primary,0.9,evaluator_only,5,53,0,0.0087240619,False,True,0.0,0.0083541903,0.0,0.0083541903,False,0,265,2.7154038999578916,0.0,2.7154038999578916,[],19,0,265
h102-o300-d120-heterogeneous-slow,decode,heterogeneous,primary,0.9,compute_margin_25pct,5,53,,,,False,0.0,0.0083541903,0.0,0.0083541903,True,0,265,1.0476807999657467,0.0,1.0476807999657467,[],0,43,265
h102-o300-d120-heterogeneous-slow,decode,heterogeneous,primary,0.9,capacity_derating_20pct,5,53,0,0.0067271713,True,False,0.0067271713,0.0083541903,0.8052451594261625,0.0016270189999999995,False,0,265,2.7154038999578916,0.0,2.7154038999578916,[],0,24,265
h102-o300-d120-heterogeneous-slow,decode,heterogeneous,primary,0.9,four_scenarios,5,53,,,,False,0.0,0.0083541903,0.0,0.0083541903,True,0,1060,6.669201400887687,0.0,6.669201400887687,[],0,43,265
h102-o300-d120-heterogeneous-slow,decode,heterogeneous,primary,0.9,selected_point_reference,5,53,,,,False,0.0,0.0083541903,0.0,0.0083541903,True,1,265,2.7154038999578916,50.79121940000914,53.50662329996703,"[{""shift"":0,""intensity"":0.0087240619,""safe"":false}]",,,
h102-o300-d120-heterogeneous-slow,decode,heterogeneous,primary,0.9,selected_partition_boundary_reference,5,53,0,0.008,True,False,0.008,0.0083541903,0.9576032760469917,0.00035419029999999956,False,5,265,2.7154038999578916,233.46645579999313,236.18185969995102,"[{""shift"":0,""intensity"":0.0087240619,""safe"":false},{""shift"":0,""intensity"":0.0085371232,""safe"":false},{""shift"":0,""intensity"":0.0083541903,""safe"":false},{""shift"":0,""intensity"":0.0081751772,""safe"":false},{""shift"":0,""intensity"":0.008,""safe"":true}]",,,
h102-o300-d120-heterogeneous-slow,prefill,heterogeneous,primary,1.0,evaluator_only,5,53,1,2.4888265932,True,False,2.4888265932,9.7419846861,0.2554742871594833,7.2531580929,False,0,265,38.32401271915296,0.0,38.32401271915296,[],0,75,265
h102-o300-d120-heterogeneous-slow,prefill,heterogeneous,primary,1.0,compute_margin_25pct,5,53,,,,False,0.0,9.7419846861,0.0,9.7419846861,True,0,265,5.0135704994318075,0.0,5.0135704994318075,[],0,212,265
h102-o300-d120-heterogeneous-slow,prefill,heterogeneous,primary,1.0,capacity_derating_20pct,5,53,0,1.7221558585,True,False,1.7221558585,9.7419846861,0.17677669530287768,8.0198288276,False,0,265,38.32401271915296,0.0,38.32401271915296,[],0,97,265
h102-o300-d120-heterogeneous-slow,prefill,heterogeneous,primary,1.0,four_scenarios,5,53,,,,False,0.0,9.7419846861,0.0,9.7419846861,True,0,1060,74.87737831863342,0.0,74.87737831863342,[],0,212,265
h102-o300-d120-heterogeneous-slow,prefill,heterogeneous,primary,1.0,selected_point_reference,5,53,1,2.4888265932,True,False,2.4888265932,9.7419846861,0.2554742871594833,7.2531580929,False,1,265,38.32401271915296,23.290101399994455,61.614114119147416,"[{""shift"":1,""intensity"":2.4888265932,""safe"":true}]",,,
h102-o300-d120-heterogeneous-slow,prefill,heterogeneous,primary,1.0,selected_partition_boundary_reference,5,53,1,4.096,True,False,4.096,9.7419846861,0.4204482076269561,5.6459846861,False,5,265,38.32401271915296,138.2005311580142,176.52454387716716,"[{""shift"":1,""intensity"":2.4888265932,""safe"":true},{""shift"":1,""intensity"":2.5433247991,""safe"":true},{""shift"":1,""intensity"":2.6559274079,""safe"":true},{""shift"":1,""intensity"":2.8963093757,""safe"":true},{""shift"":1,""intensity"":4.096,""safe"":true}]",,,
h102-o300-d120-heterogeneous-slow,prefill,heterogeneous,primary,0.9,evaluator_only,5,53,0,2.8963093757,True,False,2.8963093757,9.7419846861,0.2973017787466341,6.845675310400001,False,0,265,39.03907770017395,0.0,39.03907770017395,[],0,47,265
h102-o300-d120-heterogeneous-slow,prefill,heterogeneous,primary,0.9,compute_margin_25pct,5,53,,,,False,0.0,9.7419846861,0.0,9.7419846861,True,0,265,5.545538199541625,0.0,5.545538199541625,[],0,212,265
h102-o300-d120-heterogeneous-slow,prefill,heterogeneous,primary,0.9,capacity_derating_20pct,5,53,0,2.2333598365,True,False,2.2333598365,9.7419846861,0.22925101080138105,7.5086248496,False,0,265,39.03907770017395,0.0,39.03907770017395,[],0,82,265
h102-o300-d120-heterogeneous-slow,prefill,heterogeneous,primary,0.9,four_scenarios,5,53,,,,False,0.0,9.7419846861,0.0,9.7419846861,True,0,1060,90.7533911006758,0.0,90.7533911006758,[],0,212,265
h102-o300-d120-heterogeneous-slow,prefill,heterogeneous,primary,0.9,selected_point_reference,5,53,0,2.8963093757,True,False,2.8963093757,9.7419846861,0.2973017787466341,6.845675310400001,False,1,265,39.03907770017395,22.62646020000102,61.66553790017497,"[{""shift"":0,""intensity"":2.8963093757,""safe"":true}]",,,
h102-o300-d120-heterogeneous-slow,prefill,heterogeneous,primary,0.9,selected_partition_boundary_reference,5,53,0,7.512097122,True,False,7.512097122,9.7419846861,0.7711054127110634,2.2298875641,False,5,265,39.03907770017395,145.09804300003452,184.13712070020847,"[{""shift"":0,""intensity"":2.8963093757,""safe"":true},{""shift"":0,""intensity"":4.096,""safe"":true},{""shift"":0,""intensity"":5.7926187515,""safe"":true},{""shift"":0,""intensity"":6.8886234338,""safe"":true},{""shift"":0,""intensity"":7.512097122,""safe"":true}]",,,
h102-o300-d120-a100-slow,decode,a100,primary,1.0,evaluator_only,1,22,0,0.016,True,False,0.016,0.0194439577,0.8228777416029865,0.0034439577,False,0,22,0.22584550915053114,0.0,0.22584550915053114,[],0,2,22
h102-o300-d120-a100-slow,decode,a100,primary,1.0,compute_margin_25pct,1,22,,,,False,0.0,0.0194439577,0.0,0.0194439577,True,0,22,0.0784245997783728,0.0,0.0784245997783728,[],0,5,22
h102-o300-d120-a100-slow,decode,a100,primary,1.0,capacity_derating_20pct,1,22,0,0.004,True,False,0.004,0.0194439577,0.20571943540074664,0.0154439577,False,0,22,0.22584550915053114,0.0,0.22584550915053114,[],0,3,22
h102-o300-d120-a100-slow,decode,a100,primary,1.0,four_scenarios,1,22,,,,False,0.0,0.0194439577,0.0,0.0194439577,True,0,88,0.530473409104161,0.0,0.530473409104161,[],0,5,22
h102-o300-d120-a100-slow,decode,a100,primary,1.0,selected_point_reference,1,22,0,0.016,True,False,0.016,0.0194439577,0.8228777416029865,0.0034439577,False,1,22,0.22584550915053114,125.07947920798324,125.30532471713377,"[{""shift"":0,""intensity"":0.016,""safe"":true}]",,,
h102-o300-d120-a100-slow,decode,a100,primary,1.0,selected_partition_boundary_reference,1,22,0,0.016,True,False,0.016,0.0194439577,0.8228777416029865,0.0034439577,False,5,22,0.22584550915053114,467.5185245089233,467.7443700180738,"[{""shift"":0,""intensity"":0.016,""safe"":true},{""shift"":0,""intensity"":0.0163503544,""safe"":false},{""shift"":0,""intensity"":0.004,""safe"":true},{""shift"":0,""intensity"":0.0167083805,""safe"":false},{""shift"":0,""intensity"":0.001,""safe"":true}]",,,
h102-o300-d120-a100-slow,decode,a100,primary,0.9,evaluator_only,1,22,0,0.0174481237,False,True,0.0,0.0194439577,0.0,0.0194439577,False,0,22,0.2555248996941373,0.0,0.2555248996941373,[],3,2,22
h102-o300-d120-a100-slow,decode,a100,primary,0.9,compute_margin_25pct,1,22,,,,False,0.0,0.0194439577,0.0,0.0194439577,True,0,22,0.10903459985274822,0.0,0.10903459985274822,[],0,5,22
h102-o300-d120-a100-slow,decode,a100,primary,0.9,capacity_derating_20pct,1,22,0,0.004,True,False,0.004,0.0194439577,0.20571943540074664,0.0154439577,False,0,22,0.2555248996941373,0.0,0.2555248996941373,[],0,3,22
h102-o300-d120-a100-slow,decode,a100,primary,0.9,four_scenarios,1,22,,,,False,0.0,0.0194439577,0.0,0.0194439577,True,0,88,0.7046817994560115,0.0,0.7046817994560115,[],0,5,22
h102-o300-d120-a100-slow,decode,a100,primary,0.9,selected_point_reference,1,22,,,,False,0.0,0.0194439577,0.0,0.0194439577,True,1,22,0.2555248996941373,53.2357376999571,53.491262599651236,"[{""shift"":0,""intensity"":0.0174481237,""safe"":false}]",,,
h102-o300-d120-a100-slow,decode,a100,primary,0.9,selected_partition_boundary_reference,1,22,0,0.016,True,False,0.016,0.0194439577,0.8228777416029865,0.0034439577,False,5,22,0.2555248996941373,335.74470200791257,336.0002269076067,"[{""shift"":0,""intensity"":0.0174481237,""safe"":false},{""shift"":0,""intensity"":0.0167083805,""safe"":false},{""shift"":0,""intensity"":0.0163503544,""safe"":false},{""shift"":0,""intensity"":0.016,""safe"":true},{""shift"":0,""intensity"":0.0182206181,""safe"":false}]",,,
h102-o300-d120-a100-slow,relaxed_decode,a100,primary,1.0,evaluator_only,1,22,0,0.0212037863,False,True,0.0,0.0207494329,0.0,0.0207494329,False,0,22,1.3151362919597887,0.0,1.3151362919597887,[],1,0,22
h102-o300-d120-a100-slow,relaxed_decode,a100,primary,1.0,compute_margin_25pct,1,22,,,,False,0.0,0.0207494329,0.0,0.0207494329,True,0,22,0.28027089999523014,0.0,0.28027089999523014,[],0,12,22
h102-o300-d120-a100-slow,relaxed_decode,a100,primary,1.0,capacity_derating_20pct,1,22,0,0.0167083805,True,False,0.0167083805,0.0207494329,0.8052451640738577,0.004041052399999998,False,0,22,1.3151362919597887,0.0,1.3151362919597887,[],0,7,22
h102-o300-d120-a100-slow,relaxed_decode,a100,primary,1.0,four_scenarios,1,22,,,,False,0.0,0.0207494329,0.0,0.0207494329,True,0,88,2.7252789917984046,0.0,2.7252789917984046,[],0,12,22
h102-o300-d120-a100-slow,relaxed_decode,a100,primary,1.0,selected_point_reference,1,22,,,,False,0.0,0.0207494329,0.0,0.0207494329,True,1,22,1.3151362919597887,42.60126589995343,43.91640219191322,"[{""shift"":0,""intensity"":0.0212037863,""safe"":false}]",,,
h102-o300-d120-a100-slow,relaxed_decode,a100,primary,1.0,selected_partition_boundary_reference,1,22,0,0.0207494329,True,False,0.0207494329,0.0207494329,1.0,0.0,False,5,22,1.3151362919597887,228.64436319994275,229.95949949190253,"[{""shift"":0,""intensity"":0.0212037863,""safe"":false},{""shift"":0,""intensity"":0.0207494329,""safe"":true},{""shift"":0,""intensity"":0.0216680888,""safe"":false},{""shift"":0,""intensity"":0.019869725,""safe"":true},{""shift"":0,""intensity"":0.022627417,""safe"":false}]",,,
h102-o300-d120-a100-slow,relaxed_decode,a100,primary,0.9,evaluator_only,1,22,0,0.022627417,False,True,0.0,0.0207494329,0.0,0.0207494329,False,0,22,0.8226990998955444,0.0,0.8226990998955444,[],3,0,22
h102-o300-d120-a100-slow,relaxed_decode,a100,primary,0.9,compute_margin_25pct,1,22,,,,False,0.0,0.0207494329,0.0,0.0207494329,True,0,22,0.41735999984666705,0.0,0.41735999984666705,[],0,12,22
h102-o300-d120-a100-slow,relaxed_decode,a100,primary,0.9,capacity_derating_20pct,1,22,0,0.0174481237,True,False,0.0174481237,0.0207494329,0.8408964131255847,0.0033013092000000015,False,0,22,0.8226990998955444,0.0,0.8226990998955444,[],0,6,22
h102-o300-d120-a100-slow,relaxed_decode,a100,primary,0.9,four_scenarios,1,22,,,,False,0.0,0.0207494329,0.0,0.0207494329,True,0,88,2.4354283993598074,0.0,2.4354283993598074,[],0,12,22
h102-o300-d120-a100-slow,relaxed_decode,a100,primary,0.9,selected_point_reference,1,22,,,,False,0.0,0.0207494329,0.0,0.0207494329,True,1,22,0.8226990998955444,40.94002579996595,41.762724899861496,"[{""shift"":0,""intensity"":0.022627417,""safe"":false}]",,,
h102-o300-d120-a100-slow,relaxed_decode,a100,primary,0.9,selected_partition_boundary_reference,1,22,0,0.0207494329,True,False,0.0207494329,0.0207494329,1.0,0.0,False,5,22,0.8226990998955444,223.6808421999449,224.50354129984044,"[{""shift"":0,""intensity"":0.022627417,""safe"":false},{""shift"":0,""intensity"":0.0216680888,""safe"":false},{""shift"":0,""intensity"":0.0212037863,""safe"":false},{""shift"":0,""intensity"":0.0207494329,""safe"":true},{""shift"":0,""intensity"":0.032,""safe"":false}]",,,
h102-o300-d120-anchor-fast,decode,heterogeneous,link_anchor,1.0,evaluator_only,1,27,0,0.008,True,False,0.008,0.008,1.0,0.0,False,0,27,0.14602379989810288,0.0,0.14602379989810288,[],0,0,27
h102-o300-d120-anchor-fast,decode,heterogeneous,link_anchor,1.0,compute_margin_25pct,1,27,,,,False,0.0,0.008,0.0,0.008,True,0,27,0.09282670012908056,0.0,0.09282670012908056,[],0,3,27
h102-o300-d120-anchor-fast,decode,heterogeneous,link_anchor,1.0,capacity_derating_20pct,1,27,0,0.004,True,False,0.004,0.008,0.5,0.004,False,0,27,0.14602379989810288,0.0,0.14602379989810288,[],0,1,27
h102-o300-d120-anchor-fast,decode,heterogeneous,link_anchor,1.0,four_scenarios,1,27,,,,False,0.0,0.008,0.0,0.008,True,0,108,0.4665941000566818,0.0,0.4665941000566818,[],0,3,27
h102-o300-d120-anchor-fast,decode,heterogeneous,link_anchor,1.0,selected_point_reference,1,27,0,0.008,True,False,0.008,0.008,1.0,0.0,False,1,27,0.14602379989810288,39.62341010000091,39.76943389989901,"[{""shift"":0,""intensity"":0.008,""safe"":true}]",,,
h102-o300-d120-anchor-fast,decode,heterogeneous,link_anchor,1.0,selected_partition_boundary_reference,1,27,0,0.008,True,False,0.008,0.008,1.0,0.0,False,5,27,0.14602379989810288,387.3733685409534,387.5193923408515,"[{""shift"":0,""intensity"":0.008,""safe"":true},{""shift"":0,""intensity"":0.0081751772,""safe"":false},{""shift"":0,""intensity"":0.004,""safe"":true},{""shift"":0,""intensity"":0.0083541903,""safe"":false},{""shift"":0,""intensity"":0.001,""safe"":true}]",,,
h102-o300-d120-anchor-fast,decode,heterogeneous,link_anchor,0.9,evaluator_only,1,27,0,0.0087240619,False,True,0.0,0.008,0.0,0.008,False,0,27,0.23519619996659458,0.0,0.23519619996659458,[],3,0,27
h102-o300-d120-anchor-fast,decode,heterogeneous,link_anchor,0.9,compute_margin_25pct,1,27,0,0.004,True,False,0.004,0.008,0.5,0.004,False,0,27,0.09063980012433603,0.0,0.09063980012433603,[],0,1,27
h102-o300-d120-anchor-fast,decode,heterogeneous,link_anchor,0.9,capacity_derating_20pct,1,27,0,0.004,True,False,0.004,0.008,0.5,0.004,False,0,27,0.23519619996659458,0.0,0.23519619996659458,[],0,1,27
h102-o300-d120-anchor-fast,decode,heterogeneous,link_anchor,0.9,four_scenarios,1,27,0,0.004,True,False,0.004,0.008,0.5,0.004,False,0,108,0.7024182000895962,0.0,0.7024182000895962,[],0,1,27
h102-o300-d120-anchor-fast,decode,heterogeneous,link_anchor,0.9,selected_point_reference,1,27,,,,False,0.0,0.008,0.0,0.008,True,1,27,0.23519619996659458,58.13997359998757,58.375169799954165,"[{""shift"":0,""intensity"":0.0087240619,""safe"":false}]",,,
h102-o300-d120-anchor-fast,decode,heterogeneous,link_anchor,0.9,selected_partition_boundary_reference,1,27,0,0.008,True,False,0.008,0.008,1.0,0.0,False,5,27,0.23519619996659458,233.15653310000198,233.39172929996857,"[{""shift"":0,""intensity"":0.0087240619,""safe"":false},{""shift"":0,""intensity"":0.0083541903,""safe"":false},{""shift"":0,""intensity"":0.0081751772,""safe"":false},{""shift"":0,""intensity"":0.008,""safe"":true},{""shift"":0,""intensity"":0.0095136569,""safe"":false}]",,,
h102-o300-d120-anchor-fast,prefill,heterogeneous,link_anchor,1.0,evaluator_only,1,27,0,2.4354961715,True,False,2.4354961715,10.6237096317,0.22925101079878377,8.1882134602,False,0,27,2.39343230787199,0.0,2.39343230787199,[],0,8,27
h102-o300-d120-anchor-fast,prefill,heterogeneous,link_anchor,1.0,compute_margin_25pct,1,27,,,,False,0.0,10.6237096317,0.0,10.6237096317,True,0,27,0.6189132000436075,0.0,0.6189132000436075,[],0,22,27
h102-o300-d120-anchor-fast,prefill,heterogeneous,link_anchor,1.0,capacity_derating_20pct,1,27,0,1.024,True,False,1.024,10.6237096317,0.09638817658800601,9.599709631700001,False,0,27,2.39343230787199,0.0,2.39343230787199,[],0,10,27
h102-o300-d120-anchor-fast,prefill,heterogeneous,link_anchor,1.0,four_scenarios,1,27,,,,False,0.0,10.6237096317,0.0,10.6237096317,True,0,108,5.3559055078658275,0.0,5.3559055078658275,[],0,22,27
h102-o300-d120-anchor-fast,prefill,heterogeneous,link_anchor,1.0,selected_point_reference,1,27,0,2.4354961715,True,False,2.4354961715,10.6237096317,0.22925101079878377,8.1882134602,False,1,27,2.39343230787199,28.56266210001195,30.95609440788394,"[{""shift"":0,""intensity"":2.4354961715,""safe"":true}]",,,
h102-o300-d120-anchor-fast,prefill,heterogeneous,link_anchor,1.0,selected_partition_boundary_reference,1,27,0,2.8963093757,True,False,2.8963093757,10.6237096317,0.2726269331625674,7.727400256000001,False,5,27,2.39343230787199,127.53137660003267,129.92480890790466,"[{""shift"":0,""intensity"":2.4354961715,""safe"":true},{""shift"":0,""intensity"":2.4888265932,""safe"":true},{""shift"":0,""intensity"":2.5433247991,""safe"":true},{""shift"":0,""intensity"":2.6559274079,""safe"":true},{""shift"":0,""intensity"":2.8963093757,""safe"":true}]",,,
h102-o300-d120-anchor-fast,prefill,heterogeneous,link_anchor,0.9,evaluator_only,1,27,0,2.8963093757,True,False,2.8963093757,10.6237096317,0.2726269331625674,7.727400256000001,False,0,27,4.957997500023339,0.0,4.957997500023339,[],0,4,27
h102-o300-d120-anchor-fast,prefill,heterogeneous,link_anchor,0.9,compute_margin_25pct,1,27,0,1.024,True,False,1.024,10.6237096317,0.09638817658800601,9.599709631700001,False,0,27,1.2409148997394368,0.0,1.2409148997394368,[],0,10,27
h102-o300-d120-anchor-fast,prefill,heterogeneous,link_anchor,0.9,capacity_derating_20pct,1,27,0,2.048,True,False,2.048,10.6237096317,0.19277635317601202,8.5757096317,False,0,27,4.957997500023339,0.0,4.957997500023339,[],0,9,27
h102-o300-d120-anchor-fast,prefill,heterogeneous,link_anchor,0.9,four_scenarios,1,27,0,1.024,True,False,1.024,10.6237096317,0.09638817658800601,9.599709631700001,False,0,108,12.094375999819022,0.0,12.094375999819022,[],0,10,27
h102-o300-d120-anchor-fast,prefill,heterogeneous,link_anchor,0.9,selected_point_reference,1,27,0,2.8963093757,True,False,2.8963093757,10.6237096317,0.2726269331625674,7.727400256000001,False,1,27,4.957997500023339,26.666701299953274,31.624698799976613,"[{""shift"":0,""intensity"":2.8963093757,""safe"":true}]",,,
h102-o300-d120-anchor-fast,prefill,heterogeneous,link_anchor,0.9,selected_partition_boundary_reference,1,27,0,10.6237096317,True,False,10.6237096317,10.6237096317,1.0,0.0,False,5,27,4.957997500023339,123.59402479999699,128.55202230002033,"[{""shift"":0,""intensity"":2.8963093757,""safe"":true},{""shift"":0,""intensity"":4.096,""safe"":true},{""shift"":0,""intensity"":8.192,""safe"":true},{""shift"":0,""intensity"":9.7419846861,""safe"":true},{""shift"":0,""intensity"":10.6237096317,""safe"":true}]",,,
h103-o500-d30-heterogeneous-slow,decode,heterogeneous,primary,1.0,evaluator_only,5,46,-2,0.0083541903,True,False,0.0083541903,0.0083541903,1.0,0.0,False,0,230,0.8571464112610556,0.0,0.8571464112610556,[],1,0,230
h103-o500-d30-heterogeneous-slow,decode,heterogeneous,primary,1.0,compute_margin_25pct,5,46,,,,False,0.0,0.0083541903,0.0,0.0083541903,True,0,230,0.3564249991904944,0.0,0.3564249991904944,[],0,41,230
h103-o500-d30-heterogeneous-slow,decode,heterogeneous,primary,1.0,capacity_derating_20pct,5,46,0,0.0056568542,True,False,0.0056568542,0.0083541903,0.6771277642550231,0.0026973360999999994,False,0,230,0.8571464112610556,0.0,0.8571464112610556,[],0,26,230
h103-o500-d30-heterogeneous-slow,decode,heterogeneous,primary,1.0,four_scenarios,5,46,,,,False,0.0,0.0083541903,0.0,0.0083541903,True,0,920,2.1399611104279757,0.0,2.1399611104279757,[],0,41,230
h103-o500-d30-heterogeneous-slow,decode,heterogeneous,primary,1.0,selected_point_reference,5,46,-2,0.0083541903,True,False,0.0083541903,0.0083541903,1.0,0.0,False,1,230,0.8571464112610556,14.74571059999289,15.602857011253946,"[{""shift"":-2,""intensity"":0.0083541903,""safe"":true}]",,,
h103-o500-d30-heterogeneous-slow,decode,heterogeneous,primary,1.0,selected_partition_boundary_reference,5,46,-2,0.0083541903,True,False,0.0083541903,0.0083541903,1.0,0.0,False,5,230,0.8571464112610556,71.9040308999829,72.76117731124396,"[{""shift"":-2,""intensity"":0.0083541903,""safe"":true},{""shift"":-2,""intensity"":0.0085371232,""safe"":false},{""shift"":-2,""intensity"":0.0081751772,""safe"":true},{""shift"":-2,""intensity"":0.0087240619,""safe"":false},{""shift"":-2,""intensity"":0.008,""safe"":true}]",,,
h103-o500-d30-heterogeneous-slow,decode,heterogeneous,primary,0.9,evaluator_only,5,46,0,0.0087240619,False,True,0.0,0.0083541903,0.0,0.0083541903,False,0,230,0.7943430998711847,0.0,0.7943430998711847,[],21,0,230
h103-o500-d30-heterogeneous-slow,decode,heterogeneous,primary,0.9,compute_margin_25pct,5,46,-2,0.0073360323,True,False,0.0073360323,0.0083541903,0.8781260704583184,0.001018158,False,0,230,0.6245974995545112,0.0,0.6245974995545112,[],0,21,230
h103-o500-d30-heterogeneous-slow,decode,heterogeneous,primary,0.9,capacity_derating_20pct,5,46,0,0.0067271713,True,False,0.0067271713,0.0083541903,0.8052451594261625,0.0016270189999999995,False,0,230,0.7943430998711847,0.0,0.7943430998711847,[],0,22,230
h103-o500-d30-heterogeneous-slow,decode,heterogeneous,primary,0.9,four_scenarios,5,46,-2,0.0073360323,True,False,0.0073360323,0.0083541903,0.8781260704583184,0.001018158,False,0,920,2.8398948986432515,0.0,2.8398948986432515,[],0,21,230
h103-o500-d30-heterogeneous-slow,decode,heterogeneous,primary,0.9,selected_point_reference,5,46,,,,False,0.0,0.0083541903,0.0,0.0083541903,True,1,230,0.7943430998711847,15.007406299991999,15.801749399863183,"[{""shift"":0,""intensity"":0.0087240619,""safe"":false}]",,,
h103-o500-d30-heterogeneous-slow,decode,heterogeneous,primary,0.9,selected_partition_boundary_reference,5,46,,,,False,0.0,0.0083541903,0.0,0.0083541903,True,5,230,0.7943430998711847,72.39300339994952,73.1873464998207,"[{""shift"":0,""intensity"":0.0087240619,""safe"":false},{""shift"":0,""intensity"":0.0085371232,""safe"":false},{""shift"":0,""intensity"":0.0083541903,""safe"":false},{""shift"":0,""intensity"":0.0081751772,""safe"":false},{""shift"":0,""intensity"":0.008,""safe"":false}]",,,
h103-o500-d30-heterogeneous-slow,prefill,heterogeneous,primary,1.0,evaluator_only,5,46,2,2.8342474382,True,False,2.8342474382,9.7419846861,0.29093121468810595,6.9077372479,False,0,230,3.9661101771052927,0.0,3.9661101771052927,[],0,57,230
h103-o500-d30-heterogeneous-slow,prefill,heterogeneous,primary,1.0,compute_margin_25pct,5,46,,,,False,0.0,9.7419846861,0.0,9.7419846861,True,0,230,0.7716466002748348,0.0,0.7716466002748348,[],0,177,230
h103-o500-d30-heterogeneous-slow,prefill,heterogeneous,primary,1.0,capacity_derating_20pct,5,46,0,2.048,True,False,2.048,9.7419846861,0.21022410381347806,7.6939846861,False,0,230,3.9661101771052927,0.0,3.9661101771052927,[],0,77,230
h103-o500-d30-heterogeneous-slow,prefill,heterogeneous,primary,1.0,four_scenarios,5,46,,,,False,0.0,9.7419846861,0.0,9.7419846861,True,0,920,8.63131947646616,0.0,8.63131947646616,[],0,177,230
h103-o500-d30-heterogeneous-slow,prefill,heterogeneous,primary,1.0,selected_point_reference,5,46,2,2.8342474382,True,False,2.8342474382,9.7419846861,0.29093121468810595,6.9077372479,False,1,230,3.9661101771052927,14.30934650002746,18.275456677132752,"[{""shift"":2,""intensity"":2.8342474382,""safe"":true}]",,,
h103-o500-d30-heterogeneous-slow,prefill,heterogeneous,primary,1.0,selected_partition_boundary_reference,5,46,2,6.8886234338,True,False,6.8886234338,9.7419846861,0.7071067811909809,2.8533612523,False,5,230,3.9661101771052927,83.2048109160387,87.17092109314399,"[{""shift"":2,""intensity"":2.8342474382,""safe"":true},{""shift"":2,""intensity"":2.8963093757,""safe"":true},{""shift"":2,""intensity"":4.096,""safe"":true},{""shift"":2,""intensity"":5.7926187515,""safe"":true},{""shift"":2,""intensity"":6.8886234338,""safe"":true}]",,,
h103-o500-d30-heterogeneous-slow,prefill,heterogeneous,primary,0.9,evaluator_only,5,46,0,2.8963093757,True,False,2.8963093757,9.7419846861,0.2973017787466341,6.845675310400001,False,0,230,3.6542106002452783,0.0,3.6542106002452783,[],0,47,230
h103-o500-d30-heterogeneous-slow,prefill,heterogeneous,primary,0.9,compute_margin_25pct,5,46,0,1.024,True,False,1.024,9.7419846861,0.10511205190673903,8.7179846861,False,0,230,1.3631483995704912,0.0,1.3631483995704912,[],0,83,230
h103-o500-d30-heterogeneous-slow,prefill,heterogeneous,primary,0.9,capacity_derating_20pct,5,46,0,2.048,True,False,2.048,9.7419846861,0.21022410381347806,7.6939846861,False,0,230,3.6542106002452783,0.0,3.6542106002452783,[],0,77,230
h103-o500-d30-heterogeneous-slow,prefill,heterogeneous,primary,0.9,four_scenarios,5,46,0,1.024,True,False,1.024,9.7419846861,0.10511205190673903,8.7179846861,False,0,920,9.653555599681567,0.0,9.653555599681567,[],0,83,230
h103-o500-d30-heterogeneous-slow,prefill,heterogeneous,primary,0.9,selected_point_reference,5,46,0,2.8963093757,True,False,2.8963093757,9.7419846861,0.2973017787466341,6.845675310400001,False,1,230,3.6542106002452783,11.623803799971938,15.278014400217216,"[{""shift"":0,""intensity"":2.8963093757,""safe"":true}]",,,
h103-o500-d30-heterogeneous-slow,prefill,heterogeneous,primary,0.9,selected_partition_boundary_reference,5,46,0,7.1936088489,True,False,7.1936088489,9.7419846861,0.7384130729710489,2.5483758372,False,5,230,3.6542106002452783,86.0948301499011,89.74904075014638,"[{""shift"":0,""intensity"":2.8963093757,""safe"":true},{""shift"":0,""intensity"":4.096,""safe"":true},{""shift"":0,""intensity"":5.7926187515,""safe"":true},{""shift"":0,""intensity"":6.8886234338,""safe"":true},{""shift"":0,""intensity"":7.1936088489,""safe"":true}]",,,
h103-o500-d30-a100-slow,decode,a100,primary,1.0,evaluator_only,1,26,0,0.016,False,True,0.0,0.015657153,0.0,0.015657153,False,0,26,0.17718895798316225,0.0,0.17718895798316225,[],1,0,26
h103-o500-d30-a100-slow,decode,a100,primary,1.0,compute_margin_25pct,1,26,0,0.0113137085,True,False,0.0113137085,0.015657153,0.7225904032489177,0.0043434445,False,0,26,0.13420400000177324,0.0,0.13420400000177324,[],0,4,26
h103-o500-d30-a100-slow,decode,a100,primary,1.0,capacity_derating_20pct,1,26,0,0.0113137085,True,False,0.0113137085,0.015657153,0.7225904032489177,0.0043434445,False,0,26,0.17718895798316225,0.0,0.17718895798316225,[],0,4,26
h103-o500-d30-a100-slow,decode,a100,primary,1.0,four_scenarios,1,26,0,0.0113137085,True,False,0.0113137085,0.015657153,0.7225904032489177,0.0043434445,False,0,104,0.557316557795275,0.0,0.557316557795275,[],0,4,26
h103-o500-d30-a100-slow,decode,a100,primary,1.0,selected_point_reference,1,26,,,,False,0.0,0.015657153,0.0,0.015657153,True,1,26,0.17718895798316225,12.974580099980813,13.151769057963975,"[{""shift"":0,""intensity"":0.016,""safe"":false}]",,,
h103-o500-d30-a100-slow,decode,a100,primary,1.0,selected_partition_boundary_reference,1,26,0,0.015657153,True,False,0.015657153,0.015657153,1.0,0.0,False,5,26,0.17718895798316225,72.24108979996527,72.41827875794843,"[{""shift"":0,""intensity"":0.016,""safe"":false},{""shift"":0,""intensity"":0.015657153,""safe"":true},{""shift"":0,""intensity"":0.0163503544,""safe"":false},{""shift"":0,""intensity"":0.0153216525,""safe"":true},{""shift"":0,""intensity"":0.0167083805,""safe"":false}]",,,
h103-o500-d30-a100-slow,decode,a100,primary,0.9,evaluator_only,1,26,0,0.0174481237,False,True,0.0,0.015657153,0.0,0.015657153,False,0,26,0.1619418998598121,0.0,0.1619418998598121,[],4,0,26
h103-o500-d30-a100-slow,decode,a100,primary,0.9,compute_margin_25pct,1,26,0,0.0134543426,True,False,0.0134543426,0.015657153,0.8593096458851747,0.0022028103999999996,False,0,26,0.09792290005134419,0.0,0.09792290005134419,[],0,3,26
h103-o500-d30-a100-slow,decode,a100,primary,0.9,capacity_derating_20pct,1,26,0,0.0134543426,True,False,0.0134543426,0.015657153,0.8593096458851747,0.0022028103999999996,False,0,26,0.1619418998598121,0.0,0.1619418998598121,[],0,3,26
h103-o500-d30-a100-slow,decode,a100,primary,0.9,four_scenarios,1,26,0,0.0134543426,True,False,0.0134543426,0.015657153,0.8593096458851747,0.0022028103999999996,False,0,104,0.5518807997577824,0.0,0.5518807997577824,[],0,3,26
h103-o500-d30-a100-slow,decode,a100,primary,0.9,selected_point_reference,1,26,,,,False,0.0,0.015657153,0.0,0.015657153,True,1,26,0.1619418998598121,15.434194599976763,15.596136499836575,"[{""shift"":0,""intensity"":0.0174481237,""safe"":false}]",,,
h103-o500-d30-a100-slow,decode,a100,primary,0.9,selected_partition_boundary_reference,1,26,0,0.015657153,True,False,0.015657153,0.015657153,1.0,0.0,False,5,26,0.1619418998598121,72.49965349992272,72.66159539978253,"[{""shift"":0,""intensity"":0.0174481237,""safe"":false},{""shift"":0,""intensity"":0.0167083805,""safe"":false},{""shift"":0,""intensity"":0.0163503544,""safe"":false},{""shift"":0,""intensity"":0.016,""safe"":false},{""shift"":0,""intensity"":0.015657153,""safe"":true}]",,,
h103-o500-d30-a100-slow,relaxed_decode,a100,primary,1.0,evaluator_only,1,26,0,0.0442851162,False,True,0.0,0.015657153,0.0,0.015657153,False,0,26,0.21278743393486366,0.0,0.21278743393486366,[],11,0,26
h103-o500-d30-a100-slow,relaxed_decode,a100,primary,1.0,compute_margin_25pct,1,26,0,0.0113137085,True,False,0.0113137085,0.015657153,0.7225904032489177,0.0043434445,False,0,26,0.11151809990406036,0.0,0.11151809990406036,[],0,4,26
h103-o500-d30-a100-slow,relaxed_decode,a100,primary,1.0,capacity_derating_20pct,1,26,0,0.032,False,True,0.0,0.015657153,0.0,0.015657153,False,0,26,0.21278743393486366,0.0,0.21278743393486366,[],7,0,26
h103-o500-d30-a100-slow,relaxed_decode,a100,primary,1.0,four_scenarios,1,26,0,0.0113137085,True,False,0.0113137085,0.015657153,0.7225904032489177,0.0043434445,False,0,104,0.7384623339748941,0.0,0.7384623339748941,[],0,4,26
h103-o500-d30-a100-slow,relaxed_decode,a100,primary,1.0,selected_point_reference,1,26,,,,False,0.0,0.015657153,0.0,0.015657153,True,1,26,0.21278743393486366,14.726003199990373,14.938790633925237,"[{""shift"":0,""intensity"":0.0442851162,""safe"":false}]",,,
h103-o500-d30-a100-slow,relaxed_decode,a100,primary,1.0,selected_partition_boundary_reference,1,26,,,,False,0.0,0.015657153,0.0,0.015657153,True,5,26,0.21278743393486366,71.84892720007338,72.06171463400824,"[{""shift"":0,""intensity"":0.0442851162,""safe"":false},{""shift"":0,""intensity"":0.0433361775,""safe"":false},{""shift"":0,""intensity"":0.0414988658,""safe"":false},{""shift"":0,""intensity"":0.0380546277,""safe"":false},{""shift"":0,""intensity"":0.032,""safe"":false}]",,,
h103-o500-d30-a100-slow,relaxed_decode,a100,primary,0.9,evaluator_only,1,26,0,0.045254834,False,True,0.0,0.015657153,0.0,0.015657153,False,0,26,0.23617419990478083,0.0,0.23617419990478083,[],12,0,26
h103-o500-d30-a100-slow,relaxed_decode,a100,primary,0.9,compute_margin_25pct,1,26,0,0.0380546277,False,True,0.0,0.015657153,0.0,0.015657153,False,0,26,0.21352589991874993,0.0,0.21352589991874993,[],8,0,26
h103-o500-d30-a100-slow,relaxed_decode,a100,primary,0.9,capacity_derating_20pct,1,26,0,0.032,False,True,0.0,0.015657153,0.0,0.015657153,False,0,26,0.23617419990478083,0.0,0.23617419990478083,[],7,0,26
h103-o500-d30-a100-slow,relaxed_decode,a100,primary,0.9,four_scenarios,1,26,0,0.0380546277,False,True,0.0,0.015657153,0.0,0.015657153,False,0,104,0.8380356997950003,0.0,0.8380356997950003,[],8,0,26
h103-o500-d30-a100-slow,relaxed_decode,a100,primary,0.9,selected_point_reference,1,26,,,,False,0.0,0.015657153,0.0,0.015657153,True,1,26,0.23617419990478083,16.626847100036684,16.863021299941465,"[{""shift"":0,""intensity"":0.045254834,""safe"":false}]",,,
h103-o500-d30-a100-slow,relaxed_decode,a100,primary,0.9,selected_partition_boundary_reference,1,26,,,,False,0.0,0.015657153,0.0,0.015657153,True,5,26,0.23617419990478083,75.77516630006721,76.011340499972,"[{""shift"":0,""intensity"":0.045254834,""safe"":false},{""shift"":0,""intensity"":0.0442851162,""safe"":false},{""shift"":0,""intensity"":0.0433361775,""safe"":false},{""shift"":0,""intensity"":0.0414988658,""safe"":false},{""shift"":0,""intensity"":0.0380546277,""safe"":false}]",,,
h104-o700-d120-heterogeneous-fast,decode,heterogeneous,primary,1.0,evaluator_only,5,41,-2,0.0035125043,True,False,0.0035125043,0.0035125043,1.0,0.0,False,0,205,3.032194943341892,0.0,3.032194943341892,[],0,0,205
h104-o700-d120-heterogeneous-fast,decode,heterogeneous,primary,1.0,compute_margin_25pct,5,41,,,,False,0.0,0.0035125043,0.0,0.0035125043,True,0,205,0.4270045001176186,0.0,0.4270045001176186,[],0,36,205
h104-o700-d120-heterogeneous-fast,decode,heterogeneous,primary,1.0,capacity_derating_20pct,5,41,0,0.002,True,False,0.002,0.0035125043,0.5693943207414721,0.0015125043000000001,False,0,205,3.032194943341892,0.0,3.032194943341892,[],0,26,205
h104-o700-d120-heterogeneous-fast,decode,heterogeneous,primary,1.0,four_scenarios,5,41,,,,False,0.0,0.0035125043,0.0,0.0035125043,True,0,820,6.61347584304167,0.0,6.61347584304167,[],0,36,205
h104-o700-d120-heterogeneous-fast,decode,heterogeneous,primary,1.0,selected_point_reference,5,41,-2,0.0035125043,True,False,0.0035125043,0.0035125043,1.0,0.0,False,1,205,3.032194943341892,57.79560960002709,60.827804543368984,"[{""shift"":-2,""intensity"":0.0035125043,""safe"":true}]",,,
h104-o700-d120-heterogeneous-fast,decode,heterogeneous,primary,1.0,selected_partition_boundary_reference,5,41,-2,0.0035125043,True,False,0.0035125043,0.0035125043,1.0,0.0,False,5,205,3.032194943341892,292.0189115999383,295.0511065432802,"[{""shift"":-2,""intensity"":0.0035125043,""safe"":true},{""shift"":-2,""intensity"":0.0035894181,""safe"":false},{""shift"":-2,""intensity"":0.0034372386,""safe"":true},{""shift"":-2,""intensity"":0.0036680161,""safe"":false},{""shift"":-2,""intensity"":0.0033635856,""safe"":true}]",,,
h104-o700-d120-heterogeneous-fast,decode,heterogeneous,primary,0.9,evaluator_only,5,41,0,0.0036680161,False,True,0.0,0.0035125043,0.0,0.0035125043,False,0,205,3.2559508996782824,0.0,3.2559508996782824,[],20,0,205
h104-o700-d120-heterogeneous-fast,decode,heterogeneous,primary,0.9,compute_margin_25pct,5,41,-2,0.0030844216,True,False,0.0030844216,0.0035125043,0.8781260709061623,0.0004280827,False,0,205,3.3160917997010984,0.0,3.3160917997010984,[],0,21,205
h104-o700-d120-heterogeneous-fast,decode,heterogeneous,primary,0.9,capacity_derating_20pct,5,41,0,0.0028284271,True,False,0.0028284271,0.0035125043,0.8052451636856359,0.0006840772,False,0,205,3.2559508996782824,0.0,3.2559508996782824,[],0,22,205
h104-o700-d120-heterogeneous-fast,decode,heterogeneous,primary,0.9,four_scenarios,5,41,-2,0.0030844216,True,False,0.0030844216,0.0035125043,0.8781260709061623,0.0004280827,False,0,820,12.519092199858278,0.0,12.519092199858278,[],0,21,205
h104-o700-d120-heterogeneous-fast,decode,heterogeneous,primary,0.9,selected_point_reference,5,41,,,,False,0.0,0.0035125043,0.0,0.0035125043,True,1,205,3.2559508996782824,55.92805170000065,59.184002599678934,"[{""shift"":0,""intensity"":0.0036680161,""safe"":false}]",,,
h104-o700-d120-heterogeneous-fast,decode,heterogeneous,primary,0.9,selected_partition_boundary_reference,5,41,,,,False,0.0,0.0035125043,0.0,0.0035125043,True,5,205,3.2559508996782824,294.57045489992015,297.82640579959843,"[{""shift"":0,""intensity"":0.0036680161,""safe"":false},{""shift"":0,""intensity"":0.0035894181,""safe"":false},{""shift"":0,""intensity"":0.0035125043,""safe"":false},{""shift"":0,""intensity"":0.0034372386,""safe"":false},{""shift"":0,""intensity"":0.0033635856,""safe"":false}]",,,
h104-o700-d120-heterogeneous-fast,prefill,heterogeneous,primary,1.0,evaluator_only,5,41,2,1.2177480858,True,False,1.2177480858,6.7410144386,0.18064760087547102,5.5232663527999994,False,0,205,31.489119158301037,0.0,31.489119158301037,[],0,70,205
h104-o700-d120-heterogeneous-fast,prefill,heterogeneous,primary,1.0,compute_margin_25pct,5,41,,,,False,0.0,6.7410144386,0.0,6.7410144386,True,0,205,0.6777348998002708,0.0,0.6777348998002708,[],0,170,205
h104-o700-d120-heterogeneous-fast,prefill,heterogeneous,primary,1.0,capacity_derating_20pct,5,41,0,0.256,True,False,0.256,6.7410144386,0.0379764799989313,6.4850144385999995,False,0,205,31.489119158301037,0.0,31.489119158301037,[],0,90,205
h104-o700-d120-heterogeneous-fast,prefill,heterogeneous,primary,1.0,four_scenarios,5,41,,,,False,0.0,6.7410144386,0.0,6.7410144386,True,0,820,63.14806025807047,0.0,63.14806025807047,[],0,170,205
h104-o700-d120-heterogeneous-fast,prefill,heterogeneous,primary,1.0,selected_point_reference,5,41,2,1.2177480858,True,False,1.2177480858,6.7410144386,0.18064760087547102,5.5232663527999994,False,1,205,31.489119158301037,32.71532229997683,64.20444145827787,"[{""shift"":2,""intensity"":1.2177480858,""safe"":true}]",,,
h104-o700-d120-heterogeneous-fast,prefill,heterogeneous,primary,1.0,selected_partition_boundary_reference,5,41,2,1.4481546879,True,False,1.4481546879,6.7410144386,0.21482741226715996,5.2928597507,False,5,205,31.489119158301037,151.5440669999807,183.03318615828175,"[{""shift"":2,""intensity"":1.2177480858,""safe"":true},{""shift"":2,""intensity"":1.2444132967,""safe"":true},{""shift"":2,""intensity"":1.2716623996,""safe"":true},{""shift"":2,""intensity"":1.327963704,""safe"":true},{""shift"":2,""intensity"":1.4481546879,""safe"":true}]",,,
h104-o700-d120-heterogeneous-fast,prefill,heterogeneous,primary,0.9,evaluator_only,5,41,0,1.4481546879,True,False,1.4481546879,6.7410144386,0.21482741226715996,5.2928597507,False,0,205,41.48819869989529,0.0,41.48819869989529,[],0,45,205
h104-o700-d120-heterogeneous-fast,prefill,heterogeneous,primary,0.9,compute_margin_25pct,5,41,0,1.024,True,False,1.024,6.7410144386,0.1519059199957252,5.7170144386,False,0,205,19.770176100661047,0.0,19.770176100661047,[],0,85,205
h104-o700-d120-heterogeneous-fast,prefill,heterogeneous,primary,0.9,capacity_derating_20pct,5,41,0,1.1166799183,True,False,1.1166799183,6.7410144386,0.16565458040050074,5.6243345203,False,0,205,41.48819869989529,0.0,41.48819869989529,[],0,80,205
h104-o700-d120-heterogeneous-fast,prefill,heterogeneous,primary,0.9,four_scenarios,5,41,0,1.024,True,False,1.024,6.7410144386,0.1519059199957252,5.7170144386,False,0,820,124.48639950045617,0.0,124.48639950045617,[],0,85,205
h104-o700-d120-heterogeneous-fast,prefill,heterogeneous,primary,0.9,selected_point_reference,5,41,0,1.4481546879,True,False,1.4481546879,6.7410144386,0.21482741226715996,5.2928597507,False,1,205,41.48819869989529,32.56664420000743,74.05484289990272,"[{""shift"":0,""intensity"":1.4481546879,""safe"":true}]",,,
h104-o700-d120-heterogeneous-fast,prefill,heterogeneous,primary,0.9,selected_partition_boundary_reference,5,41,0,5.3118548159,True,False,5.3118548159,6.7410144386,0.7879904225517705,1.4291596226999994,False,5,205,41.48819869989529,159.35489640000742,200.8430950999027,"[{""shift"":0,""intensity"":1.4481546879,""safe"":true},{""shift"":0,""intensity"":2.048,""safe"":true},{""shift"":0,""intensity"":4.096,""safe"":true},{""shift"":0,""intensity"":4.8709923431,""safe"":true},{""shift"":0,""intensity"":5.3118548159,""safe"":true}]",,,
h104-o700-d120-a100-fast,decode,a100,primary,1.0,evaluator_only,1,24,0,0.0065830219,True,False,0.0065830219,0.0065830219,1.0,0.0,False,0,24,0.4202944998978637,0.0,0.4202944998978637,[],0,0,24
h104-o700-d120-a100-fast,decode,a100,primary,1.0,compute_margin_25pct,1,24,0,0.004,True,False,0.004,0.0065830219,0.6076236811546989,0.0025830219000000003,False,0,24,0.3592911000014283,0.0,0.3592911000014283,[],0,4,24
h104-o700-d120-a100-fast,decode,a100,primary,1.0,capacity_derating_20pct,1,24,0,0.004,True,False,0.004,0.0065830219,0.6076236811546989,0.0025830219000000003,False,0,24,0.4202944998978637,0.0,0.4202944998978637,[],0,4,24
h104-o700-d120-a100-fast,decode,a100,primary,1.0,four_scenarios,1,24,0,0.004,True,False,0.004,0.0065830219,0.6076236811546989,0.0025830219000000003,False,0,96,1.6002317998791113,0.0,1.6002317998791113,[],0,4,24
h104-o700-d120-a100-fast,decode,a100,primary,1.0,selected_point_reference,1,24,0,0.0065830219,True,False,0.0065830219,0.0065830219,1.0,0.0,False,1,24,0.4202944998978637,63.42831119999755,63.848605699895415,"[{""shift"":0,""intensity"":0.0065830219,""safe"":true}]",,,
h104-o700-d120-a100-fast,decode,a100,primary,1.0,selected_partition_boundary_reference,1,24,0,0.0065830219,True,False,0.0065830219,0.0065830219,1.0,0.0,False,5,24,0.4202944998978637,305.0587608999922,305.47905539989006,"[{""shift"":0,""intensity"":0.0065830219,""safe"":true},{""shift"":0,""intensity"":0.0067271713,""safe"":false},{""shift"":0,""intensity"":0.0064419613,""safe"":true},{""shift"":0,""intensity"":0.008,""safe"":false},{""shift"":0,""intensity"":0.0061688433,""safe"":true}]",,,
h104-o700-d120-a100-fast,decode,a100,primary,0.9,evaluator_only,1,24,0,0.0067271713,False,True,0.0,0.0065830219,0.0,0.0065830219,False,0,24,0.4397538001067005,0.0,0.4397538001067005,[],1,0,24
h104-o700-d120-a100-fast,decode,a100,primary,0.9,compute_margin_25pct,1,24,0,0.0056568542,True,False,0.0056568542,0.0065830219,0.8593096431898548,0.0009261677000000001,False,0,24,0.41859060002025217,0.0,0.41859060002025217,[],0,3,24
h104-o700-d120-a100-fast,decode,a100,primary,0.9,capacity_derating_20pct,1,24,0,0.004,True,False,0.004,0.0065830219,0.6076236811546989,0.0025830219000000003,False,0,24,0.4397538001067005,0.0,0.4397538001067005,[],0,4,24
h104-o700-d120-a100-fast,decode,a100,primary,0.9,four_scenarios,1,24,0,0.0056568542,True,False,0.0056568542,0.0065830219,0.8593096431898548,0.0009261677000000001,False,0,96,1.7041035000002012,0.0,1.7041035000002012,[],0,3,24
h104-o700-d120-a100-fast,decode,a100,primary,0.9,selected_point_reference,1,24,,,,False,0.0,0.0065830219,0.0,0.0065830219,True,1,24,0.4397538001067005,62.63987040001666,63.07962420012336,"[{""shift"":0,""intensity"":0.0067271713,""safe"":false}]",,,
h104-o700-d120-a100-fast,decode,a100,primary,0.9,selected_partition_boundary_reference,1,24,0,0.0065830219,True,False,0.0065830219,0.0065830219,1.0,0.0,False,5,24,0.4397538001067005,472.6986510499846,473.1384048500913,"[{""shift"":0,""intensity"":0.0067271713,""safe"":false},{""shift"":0,""intensity"":0.0065830219,""safe"":true},{""shift"":0,""intensity"":0.008,""safe"":false},{""shift"":0,""intensity"":0.0064419613,""safe"":true},{""shift"":0,""intensity"":0.016,""safe"":false}]",,,
h104-o700-d120-a100-fast,relaxed_decode,a100,primary,1.0,evaluator_only,1,24,0,0.0380546277,False,True,0.0,0.0372391955,0.0,0.0372391955,False,0,24,1.019467058184091,0.0,1.019467058184091,[],1,0,24
h104-o700-d120-a100-fast,relaxed_decode,a100,primary,1.0,compute_margin_25pct,1,24,0,0.004,True,False,0.004,0.0372391955,0.10741370607751179,0.0332391955,False,0,24,0.40552289999322966,0.0,0.40552289999322966,[],0,11,24
h104-o700-d120-a100-fast,relaxed_decode,a100,primary,1.0,capacity_derating_20pct,1,24,0,0.016,True,False,0.016,0.0372391955,0.42965482431004715,0.021239195500000002,False,0,24,1.019467058184091,0.0,1.019467058184091,[],0,4,24
h104-o700-d120-a100-fast,relaxed_decode,a100,primary,1.0,four_scenarios,1,24,0,0.004,True,False,0.004,0.0372391955,0.10741370607751179,0.0332391955,False,0,96,2.4690000584814698,0.0,2.4690000584814698,[],0,11,24
h104-o700-d120-a100-fast,relaxed_decode,a100,primary,1.0,selected_point_reference,1,24,,,,False,0.0,0.0372391955,0.0,0.0372391955,True,1,24,1.019467058184091,63.37169940001331,64.3911664581974,"[{""shift"":0,""intensity"":0.0380546277,""safe"":false}]",,,
h104-o700-d120-a100-fast,relaxed_decode,a100,primary,1.0,selected_partition_boundary_reference,1,24,0,0.0372391955,True,False,0.0372391955,0.0372391955,1.0,0.0,False,5,24,1.019467058184091,310.60070159996394,311.62016865814803,"[{""shift"":0,""intensity"":0.0380546277,""safe"":false},{""shift"":0,""intensity"":0.0372391955,""safe"":true},{""shift"":0,""intensity"":0.0388879155,""safe"":false},{""shift"":0,""intensity"":0.0364412364,""safe"":true},{""shift"":0,""intensity"":0.03973945,""safe"":false}]",,,
h104-o700-d120-a100-fast,relaxed_decode,a100,primary,0.9,evaluator_only,1,24,0,0.0414988658,False,True,0.0,0.0372391955,0.0,0.0372391955,False,0,24,0.931913899956271,0.0,0.931913899956271,[],4,0,24
h104-o700-d120-a100-fast,relaxed_decode,a100,primary,0.9,compute_margin_25pct,1,24,0,0.0056568542,True,False,0.0056568542,0.0372391955,0.15190591859053454,0.031582341300000004,False,0,24,0.5138069000095129,0.0,0.5138069000095129,[],0,10,24
h104-o700-d120-a100-fast,relaxed_decode,a100,primary,0.9,capacity_derating_20pct,1,24,0,0.032,True,False,0.032,0.0372391955,0.8593096486200943,0.005239195500000002,False,0,24,0.931913899956271,0.0,0.931913899956271,[],0,3,24
h104-o700-d120-a100-fast,relaxed_decode,a100,primary,0.9,four_scenarios,1,24,0,0.0056568542,True,False,0.0056568542,0.0372391955,0.15190591859053454,0.031582341300000004,False,0,96,2.7514670000527985,0.0,2.7514670000527985,[],0,10,24
h104-o700-d120-a100-fast,relaxed_decode,a100,primary,0.9,selected_point_reference,1,24,,,,False,0.0,0.0372391955,0.0,0.0372391955,True,1,24,0.931913899956271,60.447410300024785,61.379324199981056,"[{""shift"":0,""intensity"":0.0414988658,""safe"":false}]",,,
h104-o700-d120-a100-fast,relaxed_decode,a100,primary,0.9,selected_partition_boundary_reference,1,24,0,0.0372391955,True,False,0.0372391955,0.0372391955,1.0,0.0,False,5,24,0.931913899956271,308.60472869995283,309.5366425999091,"[{""shift"":0,""intensity"":0.0414988658,""safe"":false},{""shift"":0,""intensity"":0.03973945,""safe"":false},{""shift"":0,""intensity"":0.0388879155,""safe"":false},{""shift"":0,""intensity"":0.0380546277,""safe"":false},{""shift"":0,""intensity"":0.0372391955,""safe"":true}]",,,
h105-o900-d30-heterogeneous-fast,decode,heterogeneous,primary,1.0,evaluator_only,5,49,-2,0.0091103091,True,False,0.0091103091,0.0091103091,1.0,0.0,False,0,245,0.8595738697331399,0.0,0.8595738697331399,[],0,0,245
h105-o900-d30-heterogeneous-fast,decode,heterogeneous,primary,1.0,compute_margin_25pct,5,49,0,0.004,True,False,0.004,0.0091103091,0.4390630390356349,0.0051103091,False,0,245,0.4813845994649455,0.0,0.4813845994649455,[],0,22,245
h105-o900-d30-heterogeneous-fast,decode,heterogeneous,primary,1.0,capacity_derating_20pct,5,49,0,0.004,True,False,0.004,0.0091103091,0.4390630390356349,0.0051103091,False,0,245,0.8595738697331399,0.0,0.8595738697331399,[],0,20,245
h105-o900-d30-heterogeneous-fast,decode,heterogeneous,primary,1.0,four_scenarios,5,49,0,0.004,True,False,0.004,0.0091103091,0.4390630390356349,0.0051103091,False,0,980,2.488349269493483,0.0,2.488349269493483,[],0,22,245
h105-o900-d30-heterogeneous-fast,decode,heterogeneous,primary,1.0,selected_point_reference,5,49,-2,0.0091103091,True,False,0.0091103091,0.0091103091,1.0,0.0,False,1,245,0.8595738697331399,14.170578799967188,15.030152669700328,"[{""shift"":-2,""intensity"":0.0091103091,""safe"":true}]",,,
h105-o900-d30-heterogeneous-fast,decode,heterogeneous,primary,1.0,selected_partition_boundary_reference,5,49,-2,0.0091103091,True,False,0.0091103091,0.0091103091,1.0,0.0,False,5,245,0.8595738697331399,72.46065199997975,73.32022586971289,"[{""shift"":-2,""intensity"":0.0091103091,""safe"":true},{""shift"":-2,""intensity"":0.0093097989,""safe"":false},{""shift"":-2,""intensity"":0.008915094,""safe"":true},{""shift"":-2,""intensity"":0.0095136569,""safe"":false},{""shift"":-2,""intensity"":0.0087240619,""safe"":true}]",,,
h105-o900-d30-heterogeneous-fast,decode,heterogeneous,primary,0.9,evaluator_only,5,49,0,0.0095136569,False,True,0.0,0.0091103091,0.0,0.0091103091,False,0,245,0.7825515004224144,0.0,0.7825515004224144,[],21,0,245
h105-o900-d30-heterogeneous-fast,decode,heterogeneous,primary,0.9,compute_margin_25pct,5,49,-2,0.008,True,False,0.008,0.0091103091,0.8781260780712699,0.0011103091,False,0,245,0.6573713002144359,0.0,0.6573713002144359,[],0,19,245
h105-o900-d30-heterogeneous-fast,decode,heterogeneous,primary,0.9,capacity_derating_20pct,5,49,0,0.004,True,False,0.004,0.0091103091,0.4390630390356349,0.0051103091,False,0,245,0.7825515004224144,0.0,0.7825515004224144,[],0,20,245
h105-o900-d30-heterogeneous-fast,decode,heterogeneous,primary,0.9,four_scenarios,5,49,-2,0.008,True,False,0.008,0.0091103091,0.8781260780712699,0.0011103091,False,0,980,2.854368701169733,0.0,2.854368701169733,[],0,19,245
h105-o900-d30-heterogeneous-fast,decode,heterogeneous,primary,0.9,selected_point_reference,5,49,,,,False,0.0,0.0091103091,0.0,0.0091103091,True,1,245,0.7825515004224144,12.950021399999969,13.732572900422383,"[{""shift"":0,""intensity"":0.0095136569,""safe"":false}]",,,
h105-o900-d30-heterogeneous-fast,decode,heterogeneous,primary,0.9,selected_partition_boundary_reference,5,49,,,,False,0.0,0.0091103091,0.0,0.0091103091,True,5,245,0.7825515004224144,72.6830185999861,73.46557010040851,"[{""shift"":0,""intensity"":0.0095136569,""safe"":false},{""shift"":0,""intensity"":0.0093097989,""safe"":false},{""shift"":0,""intensity"":0.0091103091,""safe"":false},{""shift"":0,""intensity"":0.008915094,""safe"":false},{""shift"":0,""intensity"":0.0087240619,""safe"":false}]",,,
h105-o900-d30-heterogeneous-fast,prefill,heterogeneous,primary,1.0,evaluator_only,5,49,0,5.0866495983,True,False,5.0866495983,41.5842617652,0.1223215077622657,36.4976121669,False,0,245,3.3379682566737756,0.0,3.3379682566737756,[],0,82,245
h105-o900-d30-heterogeneous-fast,prefill,heterogeneous,primary,1.0,compute_margin_25pct,5,49,0,1.024,True,False,1.024,41.5842617652,0.024624700704845497,40.560261765199996,False,0,245,1.3863316003698856,0.0,1.3863316003698856,[],0,111,245
h105-o900-d30-heterogeneous-fast,prefill,heterogeneous,primary,1.0,capacity_derating_20pct,5,49,0,1.024,True,False,1.024,41.5842617652,0.024624700704845497,40.560261765199996,False,0,245,3.3379682566737756,0.0,3.3379682566737756,[],0,111,245
h105-o900-d30-heterogeneous-fast,prefill,heterogeneous,primary,1.0,four_scenarios,5,49,0,1.024,True,False,1.024,41.5842617652,0.024624700704845497,40.560261765199996,False,0,980,9.010602057212964,0.0,9.010602057212964,[],0,111,245
h105-o900-d30-heterogeneous-fast,prefill,heterogeneous,primary,1.0,selected_point_reference,5,49,0,5.0866495983,True,False,5.0866495983,41.5842617652,0.1223215077622657,36.4976121669,False,1,245,3.3379682566737756,13.185349800041877,16.523318056715652,"[{""shift"":0,""intensity"":5.0866495983,""safe"":true}]",,,
h105-o900-d30-heterogeneous-fast,prefill,heterogeneous,primary,1.0,selected_partition_boundary_reference,5,49,0,8.192,True,False,8.192,41.5842617652,0.19699760563876398,33.3922617652,False,5,245,3.3379682566737756,67.48840720014414,70.82637545681791,"[{""shift"":0,""intensity"":5.0866495983,""safe"":true},{""shift"":0,""intensity"":5.1980327207,""safe"":true},{""shift"":0,""intensity"":5.3118548159,""safe"":true},{""shift"":0,""intensity"":5.7926187515,""safe"":true},{""shift"":0,""intensity"":8.192,""safe"":true}]",,,
h105-o900-d30-heterogeneous-fast,prefill,heterogeneous,primary,0.9,evaluator_only,5,49,0,5.7926187515,True,False,5.7926187515,41.5842617652,0.13929834282515946,35.791643013699996,False,0,245,3.7901567998924293,0.0,3.7901567998924293,[],0,61,245
h105-o900-d30-heterogeneous-fast,prefill,heterogeneous,primary,0.9,compute_margin_25pct,5,49,0,1.024,True,False,1.024,41.5842617652,0.024624700704845497,40.560261765199996,False,0,245,1.2318009003065526,0.0,1.2318009003065526,[],0,111,245
h105-o900-d30-heterogeneous-fast,prefill,heterogeneous,primary,0.9,capacity_derating_20pct,5,49,0,4.466719673,True,False,4.466719673,41.5842617652,0.1074137061328812,37.1175420922,False,0,245,3.7901567998924293,0.0,3.7901567998924293,[],0,91,245
h105-o900-d30-heterogeneous-fast,prefill,heterogeneous,primary,0.9,four_scenarios,5,49,0,1.024,True,False,1.024,41.5842617652,0.024624700704845497,40.560261765199996,False,0,980,9.844463500543498,0.0,9.844463500543498,[],0,111,245
h105-o900-d30-heterogeneous-fast,prefill,heterogeneous,primary,0.9,selected_point_reference,5,49,0,5.7926187515,True,False,5.7926187515,41.5842617652,0.13929834282515946,35.791643013699996,False,1,245,3.7901567998924293,14.24564050004119,18.03579729993362,"[{""shift"":0,""intensity"":5.7926187515,""safe"":true}]",,,
h105-o900-d30-heterogeneous-fast,prefill,heterogeneous,primary,0.9,selected_partition_boundary_reference,5,49,0,19.9106127459,True,False,19.9106127459,41.5842617652,0.4788016403494819,21.673649019299997,False,5,245,3.7901567998924293,66.94298070011428,70.7331375000067,"[{""shift"":0,""intensity"":5.7926187515,""safe"":true},{""shift"":0,""intensity"":8.192,""safe"":true},{""shift"":0,""intensity"":16.384,""safe"":true},{""shift"":0,""intensity"":19.4839693722,""safe"":true},{""shift"":0,""intensity"":19.9106127459,""safe"":true}]",,,
h105-o900-d30-a100-fast,decode,a100,primary,1.0,evaluator_only,1,27,0,0.0170742464,True,False,0.0170742464,0.0170742464,1.0,0.0,False,0,27,0.09918082394869998,0.0,0.09918082394869998,[],0,0,27
h105-o900-d30-a100-fast,decode,a100,primary,1.0,compute_margin_25pct,1,27,0,0.004,True,False,0.004,0.0170742464,0.2342709544123716,0.0130742464,False,0,27,0.06910230003995821,0.0,0.06910230003995821,[],0,3,27
h105-o900-d30-a100-fast,decode,a100,primary,1.0,capacity_derating_20pct,1,27,0,0.004,True,False,0.004,0.0170742464,0.2342709544123716,0.0130742464,False,0,27,0.09918082394869998,0.0,0.09918082394869998,[],0,3,27
h105-o900-d30-a100-fast,decode,a100,primary,1.0,four_scenarios,1,27,0,0.004,True,False,0.004,0.0170742464,0.2342709544123716,0.0130742464,False,0,108,0.33124472404597327,0.0,0.33124472404597327,[],0,3,27
h105-o900-d30-a100-fast,decode,a100,primary,1.0,selected_point_reference,1,27,0,0.0170742464,True,False,0.0170742464,0.0170742464,1.0,0.0,False,1,27,0.09918082394869998,13.600846600020304,13.700027423969004,"[{""shift"":0,""intensity"":0.0170742464,""safe"":true}]",,,
h105-o900-d30-a100-fast,decode,a100,primary,1.0,selected_partition_boundary_reference,1,27,0,0.0170742464,True,False,0.0170742464,0.0170742464,1.0,0.0,False,5,27,0.09918082394869998,85.53284605895169,85.63202688290039,"[{""shift"":0,""intensity"":0.0170742464,""safe"":true},{""shift"":0,""intensity"":0.0174481237,""safe"":false},{""shift"":0,""intensity"":0.0167083805,""safe"":true},{""shift"":0,""intensity"":0.0190273138,""safe"":false},{""shift"":0,""intensity"":0.016,""safe"":true}]",,,
h105-o900-d30-a100-fast,decode,a100,primary,0.9,evaluator_only,1,27,0,0.0190273138,False,True,0.0,0.0170742464,0.0,0.0170742464,False,0,27,0.08680109988199547,0.0,0.08680109988199547,[],2,0,27
h105-o900-d30-a100-fast,decode,a100,primary,0.9,compute_margin_25pct,1,27,0,0.004,True,False,0.004,0.0170742464,0.2342709544123716,0.0130742464,False,0,27,0.06639930006349459,0.0,0.06639930006349459,[],0,3,27
h105-o900-d30-a100-fast,decode,a100,primary,0.9,capacity_derating_20pct,1,27,0,0.004,True,False,0.004,0.0170742464,0.2342709544123716,0.0130742464,False,0,27,0.08680109988199547,0.0,0.08680109988199547,[],0,3,27
h105-o900-d30-a100-fast,decode,a100,primary,0.9,four_scenarios,1,27,0,0.004,True,False,0.004,0.0170742464,0.2342709544123716,0.0130742464,False,0,108,0.2964575001387857,0.0,0.2964575001387857,[],0,3,27
h105-o900-d30-a100-fast,decode,a100,primary,0.9,selected_point_reference,1,27,,,,False,0.0,0.0170742464,0.0,0.0170742464,True,1,27,0.08680109988199547,12.73938270000508,12.826183799887076,"[{""shift"":0,""intensity"":0.0190273138,""safe"":false}]",,,
h105-o900-d30-a100-fast,decode,a100,primary,0.9,selected_partition_boundary_reference,1,27,0,0.0170742464,True,False,0.0170742464,0.0170742464,1.0,0.0,False,5,27,0.08680109988199547,65.15210730000399,65.23890839988599,"[{""shift"":0,""intensity"":0.0190273138,""safe"":false},{""shift"":0,""intensity"":0.0174481237,""safe"":false},{""shift"":0,""intensity"":0.0170742464,""safe"":true},{""shift"":0,""intensity"":0.022627417,""safe"":false},{""shift"":0,""intensity"":0.0167083805,""safe"":true}]",,,
h105-o900-d30-a100-fast,relaxed_decode,a100,primary,1.0,evaluator_only,1,27,0,1.6138043855,True,False,1.6138043855,33.4855257671,0.0481940882972662,31.8717213816,False,0,27,0.4655007650726475,0.0,0.4655007650726475,[],0,7,27
h105-o900-d30-a100-fast,relaxed_decode,a100,primary,1.0,compute_margin_25pct,1,27,0,0.004,True,False,0.004,33.4855257671,0.00011945459742280816,33.4815257671,False,0,27,0.11019659991143271,0.0,0.11019659991143271,[],0,20,27
h105-o900-d30-a100-fast,relaxed_decode,a100,primary,1.0,capacity_derating_20pct,1,27,0,1.024,True,False,1.024,33.4855257671,0.03058037694023889,32.4615257671,False,0,27,0.4655007650726475,0.0,0.4655007650726475,[],0,10,27
h105-o900-d30-a100-fast,relaxed_decode,a100,primary,1.0,four_scenarios,1,27,0,0.004,True,False,0.004,33.4855257671,0.00011945459742280816,33.4815257671,False,0,108,1.0404793650377542,0.0,1.0404793650377542,[],0,20,27
h105-o900-d30-a100-fast,relaxed_decode,a100,primary,1.0,selected_point_reference,1,27,0,1.6138043855,True,False,1.6138043855,33.4855257671,0.0481940882972662,31.8717213816,False,1,27,0.4655007650726475,13.553772799961735,14.019273565034382,"[{""shift"":0,""intensity"":1.6138043855,""safe"":true}]",,,
h105-o900-d30-a100-fast,relaxed_decode,a100,primary,1.0,selected_partition_boundary_reference,1,27,0,4.096,True,False,4.096,33.4855257671,0.12232150776095556,29.3895257671,False,5,27,0.4655007650726475,92.21016513294308,92.67566589801572,"[{""shift"":0,""intensity"":1.6138043855,""safe"":true},{""shift"":0,""intensity"":1.6491421,""safe"":true},{""shift"":0,""intensity"":1.7221558585,""safe"":true},{""shift"":0,""intensity"":2.048,""safe"":true},{""shift"":0,""intensity"":4.096,""safe"":true}]",,,
h105-o900-d30-a100-fast,relaxed_decode,a100,primary,0.9,evaluator_only,1,27,0,1.7221558585,True,False,1.7221558585,33.4855257671,0.05142985869411202,31.7633699086,False,0,27,0.40020799986086786,0.0,0.40020799986086786,[],0,5,27
h105-o900-d30-a100-fast,relaxed_decode,a100,primary,0.9,compute_margin_25pct,1,27,0,0.032,True,False,0.032,33.4855257671,0.0009556367793824653,33.453525767100004,False,0,27,0.10092359984992072,0.0,0.10092359984992072,[],0,13,27
h105-o900-d30-a100-fast,relaxed_decode,a100,primary,0.9,capacity_derating_20pct,1,27,0,1.024,True,False,1.024,33.4855257671,0.03058037694023889,32.4615257671,False,0,27,0.40020799986086786,0.0,0.40020799986086786,[],0,10,27
h105-o900-d30-a100-fast,relaxed_decode,a100,primary,0.9,four_scenarios,1,27,0,0.032,True,False,0.032,33.4855257671,0.0009556367793824653,33.453525767100004,False,0,108,0.9866075998288579,0.0,0.9866075998288579,[],0,13,27
h105-o900-d30-a100-fast,relaxed_decode,a100,primary,0.9,selected_point_reference,1,27,0,1.7221558585,True,False,1.7221558585,33.4855257671,0.05142985869411202,31.7633699086,False,1,27,0.40020799986086786,11.902950099960435,12.303158099821303,"[{""shift"":0,""intensity"":1.7221558585,""safe"":true}]",,,
h105-o900-d30-a100-fast,relaxed_decode,a100,primary,0.9,selected_partition_boundary_reference,1,27,0,32.768,True,False,32.768,33.4855257671,0.9785720620876445,0.7175257670999997,False,5,27,0.40020799986086786,166.15797501592897,166.55818301578984,"[{""shift"":0,""intensity"":1.7221558585,""safe"":true},{""shift"":0,""intensity"":2.048,""safe"":true},{""shift"":0,""intensity"":4.096,""safe"":true},{""shift"":0,""intensity"":16.384,""safe"":true},{""shift"":0,""intensity"":32.768,""safe"":true}]",,,
h106-o1100-d120-heterogeneous-slow,decode,heterogeneous,primary,1.0,evaluator_only,5,50,1,0.0083541903,True,False,0.0083541903,0.0083541903,1.0,0.0,False,0,250,1.1589943321887404,0.0,1.1589943321887404,[],0,0,250
h106-o1100-d120-heterogeneous-slow,decode,heterogeneous,primary,1.0,compute_margin_25pct,5,50,,,,False,0.0,0.0083541903,0.0,0.0083541903,True,0,250,0.4808591002947651,0.0,0.4808591002947651,[],0,13,250
h106-o1100-d120-heterogeneous-slow,decode,heterogeneous,primary,1.0,capacity_derating_20pct,5,50,1,0.004,True,False,0.004,0.0083541903,0.47880163802349585,0.0043541903,False,0,250,1.1589943321887404,0.0,1.1589943321887404,[],0,5,250
h106-o1100-d120-heterogeneous-slow,decode,heterogeneous,primary,1.0,four_scenarios,5,50,,,,False,0.0,0.0083541903,0.0,0.0083541903,True,0,1000,2.9879583325819112,0.0,2.9879583325819112,[],0,13,250
h106-o1100-d120-heterogeneous-slow,decode,heterogeneous,primary,1.0,selected_point_reference,5,50,1,0.0083541903,True,False,0.0083541903,0.0083541903,1.0,0.0,False,1,250,1.1589943321887404,39.394057299999986,40.553051632188726,"[{""shift"":1,""intensity"":0.0083541903,""safe"":true}]",,,
h106-o1100-d120-heterogeneous-slow,decode,heterogeneous,primary,1.0,selected_partition_boundary_reference,5,50,1,0.0083541903,True,False,0.0083541903,0.0083541903,1.0,0.0,False,5,250,1.1589943321887404,195.38739450002322,196.54638883221196,"[{""shift"":1,""intensity"":0.0083541903,""safe"":true},{""shift"":1,""intensity"":0.0085371232,""safe"":false},{""shift"":1,""intensity"":0.0081751772,""safe"":true},{""shift"":1,""intensity"":0.0087240619,""safe"":false},{""shift"":1,""intensity"":0.008,""safe"":true}]",,,
h106-o1100-d120-heterogeneous-slow,decode,heterogeneous,primary,0.9,evaluator_only,5,50,0,0.0095136569,False,True,0.0,0.0083541903,0.0,0.0083541903,False,0,250,1.5924929003231227,0.0,1.5924929003231227,[],35,0,250
h106-o1100-d120-heterogeneous-slow,decode,heterogeneous,primary,0.9,compute_margin_25pct,5,50,,,,False,0.0,0.0083541903,0.0,0.0083541903,True,0,250,0.6957445003208704,0.0,0.6957445003208704,[],0,13,250
h106-o1100-d120-heterogeneous-slow,decode,heterogeneous,primary,0.9,capacity_derating_20pct,5,50,0,0.004,False,True,0.0,0.0083541903,0.0,0.0083541903,False,0,250,1.5924929003231227,0.0,1.5924929003231227,[],12,5,250
h106-o1100-d120-heterogeneous-slow,decode,heterogeneous,primary,0.9,four_scenarios,5,50,,,,False,0.0,0.0083541903,0.0,0.0083541903,True,0,1000,4.191315000702161,0.0,4.191315000702161,[],0,13,250
h106-o1100-d120-heterogeneous-slow,decode,heterogeneous,primary,0.9,selected_point_reference,5,50,,,,False,0.0,0.0083541903,0.0,0.0083541903,True,1,250,1.5924929003231227,40.56783309997991,42.16032600030303,"[{""shift"":0,""intensity"":0.0095136569,""safe"":false}]",,,
h106-o1100-d120-heterogeneous-slow,decode,heterogeneous,primary,0.9,selected_partition_boundary_reference,5,50,,,,False,0.0,0.0083541903,0.0,0.0083541903,True,5,250,1.5924929003231227,197.57816859998275,199.17066150030587,"[{""shift"":0,""intensity"":0.0095136569,""safe"":false},{""shift"":0,""intensity"":0.0087240619,""safe"":false},{""shift"":0,""intensity"":0.0085371232,""safe"":false},{""shift"":0,""intensity"":0.0083541903,""safe"":false},{""shift"":0,""intensity"":0.0081751772,""safe"":false}]",,,
h106-o1100-d120-heterogeneous-slow,prefill,heterogeneous,primary,1.0,evaluator_only,5,50,1,0.2297227616,False,True,0.0,5.5470307203,0.0,5.5470307203,False,0,250,9.071250241715461,0.0,9.071250241715461,[],8,20,250
h106-o1100-d120-heterogeneous-slow,prefill,heterogeneous,primary,1.0,compute_margin_25pct,5,50,,,,False,0.0,5.5470307203,0.0,5.5470307203,True,0,250,6.123106399609242,0.0,6.123106399609242,[],0,58,250
h106-o1100-d120-heterogeneous-slow,prefill,heterogeneous,primary,1.0,capacity_derating_20pct,5,50,1,0.181019336,False,True,0.0,5.5470307203,0.0,5.5470307203,False,0,250,9.071250241715461,0.0,9.071250241715461,[],2,22,250
h106-o1100-d120-heterogeneous-slow,prefill,heterogeneous,primary,1.0,four_scenarios,5,50,,,,False,0.0,5.5470307203,0.0,5.5470307203,True,0,1000,28.017174440610688,0.0,28.017174440610688,[],0,58,250
h106-o1100-d120-heterogeneous-slow,prefill,heterogeneous,primary,1.0,selected_point_reference,5,50,,,,False,0.0,5.5470307203,0.0,5.5470307203,True,1,250,9.071250241715461,35.960916200012434,45.032166441727895,"[{""shift"":1,""intensity"":0.2297227616,""safe"":false}]",,,
h106-o1100-d120-heterogeneous-slow,prefill,heterogeneous,primary,1.0,selected_partition_boundary_reference,5,50,,,,False,0.0,5.5470307203,0.0,5.5470307203,True,5,250,9.071250241715461,186.38995989999967,195.46121014171513,"[{""shift"":1,""intensity"":0.2297227616,""safe"":false},{""shift"":1,""intensity"":0.2248002765,""safe"":false},{""shift"":1,""intensity"":0.2199832701,""safe"":false},{""shift"":1,""intensity"":0.2152694823,""safe"":false},{""shift"":1,""intensity"":0.181019336,""safe"":false}]",,,
h106-o1100-d120-heterogeneous-slow,prefill,heterogeneous,primary,0.9,evaluator_only,5,50,0,2.048,False,True,0.0,5.5470307203,0.0,5.5470307203,False,0,250,25.734454800433014,0.0,25.734454800433014,[],140,8,250
h106-o1100-d120-heterogeneous-slow,prefill,heterogeneous,primary,0.9,compute_margin_25pct,5,50,,,,False,0.0,5.5470307203,0.0,5.5470307203,True,0,250,5.446631699684076,0.0,5.446631699684076,[],0,58,250
h106-o1100-d120-heterogeneous-slow,prefill,heterogeneous,primary,0.9,capacity_derating_20pct,5,50,0,1.5792238853,False,True,0.0,5.5470307203,0.0,5.5470307203,False,0,250,25.734454800433014,0.0,25.734454800433014,[],126,14,250
h106-o1100-d120-heterogeneous-slow,prefill,heterogeneous,primary,0.9,four_scenarios,5,50,,,,False,0.0,5.5470307203,0.0,5.5470307203,True,0,1000,65.18499429977965,0.0,65.18499429977965,[],0,58,250
h106-o1100-d120-heterogeneous-slow,prefill,heterogeneous,primary,0.9,selected_point_reference,5,50,,,,False,0.0,5.5470307203,0.0,5.5470307203,True,1,250,25.734454800433014,24.566283399995882,50.300738200428896,"[{""shift"":0,""intensity"":2.048,""safe"":false}]",,,
h106-o1100-d120-heterogeneous-slow,prefill,heterogeneous,primary,0.9,selected_partition_boundary_reference,5,50,,,,False,0.0,5.5470307203,0.0,5.5470307203,True,5,250,25.734454800433014,115.99271049996605,141.72716530039907,"[{""shift"":0,""intensity"":2.048,""safe"":false},{""shift"":0,""intensity"":1.7221558585,""safe"":false},{""shift"":0,""intensity"":1.6852536097,""safe"":false},{""shift"":0,""intensity"":1.6491421,""safe"":false},{""shift"":0,""intensity"":1.5792238853,""safe"":false}]",,,
h106-o1100-d120-a100-slow,decode,a100,primary,1.0,evaluator_only,1,11,,,,False,0.0,0.0,,,True,0,11,0.06272850011009723,0.0,0.06272850011009723,[],0,0,11
h106-o1100-d120-a100-slow,decode,a100,primary,1.0,compute_margin_25pct,1,11,,,,False,0.0,0.0,,,True,0,11,0.07566289993701503,0.0,0.07566289993701503,[],0,0,11
h106-o1100-d120-a100-slow,decode,a100,primary,1.0,capacity_derating_20pct,1,11,,,,False,0.0,0.0,,,True,0,11,0.06272850011009723,0.0,0.06272850011009723,[],0,0,11
h106-o1100-d120-a100-slow,decode,a100,primary,1.0,four_scenarios,1,11,,,,False,0.0,0.0,,,True,0,44,0.28873909992398694,0.0,0.28873909992398694,[],0,0,11
h106-o1100-d120-a100-slow,decode,a100,primary,1.0,selected_point_reference,1,11,,,,False,0.0,0.0,,,True,0,11,0.06272850011009723,0.0,0.06272850011009723,[],,,
h106-o1100-d120-a100-slow,decode,a100,primary,1.0,selected_partition_boundary_reference,1,11,,,,False,0.0,0.0,,,True,0,11,0.06272850011009723,0.0,0.06272850011009723,[],,,
h106-o1100-d120-a100-slow,decode,a100,primary,0.9,evaluator_only,1,11,0,0.016,False,True,0.0,0.0,,,False,0,11,0.19331589998910204,0.0,0.19331589998910204,[],5,0,11
h106-o1100-d120-a100-slow,decode,a100,primary,0.9,compute_margin_25pct,1,11,,,,False,0.0,0.0,,,True,0,11,0.06603600003290921,0.0,0.06603600003290921,[],0,0,11
h106-o1100-d120-a100-slow,decode,a100,primary,0.9,capacity_derating_20pct,1,11,0,0.004,False,True,0.0,0.0,,,False,0,11,0.19331589998910204,0.0,0.19331589998910204,[],4,0,11
h106-o1100-d120-a100-slow,decode,a100,primary,0.9,four_scenarios,1,11,,,,False,0.0,0.0,,,True,0,44,0.47506200009956956,0.0,0.47506200009956956,[],0,0,11
h106-o1100-d120-a100-slow,decode,a100,primary,0.9,selected_point_reference,1,11,,,,False,0.0,0.0,,,True,1,11,0.19331589998910204,37.641822699981276,37.83513859997038,"[{""shift"":0,""intensity"":0.016,""safe"":false}]",,,
h106-o1100-d120-a100-slow,decode,a100,primary,0.9,selected_partition_boundary_reference,1,11,,,,False,0.0,0.0,,,True,5,11,0.19331589998910204,196.60071839997545,196.79403429996455,"[{""shift"":0,""intensity"":0.016,""safe"":false},{""shift"":0,""intensity"":0.004,""safe"":false},{""shift"":0,""intensity"":0.001,""safe"":false},{""shift"":0,""intensity"":0.00025,""safe"":false},{""shift"":0,""intensity"":6.25e-05,""safe"":false}]",,,
h106-o1100-d120-a100-slow,relaxed_decode,a100,primary,1.0,evaluator_only,1,11,,,,False,0.0,0.0,,,True,0,11,0.15048009995371103,0.0,0.15048009995371103,[],0,0,11
h106-o1100-d120-a100-slow,relaxed_decode,a100,primary,1.0,compute_margin_25pct,1,11,,,,False,0.0,0.0,,,True,0,11,0.07536259992048144,0.0,0.07536259992048144,[],0,0,11
h106-o1100-d120-a100-slow,relaxed_decode,a100,primary,1.0,capacity_derating_20pct,1,11,,,,False,0.0,0.0,,,True,0,11,0.15048009995371103,0.0,0.15048009995371103,[],0,0,11
h106-o1100-d120-a100-slow,relaxed_decode,a100,primary,1.0,four_scenarios,1,11,,,,False,0.0,0.0,,,True,0,44,0.4997261000680737,0.0,0.4997261000680737,[],0,0,11
h106-o1100-d120-a100-slow,relaxed_decode,a100,primary,1.0,selected_point_reference,1,11,,,,False,0.0,0.0,,,True,0,11,0.15048009995371103,0.0,0.15048009995371103,[],,,
h106-o1100-d120-a100-slow,relaxed_decode,a100,primary,1.0,selected_partition_boundary_reference,1,11,,,,False,0.0,0.0,,,True,0,11,0.15048009995371103,0.0,0.15048009995371103,[],,,
h106-o1100-d120-a100-slow,relaxed_decode,a100,primary,0.9,evaluator_only,1,11,0,0.064,False,True,0.0,0.0,,,False,0,11,0.30876430007629097,0.0,0.30876430007629097,[],6,0,11
h106-o1100-d120-a100-slow,relaxed_decode,a100,primary,0.9,compute_margin_25pct,1,11,,,,False,0.0,0.0,,,True,0,11,0.176876200013794,0.0,0.176876200013794,[],0,0,11
h106-o1100-d120-a100-slow,relaxed_decode,a100,primary,0.9,capacity_derating_20pct,1,11,0,0.016,False,True,0.0,0.0,,,False,0,11,0.30876430007629097,0.0,0.30876430007629097,[],5,0,11
h106-o1100-d120-a100-slow,relaxed_decode,a100,primary,0.9,four_scenarios,1,11,,,,False,0.0,0.0,,,True,0,44,0.9290825999923982,0.0,0.9290825999923982,[],0,0,11
h106-o1100-d120-a100-slow,relaxed_decode,a100,primary,0.9,selected_point_reference,1,11,,,,False,0.0,0.0,,,True,1,11,0.30876430007629097,38.36710859998129,38.675872900057584,"[{""shift"":0,""intensity"":0.064,""safe"":false}]",,,
h106-o1100-d120-a100-slow,relaxed_decode,a100,primary,0.9,selected_partition_boundary_reference,1,11,,,,False,0.0,0.0,,,True,5,11,0.30876430007629097,189.72225359996082,190.0310179000371,"[{""shift"":0,""intensity"":0.064,""safe"":false},{""shift"":0,""intensity"":0.016,""safe"":false},{""shift"":0,""intensity"":0.004,""safe"":false},{""shift"":0,""intensity"":0.001,""safe"":false},{""shift"":0,""intensity"":0.00025,""safe"":false}]",,,
